{
  "confidential": {
  "value": false
  }, 
  "name": "NOVAMAG_theory_ICCRAM_Fe4Si2_#164_1N",
  "properties": {
    "approach": {
      "value": "theory"
    },
    "summary": {
      "value": "crystal, energy, magnetization, MAE"
    },
    "chemistry": {
      "chemical formula": {
        "value": "Fe4Si2"
      },
      "production info": {
        "value": "initial POSCAR from NOVAMAG library http://crono.ubu.es/novamag/show_item_features?mafid=556"
      }
    },
    "crystal": {
      "compound space group": {
        "value": 164
      },
      "unit cell volume": {
        "value": 64.439387
      },
      "lattice parameters": {
        "value": [
          3.92412,
          3.92412,
          4.83210
        ]
      },
      "lattice angles": {
        "value": [
          90.00000,
          90.00000,
          120.00000
        ]
      },
      "atomic positions": {
        "value": [
"Fe1(2d)",
0.33333,
0.66667,
0.67810,
"Fe2(1a)",
0.00000,
0.00000,
0.00000,
"Fe3(1b)",
0.00000,
0.00000,
0.50000,
"Si1(2d)",
0.33333,
0.66667,
0.18036
]
      },
      "crystal info": {
        "value": "software VASP (vasp.5.4.4), k-points mesh 18x18x12, Ecut-off=401.823 eV, PAW_PBE, Fe:PAW_PBE:06Sep2000, Si:PAW_PBE:05Jan2001, Pressure=0.0 kbar, temperature=0K"
      }
    },
    "thermodynamics": {
      "unit cell energy": {
        "value": -46.09984305
      },
      "unit cell formation enthalpy": {
        "value": -2.301322
      },
      "energy info": {
        "value": "software VASP (vasp.5.4.4), k-points mesh 18x18x12, Ecut-off=401.823 eV, PAW_PBE, Fe:PAW_PBE:06Sep2000, Si:PAW_PBE:05Jan2001, Pressure=0.0 kbar, temperature=0K"
      },
      "interatomic potentials info": {
        "value": null
      },
      "magnetic free energy": {
        "value": null
      },
      "magnetic free energy info": {
        "value": null
      }
    },
    "magnetics": {
      "unit cell spin polarization": {
        "value": 4.036
      },
      "atomic spin specie": {
        "value": [
"1 Fe",
0.701,
"2 Fe",
0.701,
"3 Fe",
0.102,
"4 Fe",
2.575,
"5 Si",
-0.021,
"6 Si",
-0.021
]
      },
      "saturation magnetization": {
        "value": 0.730
      },
      "magnetization temperature": {
        "value": 0
      },
      "magnetization info": {
        "value": "software VASP (vasp.5.4.4), k-points mesh 18x18x12, Ecut-off=401.823 eV, PAW_PBE, Fe:PAW_PBE:06Sep2000, Si:PAW_PBE:05Jan2001, Pressure=0.0 kbar, temperature=0K"
      },
      "magnetocrystalline anisotropy energy": {
        "value": [
0.0000000000000000,0,1.0000000000000000,-46.12305802,0.2588190451025207,0,0.9659258262890683,-46.12307269,0.5000000000000000,0,0.8660254037844386,-46.12311283,0.7071067811865476,0,0.7071067811865476,-46.12316756,0.8660254037844386,0,0.5000000000000000,-46.12322224,1.0000000000000000,0,0.0000000000000000,-46.12327713]
      },
      "anisotropy energy type": {
        "value": "uniaxial"
      },
      "magnetocrystalline anisotropy constants": {
        "value": [
-0.545,0.000]
      },
      "kind of anisotropy": {
        "value": "easy plane"
      },
      "anisotropy info": {
        "value": "software VASP (vasp.5.4.4) with spin-orbit coupling, k-points mesh 18x18x12, Ecut-off=401.823 eV, PAW_PBE, Fe:PAW_PBE:06Sep2000, Si:PAW_PBE:05Jan2001, Pressure=0.0 kbar, temperature=0K"
      },
      "exchange integrals": {
        "value": null
      },
      "exchange info": {
        "value": null
      },
      "magnetic order": {
        "value": null
      },
      "curie temperature": {
        "value": null
      },
      "curie temperature info": {
        "value": null
      },
      "anisotropy field": {
        "value": null
      },
      "remanence": {
        "value": null
      },
      "coercivity": {
        "value": null
      },
      "energy product": {
        "value": null
      },
      "hysteresis info": {
        "value": null
      },
      "domain wall width": {
        "value": null
      },
      "domain wall info": {
        "value": null
      },
      "exchange stiffness": {
        "value": null
      },
      "exchange stiffness info": {
        "value": null
      }
    },
    "additional information": {
      "authors": {
        "value": ["ICCRAM"]
      },
      "reference": {
        "value": null
      },
      "comments": {
        "value": null
      },
      "attached files": {
        "value": [
"Fe4Si2_#164_1N.cif",
"CONTCAR_Fe4Si2_#164_1N",
"Fe4Si2_#164_1N.png"
]
      },
      "attached files info": {
        "value": null
      }
    }
  }
}
