{
  "confidential": {
  "value": false
  }, 
  "name": "NOVAMAG_theory_ICCRAM_Fe10Si6_#193_1A",
  "properties": {
    "approach": {
      "value": "theory"
    },
    "summary": {
      "value": "crystal, energy, magnetization, MAE"
    },
    "chemistry": {
      "chemical formula": {
        "value": "Fe10Si6"
      },
      "production info": {
        "value": "initial POSCAR from AFLOW library http://aflow.org/material.php?id=Fe_pvSi/193"
      }
    },
    "crystal": {
      "compound space group": {
        "value": 193
      },
      "unit cell volume": {
        "value": 181.542693
      },
      "lattice parameters": {
        "value": [
          6.69581,
          6.69581,
          4.67564
        ]
      },
      "lattice angles": {
        "value": [
          90.00000,
          90.00000,
          120.00000
        ]
      },
      "atomic positions": {
        "value": [
"Fe1(4d)",
0.33333,
0.66667,
0.00000,
"Fe2(6g)",
0.23896,
0.00000,
0.25000,
"Si1(6g)",
0.60481,
0.00000,
0.25000
]
      },
      "crystal info": {
        "value": "software VASP (vasp.5.4.4), k-points mesh 10x10x13, Ecut-off=401.823 eV, PAW_PBE, Fe:PAW_PBE:06Sep2000, Si:PAW_PBE:05Jan2001, Pressure=0.0 kbar, temperature=0K"
      }
    },
    "thermodynamics": {
      "unit cell energy": {
        "value": -121.07172210
      },
      "unit cell formation enthalpy": {
        "value": -6.150541
      },
      "energy info": {
        "value": "software VASP (vasp.5.4.4), k-points mesh 10x10x13, Ecut-off=401.823 eV, PAW_PBE, Fe:PAW_PBE:06Sep2000, Si:PAW_PBE:05Jan2001, Pressure=0.0 kbar, temperature=0K"
      },
      "interatomic potentials info": {
        "value": null
      },
      "magnetic free energy": {
        "value": null
      },
      "magnetic free energy info": {
        "value": null
      }
    },
    "magnetics": {
      "unit cell spin polarization": {
        "value": 15.572
      },
      "atomic spin specie": {
        "value": [
"1 Fe",
1.293,
"2 Fe",
1.293,
"3 Fe",
1.294,
"4 Fe",
1.294,
"5 Fe",
1.805,
"6 Fe",
1.805,
"7 Fe",
1.805,
"8 Fe",
1.805,
"9 Fe",
1.805,
"10 Fe",
1.805,
"11 Si",
-0.072,
"12 Si",
-0.072,
"13 Si",
-0.072,
"14 Si",
-0.072,
"15 Si",
-0.072,
"16 Si",
-0.072
]
      },
      "saturation magnetization": {
        "value": 0.999
      },
      "magnetization temperature": {
        "value": 0
      },
      "magnetization info": {
        "value": "software VASP (vasp.5.4.4), k-points mesh 10x10x13, Ecut-off=401.823 eV, PAW_PBE, Fe:PAW_PBE:06Sep2000, Si:PAW_PBE:05Jan2001, Pressure=0.0 kbar, temperature=0K"
      },
      "magnetocrystalline anisotropy energy": {
        "value": [
0.0000000000000000,0,1.0000000000000000,-121.12968248,0.2588190451025207,0,0.9659258262890683,-121.12984665,0.5000000000000000,0,0.8660254037844386,-121.13029406,0.7071067811865476,0,0.7071067811865476,-121.13090548,0.8660254037844386,0,0.5000000000000000,-121.13151625,1.0000000000000000,0,0.0000000000000000,-121.13214468]
      },
      "anisotropy energy type": {
        "value": "uniaxial"
      },
      "magnetocrystalline anisotropy constants": {
        "value": [
-2.143,-0.027]
      },
      "kind of anisotropy": {
        "value": "easy plane"
      },
      "anisotropy info": {
        "value": "software VASP (vasp.5.4.4) with spin-orbit coupling, k-points mesh 10x10x13, Ecut-off=401.823 eV, PAW_PBE, Fe:PAW_PBE:06Sep2000, Si:PAW_PBE:05Jan2001, Pressure=0.0 kbar, temperature=0K"
      },
      "exchange integrals": {
        "value": null
      },
      "exchange info": {
        "value": null
      },
      "magnetic order": {
        "value": null
      },
      "curie temperature": {
        "value": null
      },
      "curie temperature info": {
        "value": null
      },
      "anisotropy field": {
        "value": null
      },
      "remanence": {
        "value": null
      },
      "coercivity": {
        "value": null
      },
      "energy product": {
        "value": null
      },
      "hysteresis info": {
        "value": null
      },
      "domain wall width": {
        "value": null
      },
      "domain wall info": {
        "value": null
      },
      "exchange stiffness": {
        "value": null
      },
      "exchange stiffness info": {
        "value": null
      }
    },
    "additional information": {
      "authors": {
        "value": ["ICCRAM"]
      },
      "reference": {
        "value": "S. Curtarolo et al. Computational Materials Science 58 (2012) 218-226"
      },
      "comments": {
        "value": null
      },
      "attached files": {
        "value": [
"Fe10Si6_#193_1A.cif",
"CONTCAR_Fe10Si6_#193_1A",
"Fe10Si6_#193_1A.png"
]
      },
      "attached files info": {
        "value": null
      }
    }
  }
}
