{
  "confidential": {
  "value": false
  }, 
  "name": "NOVAMAG_theory_ICCRAM_Fe12Si4_#139_1A",
  "properties": {
    "approach": {
      "value": "theory"
    },
    "summary": {
      "value": "crystal, energy, magnetization, MAE, coercivity, energy product"
    },
    "chemistry": {
      "chemical formula": {
        "value": "Fe12Si4"
      },
      "production info": {
        "value": "initial POSCAR from AFLOW library http://aflow.org/material.php?id=Fe_pvSi/279"
      }
    },
    "crystal": {
      "compound space group": {
        "value": 139
      },
      "unit cell volume": {
        "value": 183.281122
      },
      "lattice parameters": {
        "value": [
          3.56507,
          3.56507,
          14.42056
        ]
      },
      "lattice angles": {
        "value": [
          90.00000,
          90.00000,
          90.00000
        ]
      },
      "atomic positions": {
        "value": [
"Fe1(4c)",
0.00000,
0.50000,
0.00000,
"Fe2(4d)",
0.00000,
0.50000,
0.25000,
"Fe3(4e)",
0.00000,
0.00000,
0.12250,
"Si1(4e)",
0.00000,
0.00000,
0.37113
]
      },
      "crystal info": {
        "value": "software VASP (vasp.5.4.4), k-points mesh 17x17x4, Ecut-off=401.823 eV, PAW_PBE, Fe:PAW_PBE:06Sep2000, Si:PAW_PBE:05Jan2001, Pressure=0.0 kbar, temperature=0K"
      }
    },
    "thermodynamics": {
      "unit cell energy": {
        "value": -124.49202740
      },
      "unit cell formation enthalpy": {
        "value": -3.946220
      },
      "energy info": {
        "value": "software VASP (vasp.5.4.4), k-points mesh 17x17x4, Ecut-off=401.823 eV, PAW_PBE, Fe:PAW_PBE:06Sep2000, Si:PAW_PBE:05Jan2001, Pressure=0.0 kbar, temperature=0K"
      },
      "interatomic potentials info": {
        "value": null
      },
      "magnetic free energy": {
        "value": null
      },
      "magnetic free energy info": {
        "value": null
      }
    },
    "magnetics": {
      "unit cell spin polarization": {
        "value": 26.014
      },
      "atomic spin specie": {
        "value": [
"1 Fe",
2.278,
"2 Fe",
2.278,
"3 Fe",
2.279,
"4 Fe",
2.279,
"5 Fe",
2.056,
"6 Fe",
2.056,
"7 Fe",
2.056,
"8 Fe",
2.056,
"9 Fe",
2.269,
"10 Fe",
2.269,
"11 Fe",
2.269,
"12 Fe",
2.270,
"13 Si",
-0.101,
"14 Si",
-0.101,
"15 Si",
-0.100,
"16 Si",
-0.100
]
      },
      "saturation magnetization": {
        "value": 1.653
      },
      "magnetization temperature": {
        "value": 0
      },
      "magnetization info": {
        "value": "software VASP (vasp.5.4.4), k-points mesh 17x17x4, Ecut-off=401.823 eV, PAW_PBE, Fe:PAW_PBE:06Sep2000, Si:PAW_PBE:05Jan2001, Pressure=0.0 kbar, temperature=0K"
      },
      "magnetocrystalline anisotropy energy": {
        "value": [
0.0000000000000000,0,1.0000000000000000,-124.57027859,0.2588190451025207,0,0.9659258262890683,-124.57010795,0.5000000000000000,0,0.8660254037844386,-124.56964541,0.7071067811865476,0,0.7071067811865476,-124.56901536,0.8660254037844386,0,0.5000000000000000,-124.56838791,1.0000000000000000,0,0.0000000000000000,-124.56776624]
      },
      "anisotropy energy type": {
        "value": "uniaxial"
      },
      "magnetocrystalline anisotropy constants": {
        "value": [
2.222,-0.025]
      },
      "kind of anisotropy": {
        "value": "easy axis"
      },
      "anisotropy info": {
        "value": "software VASP (vasp.5.4.4) with spin-orbit coupling, k-points mesh 17x17x4, Ecut-off=401.823 eV, PAW_PBE, Fe:PAW_PBE:06Sep2000, Si:PAW_PBE:05Jan2001, Pressure=0.0 kbar, temperature=0K"
      },
      "exchange integrals": {
        "value": null
      },
      "exchange info": {
        "value": null
      },
      "magnetic order": {
        "value": null
      },
      "curie temperature": {
        "value": null
      },
      "curie temperature info": {
        "value": null
      },
      "anisotropy field": {
        "value": 3.302
      },
      "remanence": {
        "value": 1.653
      },
      "coercivity": {
        "value": 3.302
      },
      "energy product": {
        "value": 543.596
      },
      "hysteresis info": {
        "value": "Stoner-Wohlfarth model without shape anisotropy, perfectly rectangular hysteresis loop, temperature = 0 K. Remanence equals to saturation magnetization (Ms). Anisotropy field: mu_0*Hk=(2*K_1+4*K_2)/Ms, where mu_0 is the vacuum permeability. Coercivity: Hc=Hk. Maximum energy product (upper limit)=(1/4)*mu_0*Ms^2, note this value can only be reached if the demagnetization factor is D=0.5 and Hc>0.5*Ms."
      },
      "domain wall width": {
        "value": null
      },
      "domain wall info": {
        "value": null
      },
      "exchange stiffness": {
        "value": null
      },
      "exchange stiffness info": {
        "value": null
      }
    },
    "additional information": {
      "authors": {
        "value": ["ICCRAM"]
      },
      "reference": {
        "value": "S. Curtarolo et al. Computational Materials Science 58 (2012) 218-226"
      },
      "comments": {
        "value": "Hardness parameter=1.011"
      },
      "attached files": {
        "value": [
"Fe12Si4_#139_1A.cif",
"CONTCAR_Fe12Si4_#139_1A",
"Fe12Si4_#139_1A.png"
]
      },
      "attached files info": {
        "value": null
      }
    }
  }
}
