{
  "confidential": {
  "value": false
  }, 
  "name": "NOVAMAG_theory_ICCRAM_Fe16Si2_#139_1A",
  "properties": {
    "approach": {
      "value": "theory"
    },
    "summary": {
      "value": "crystal, energy, magnetization, MAE, coercivity, energy product"
    },
    "chemistry": {
      "chemical formula": {
        "value": "Fe16Si2"
      },
      "production info": {
        "value": "initial POSCAR from AFLOW library http://aflow.org/material.php?id=Fe_pvSi/311"
      }
    },
    "crystal": {
      "compound space group": {
        "value": 139
      },
      "unit cell volume": {
        "value": 207.634463
      },
      "lattice parameters": {
        "value": [
          7.29917,
          7.29917,
          3.89720
        ]
      },
      "lattice angles": {
        "value": [
          90.00000,
          90.00000,
          90.00000
        ]
      },
      "atomic positions": {
        "value": [
"Fe1(8h)",
0.66356,
0.66356,
0.00000,
"Fe2(8i)",
0.33021,
0.00000,
0.00000,
"Si1(2a)",
0.00000,
0.00000,
0.00000
]
      },
      "crystal info": {
        "value": "software VASP (vasp.5.4.4), k-points mesh 8x8x15, Ecut-off=401.823 eV, PAW_PBE, Fe:PAW_PBE:06Sep2000, Si:PAW_PBE:05Jan2001, Pressure=0.0 kbar, temperature=0K"
      }
    },
    "thermodynamics": {
      "unit cell energy": {
        "value": -143.59075641
      },
      "unit cell formation enthalpy": {
        "value": -0.945940
      },
      "energy info": {
        "value": "software VASP (vasp.5.4.4), k-points mesh 8x8x15, Ecut-off=401.823 eV, PAW_PBE, Fe:PAW_PBE:06Sep2000, Si:PAW_PBE:05Jan2001, Pressure=0.0 kbar, temperature=0K"
      },
      "interatomic potentials info": {
        "value": null
      },
      "magnetic free energy": {
        "value": null
      },
      "magnetic free energy info": {
        "value": null
      }
    },
    "magnetics": {
      "unit cell spin polarization": {
        "value": 36.131
      },
      "atomic spin specie": {
        "value": [
"1 Fe",
2.260,
"2 Fe",
2.259,
"3 Fe",
2.259,
"4 Fe",
2.260,
"5 Fe",
2.262,
"6 Fe",
2.262,
"7 Fe",
2.262,
"8 Fe",
2.262,
"9 Fe",
2.281,
"10 Fe",
2.281,
"11 Fe",
2.281,
"12 Fe",
2.281,
"13 Fe",
2.282,
"14 Fe",
2.282,
"15 Fe",
2.282,
"16 Fe",
2.282,
"17 Si",
-0.103,
"18 Si",
-0.103
]
      },
      "saturation magnetization": {
        "value": 2.027
      },
      "magnetization temperature": {
        "value": 0
      },
      "magnetization info": {
        "value": "software VASP (vasp.5.4.4), k-points mesh 8x8x15, Ecut-off=401.823 eV, PAW_PBE, Fe:PAW_PBE:06Sep2000, Si:PAW_PBE:05Jan2001, Pressure=0.0 kbar, temperature=0K"
      },
      "magnetocrystalline anisotropy energy": {
        "value": [
0.0000000000000000,0,1.0000000000000000,-143.69849031,0.2588190451025207,0,0.9659258262890683,-143.69846890,0.5000000000000000,0,0.8660254037844386,-143.69841233,0.7071067811865476,0,0.7071067811865476,-143.69832574,0.8660254037844386,0,0.5000000000000000,-143.69823844,1.0000000000000000,0,0.0000000000000000,-143.69814072]
      },
      "anisotropy energy type": {
        "value": "uniaxial"
      },
      "magnetocrystalline anisotropy constants": {
        "value": [
0.234,0.035]
      },
      "kind of anisotropy": {
        "value": "easy axis"
      },
      "anisotropy info": {
        "value": "software VASP (vasp.5.4.4) with spin-orbit coupling, k-points mesh 8x8x15, Ecut-off=401.823 eV, PAW_PBE, Fe:PAW_PBE:06Sep2000, Si:PAW_PBE:05Jan2001, Pressure=0.0 kbar, temperature=0K"
      },
      "exchange integrals": {
        "value": null
      },
      "exchange info": {
        "value": null
      },
      "magnetic order": {
        "value": null
      },
      "curie temperature": {
        "value": null
      },
      "curie temperature info": {
        "value": null
      },
      "anisotropy field": {
        "value": 0.377
      },
      "remanence": {
        "value": 2.027
      },
      "coercivity": {
        "value": 0.377
      },
      "energy product": {
        "value": 817.406
      },
      "hysteresis info": {
        "value": "Stoner-Wohlfarth model without shape anisotropy, perfectly rectangular hysteresis loop, temperature = 0 K. Remanence equals to saturation magnetization (Ms). Anisotropy field: mu_0*Hk=(2*K_1+4*K_2)/Ms, where mu_0 is the vacuum permeability. Coercivity: Hc=Hk. Maximum energy product (upper limit)=(1/4)*mu_0*Ms^2, note this value can only be reached if the demagnetization factor is D=0.5 and Hc>0.5*Ms."
      },
      "domain wall width": {
        "value": null
      },
      "domain wall info": {
        "value": null
      },
      "exchange stiffness": {
        "value": null
      },
      "exchange stiffness info": {
        "value": null
      }
    },
    "additional information": {
      "authors": {
        "value": ["ICCRAM"]
      },
      "reference": {
        "value": "S. Curtarolo et al. Computational Materials Science 58 (2012) 218-226"
      },
      "comments": {
        "value": "Hardness parameter=0.268"
      },
      "attached files": {
        "value": [
"Fe16Si2_#139_1A.cif",
"CONTCAR_Fe16Si2_#139_1A",
"Fe16Si2_#139_1A.png"
]
      },
      "attached files info": {
        "value": null
      }
    }
  }
}
