{
  "confidential": {
  "value": false
  }, 
  "name": "NOVAMAG_theory_ICCRAM_Fe18Si6_#194_1A",
  "properties": {
    "approach": {
      "value": "theory"
    },
    "summary": {
      "value": "crystal, energy, magnetization, MAE, coercivity, energy product"
    },
    "chemistry": {
      "chemical formula": {
        "value": "Fe18Si6"
      },
      "production info": {
        "value": "initial POSCAR from AFLOW library http://aflow.org/material.php?id=Fe_pvSi/239"
      }
    },
    "crystal": {
      "compound space group": {
        "value": 194
      },
      "unit cell volume": {
        "value": 272.847798
      },
      "lattice parameters": {
        "value": [
          5.04051,
          5.04051,
          12.40054
        ]
      },
      "lattice angles": {
        "value": [
          90.00000,
          90.00000,
          120.00000
        ]
      },
      "atomic positions": {
        "value": [
"Fe1(6h)",
0.49880,
-0.00240,
0.25000,
"Fe2(12k)",
0.83342,
0.66685,
-0.08269,
"Si1(2b)",
0.00000,
0.00000,
0.25000,
"Si2(4f)",
0.33333,
0.66667,
-0.08517
]
      },
      "crystal info": {
        "value": "software VASP (vasp.5.4.4), k-points mesh 14x14x5, Ecut-off=401.823 eV, PAW_PBE, Fe:PAW_PBE:06Sep2000, Si:PAW_PBE:05Jan2001, Pressure=0.0 kbar, temperature=0K"
      }
    },
    "thermodynamics": {
      "unit cell energy": {
        "value": -186.89993582
      },
      "unit cell formation enthalpy": {
        "value": -6.081225
      },
      "energy info": {
        "value": "software VASP (vasp.5.4.4), k-points mesh 14x14x5, Ecut-off=401.823 eV, PAW_PBE, Fe:PAW_PBE:06Sep2000, Si:PAW_PBE:05Jan2001, Pressure=0.0 kbar, temperature=0K"
      },
      "interatomic potentials info": {
        "value": null
      },
      "magnetic free energy": {
        "value": null
      },
      "magnetic free energy info": {
        "value": null
      }
    },
    "magnetics": {
      "unit cell spin polarization": {
        "value": 37.281
      },
      "atomic spin specie": {
        "value": [
"1 Fe",
2.055,
"2 Fe",
2.055,
"3 Fe",
2.055,
"4 Fe",
2.055,
"5 Fe",
2.055,
"6 Fe",
2.055,
"7 Fe",
2.136,
"8 Fe",
2.136,
"9 Fe",
2.136,
"10 Fe",
2.136,
"11 Fe",
2.136,
"12 Fe",
2.136,
"13 Fe",
2.136,
"14 Fe",
2.136,
"15 Fe",
2.136,
"16 Fe",
2.136,
"17 Fe",
2.136,
"18 Fe",
2.136,
"19 Si",
-0.115,
"20 Si",
-0.115,
"21 Si",
-0.112,
"22 Si",
-0.112,
"23 Si",
-0.112,
"24 Si",
-0.112
]
      },
      "saturation magnetization": {
        "value": 1.592
      },
      "magnetization temperature": {
        "value": 0
      },
      "magnetization info": {
        "value": "software VASP (vasp.5.4.4), k-points mesh 14x14x5, Ecut-off=401.823 eV, PAW_PBE, Fe:PAW_PBE:06Sep2000, Si:PAW_PBE:05Jan2001, Pressure=0.0 kbar, temperature=0K"
      },
      "magnetocrystalline anisotropy energy": {
        "value": [
0.0000000000000000,0,1.0000000000000000,-187.01675078,0.2588190451025207,0,0.9659258262890683,-187.01666627,0.5000000000000000,0,0.8660254037844386,-187.01643646,0.7071067811865476,0,0.7071067811865476,-187.01613567,0.8660254037844386,0,0.5000000000000000,-187.01581598,1.0000000000000000,0,0.0000000000000000,-187.01548945]
      },
      "anisotropy energy type": {
        "value": "uniaxial"
      },
      "magnetocrystalline anisotropy constants": {
        "value": [
0.716,0.024]
      },
      "kind of anisotropy": {
        "value": "easy axis"
      },
      "anisotropy info": {
        "value": "software VASP (vasp.5.4.4) with spin-orbit coupling, k-points mesh 14x14x5, Ecut-off=401.823 eV, PAW_PBE, Fe:PAW_PBE:06Sep2000, Si:PAW_PBE:05Jan2001, Pressure=0.0 kbar, temperature=0K"
      },
      "exchange integrals": {
        "value": null
      },
      "exchange info": {
        "value": null
      },
      "magnetic order": {
        "value": null
      },
      "curie temperature": {
        "value": null
      },
      "curie temperature info": {
        "value": null
      },
      "anisotropy field": {
        "value": 1.206
      },
      "remanence": {
        "value": 1.592
      },
      "coercivity": {
        "value": 1.206
      },
      "energy product": {
        "value": 504.216
      },
      "hysteresis info": {
        "value": "Stoner-Wohlfarth model without shape anisotropy, perfectly rectangular hysteresis loop, temperature = 0 K. Remanence equals to saturation magnetization (Ms). Anisotropy field: mu_0*Hk=(2*K_1+4*K_2)/Ms, where mu_0 is the vacuum permeability. Coercivity: Hc=Hk. Maximum energy product (upper limit)=(1/4)*mu_0*Ms^2, note this value can only be reached if the demagnetization factor is D=0.5 and Hc>0.5*Ms."
      },
      "domain wall width": {
        "value": null
      },
      "domain wall info": {
        "value": null
      },
      "exchange stiffness": {
        "value": null
      },
      "exchange stiffness info": {
        "value": null
      }
    },
    "additional information": {
      "authors": {
        "value": ["ICCRAM"]
      },
      "reference": {
        "value": "S. Curtarolo et al. Computational Materials Science 58 (2012) 218-226"
      },
      "comments": {
        "value": "Hardness parameter=0.596"
      },
      "attached files": {
        "value": [
"Fe18Si6_#194_1A.cif",
"CONTCAR_Fe18Si6_#194_1A",
"Fe18Si6_#194_1A.png"
]
      },
      "attached files info": {
        "value": null
      }
    }
  }
}
