{
  "confidential": {
  "value": false
  }, 
  "name": "NOVAMAG_theory_ICCRAM_Fe18Si6_#59_1A",
  "properties": {
    "approach": {
      "value": "theory"
    },
    "summary": {
      "value": "crystal, energy, magnetization, MAE"
    },
    "chemistry": {
      "chemical formula": {
        "value": "Fe18Si6"
      },
      "production info": {
        "value": "initial POSCAR from AFLOW library http://aflow.org/material.php?id=Fe_pvSi/243"
      }
    },
    "crystal": {
      "compound space group": {
        "value": 59
      },
      "unit cell volume": {
        "value": 263.372313
      },
      "lattice parameters": {
        "value": [
          11.87880,
          5.59957,
          3.95953
        ]
      },
      "lattice angles": {
        "value": [
          90.00000,
          90.00000,
          90.00000
        ]
      },
      "atomic positions": {
        "value": [
"Fe1(8g)",
0.41667,
0.00001,
0.75008,
"Fe2(4e)",
0.25000,
0.00000,
0.25013,
"Fe3(2a)",
0.25000,
0.25000,
0.75013,
"Fe4(4f)",
-0.08333,
0.25000,
0.74992,
"Si1(2b)",
0.25000,
0.75000,
0.75013,
"Si2(4f)",
0.41667,
0.25000,
0.25009
]
      },
      "crystal info": {
        "value": "software VASP (vasp.5.4.4), k-points mesh 5x11x15, Ecut-off=401.823 eV, PAW_PBE, Fe:PAW_PBE:06Sep2000, Si:PAW_PBE:05Jan2001, Pressure=0.0 kbar, temperature=0K"
      }
    },
    "thermodynamics": {
      "unit cell energy": {
        "value": -188.63450905
      },
      "unit cell formation enthalpy": {
        "value": -7.815798
      },
      "energy info": {
        "value": "software VASP (vasp.5.4.4), k-points mesh 5x11x15, Ecut-off=401.823 eV, PAW_PBE, Fe:PAW_PBE:06Sep2000, Si:PAW_PBE:05Jan2001, Pressure=0.0 kbar, temperature=0K"
      },
      "interatomic potentials info": {
        "value": null
      },
      "magnetic free energy": {
        "value": null
      },
      "magnetic free energy info": {
        "value": null
      }
    },
    "magnetics": {
      "unit cell spin polarization": {
        "value": 30.636
      },
      "atomic spin specie": {
        "value": [
"1 Fe",
1.310,
"2 Fe",
1.310,
"3 Fe",
1.310,
"4 Fe",
1.310,
"5 Fe",
1.310,
"6 Fe",
1.310,
"7 Fe",
1.310,
"8 Fe",
1.310,
"9 Fe",
1.309,
"10 Fe",
1.309,
"11 Fe",
1.309,
"12 Fe",
1.309,
"13 Fe",
2.534,
"14 Fe",
2.534,
"15 Fe",
2.534,
"16 Fe",
2.534,
"17 Fe",
2.534,
"18 Fe",
2.534,
"19 Si",
-0.047,
"20 Si",
-0.047,
"21 Si",
-0.047,
"22 Si",
-0.047,
"23 Si",
-0.047,
"24 Si",
-0.047
]
      },
      "saturation magnetization": {
        "value": 1.355
      },
      "magnetization temperature": {
        "value": 0
      },
      "magnetization info": {
        "value": "software VASP (vasp.5.4.4), k-points mesh 5x11x15, Ecut-off=401.823 eV, PAW_PBE, Fe:PAW_PBE:06Sep2000, Si:PAW_PBE:05Jan2001, Pressure=0.0 kbar, temperature=0K"
      },
      "magnetocrystalline anisotropy energy": {
        "value": [
0.0000000000000000,0,1.0000000000000000,-188.74633880,0.2588190451025207,0,0.9659258262890683,-188.74633675,0.5000000000000000,0,0.8660254037844386,-188.74633485,0.7071067811865476,0,0.7071067811865476,-188.74633465,0.8660254037844386,0,0.5000000000000000,-188.74633392,1.0000000000000000,0,0.0000000000000000,-188.74633241]
      },
      "anisotropy energy type": {
        "value": "uniaxial"
      },
      "magnetocrystalline anisotropy constants": {
        "value": [
0.008,-0.005]
      },
      "kind of anisotropy": {
        "value": null
      },
      "anisotropy info": {
        "value": "software VASP (vasp.5.4.4) with spin-orbit coupling, k-points mesh 5x11x15, Ecut-off=401.823 eV, PAW_PBE, Fe:PAW_PBE:06Sep2000, Si:PAW_PBE:05Jan2001, Pressure=0.0 kbar, temperature=0K"
      },
      "exchange integrals": {
        "value": null
      },
      "exchange info": {
        "value": null
      },
      "magnetic order": {
        "value": null
      },
      "curie temperature": {
        "value": null
      },
      "curie temperature info": {
        "value": null
      },
      "anisotropy field": {
        "value": null
      },
      "remanence": {
        "value": null
      },
      "coercivity": {
        "value": null
      },
      "energy product": {
        "value": null
      },
      "hysteresis info": {
        "value": null
      },
      "domain wall width": {
        "value": null
      },
      "domain wall info": {
        "value": null
      },
      "exchange stiffness": {
        "value": null
      },
      "exchange stiffness info": {
        "value": null
      }
    },
    "additional information": {
      "authors": {
        "value": ["ICCRAM"]
      },
      "reference": {
        "value": "S. Curtarolo et al. Computational Materials Science 58 (2012) 218-226"
      },
      "comments": {
        "value": hard_param
      },
      "attached files": {
        "value": [
"Fe18Si6_#59_1A.cif",
"CONTCAR_Fe18Si6_#59_1A",
"Fe18Si6_#59_1A.png"
]
      },
      "attached files info": {
        "value": null
      }
    }
  }
}
