{
  "confidential": {
  "value": false
  }, 
  "name": "NOVAMAG_theory_ICCRAM_Fe6Si2_#225_1A",
  "properties": {
    "approach": {
      "value": "theory"
    },
    "summary": {
      "value": "crystal, energy, magnetization, MAE"
    },
    "chemistry": {
      "chemical formula": {
        "value": "Fe6Si2"
      },
      "production info": {
        "value": "initial POSCAR from AFLOW library http://aflow.org/material.php?id=Fe_pvSi/277"
      }
    },
    "crystal": {
      "compound space group": {
        "value": 225
      },
      "unit cell volume": {
        "value": 87.788616
      },
      "lattice parameters": {
        "value": [
          5.59959,
          5.59959,
          5.59959
        ]
      },
      "lattice angles": {
        "value": [
          90.00000,
          90.00000,
          90.00000
        ]
      },
      "atomic positions": {
        "value": [
"Fe1(4b)",
0.50000,
0.50000,
0.50000,
"Fe2(8c)",
0.25000,
0.25000,
0.25000,
"Si1(4a)",
0.00000,
0.00000,
0.00000
]
      },
      "crystal info": {
        "value": "software VASP (vasp.5.4.4), k-points mesh 15x11x15, Ecut-off=401.823 eV, PAW_PBE, Fe:PAW_PBE:06Sep2000, Si:PAW_PBE:05Jan2001, Pressure=0.0 kbar, temperature=0K"
      }
    },
    "thermodynamics": {
      "unit cell energy": {
        "value": -62.87798202
      },
      "unit cell formation enthalpy": {
        "value": -2.605078
      },
      "energy info": {
        "value": "software VASP (vasp.5.4.4), k-points mesh 15x11x15, Ecut-off=401.823 eV, PAW_PBE, Fe:PAW_PBE:06Sep2000, Si:PAW_PBE:05Jan2001, Pressure=0.0 kbar, temperature=0K"
      },
      "interatomic potentials info": {
        "value": null
      },
      "magnetic free energy": {
        "value": null
      },
      "magnetic free energy info": {
        "value": null
      }
    },
    "magnetics": {
      "unit cell spin polarization": {
        "value": 10.184
      },
      "atomic spin specie": {
        "value": [
"1 Fe",
2.532,
"2 Fe",
2.532,
"3 Fe",
1.303,
"4 Fe",
1.303,
"5 Fe",
1.303,
"6 Fe",
1.303,
"7 Si",
-0.047,
"8 Si",
-0.047
]
      },
      "saturation magnetization": {
        "value": 1.351
      },
      "magnetization temperature": {
        "value": 0
      },
      "magnetization info": {
        "value": "software VASP (vasp.5.4.4), k-points mesh 15x11x15, Ecut-off=401.823 eV, PAW_PBE, Fe:PAW_PBE:06Sep2000, Si:PAW_PBE:05Jan2001, Pressure=0.0 kbar, temperature=0K"
      },
      "magnetocrystalline anisotropy energy": {
        "value": [
0.0000000000000000,0,1.0000000000000000,-62.91509019,0.2588190451025207,0,0.9659258262890683,-62.91509232,0.5000000000000000,0,0.8660254037844386,-62.91509420,0.7071067811865476,0,0.7071067811865476,-62.91509494,0.8660254037844386,0,0.5000000000000000,-62.91509411,1.0000000000000000,0,0.0000000000000000,-62.91509003]
      },
      "anisotropy energy type": {
        "value": "uniaxial"
      },
      "magnetocrystalline anisotropy constants": {
        "value": [
-0.037,0.037]
      },
      "kind of anisotropy": {
        "value": "easy cone"
      },
      "anisotropy info": {
        "value": "software VASP (vasp.5.4.4) with spin-orbit coupling, k-points mesh 15x11x15, Ecut-off=401.823 eV, PAW_PBE, Fe:PAW_PBE:06Sep2000, Si:PAW_PBE:05Jan2001, Pressure=0.0 kbar, temperature=0K"
      },
      "exchange integrals": {
        "value": null
      },
      "exchange info": {
        "value": null
      },
      "magnetic order": {
        "value": null
      },
      "curie temperature": {
        "value": null
      },
      "curie temperature info": {
        "value": null
      },
      "anisotropy field": {
        "value": null
      },
      "remanence": {
        "value": null
      },
      "coercivity": {
        "value": null
      },
      "energy product": {
        "value": null
      },
      "hysteresis info": {
        "value": null
      },
      "domain wall width": {
        "value": null
      },
      "domain wall info": {
        "value": null
      },
      "exchange stiffness": {
        "value": null
      },
      "exchange stiffness info": {
        "value": null
      }
    },
    "additional information": {
      "authors": {
        "value": ["ICCRAM"]
      },
      "reference": {
        "value": "S. Curtarolo et al. Computational Materials Science 58 (2012) 218-226"
      },
      "comments": {
        "value": null
      },
      "attached files": {
        "value": [
"Fe6Si2_#225_1A.cif",
"CONTCAR_Fe6Si2_#225_1A",
"Fe6Si2_#225_1A.png"
]
      },
      "attached files info": {
        "value": null
      }
    }
  }
}
