{
  "confidential": {
  "value": false
  }, 
  "name": "NOVAMAG_theory_ICCRAM_Fe8Si4_#140_1A",
  "properties": {
    "approach": {
      "value": "theory"
    },
    "summary": {
      "value": "crystal, energy, magnetization, MAE, coercivity, energy product"
    },
    "chemistry": {
      "chemical formula": {
        "value": "Fe8Si4"
      },
      "production info": {
        "value": "initial POSCAR from AFLOW library http://aflow.org/material.php?id=Fe_pvSi/235"
      }
    },
    "crystal": {
      "compound space group": {
        "value": 140
      },
      "unit cell volume": {
        "value": 139.278105
      },
      "lattice parameters": {
        "value": [
          5.41053,
          5.41053,
          4.75776
        ]
      },
      "lattice angles": {
        "value": [
          90.00000,
          90.00000,
          90.00000
        ]
      },
      "atomic positions": {
        "value": [
"Fe1(8h)",
0.65590,
0.15590,
0.00000,
"Si1(4a)",
0.00000,
0.00000,
0.25000
]
      },
      "crystal info": {
        "value": "software VASP (vasp.5.4.4), k-points mesh 11x11x13, Ecut-off=401.823 eV, PAW_PBE, Fe:PAW_PBE:06Sep2000, Si:PAW_PBE:05Jan2001, Pressure=0.0 kbar, temperature=0K"
      }
    },
    "thermodynamics": {
      "unit cell energy": {
        "value": -90.42069803
      },
      "unit cell formation enthalpy": {
        "value": -2.823656
      },
      "energy info": {
        "value": "software VASP (vasp.5.4.4), k-points mesh 11x11x13, Ecut-off=401.823 eV, PAW_PBE, Fe:PAW_PBE:06Sep2000, Si:PAW_PBE:05Jan2001, Pressure=0.0 kbar, temperature=0K"
      },
      "interatomic potentials info": {
        "value": null
      },
      "magnetic free energy": {
        "value": null
      },
      "magnetic free energy info": {
        "value": null
      }
    },
    "magnetics": {
      "unit cell spin polarization": {
        "value": 15.213
      },
      "atomic spin specie": {
        "value": [
"1 Fe",
1.945,
"2 Fe",
1.945,
"3 Fe",
1.945,
"4 Fe",
1.945,
"5 Fe",
1.945,
"6 Fe",
1.945,
"7 Fe",
1.945,
"8 Fe",
1.945,
"9 Si",
-0.087,
"10 Si",
-0.087,
"11 Si",
-0.087,
"12 Si",
-0.087
]
      },
      "saturation magnetization": {
        "value": 1.272
      },
      "magnetization temperature": {
        "value": 0
      },
      "magnetization info": {
        "value": "software VASP (vasp.5.4.4), k-points mesh 11x11x13, Ecut-off=401.823 eV, PAW_PBE, Fe:PAW_PBE:06Sep2000, Si:PAW_PBE:05Jan2001, Pressure=0.0 kbar, temperature=0K"
      },
      "magnetocrystalline anisotropy energy": {
        "value": [
0.0000000000000000,0,1.0000000000000000,-90.46958231,0.2588190451025207,0,0.9659258262890683,-90.46954007,0.5000000000000000,0,0.8660254037844386,-90.46942479,0.7071067811865476,0,0.7071067811865476,-90.46926884,0.8660254037844386,0,0.5000000000000000,-90.46911214,1.0000000000000000,0,0.0000000000000000,-90.46895035]
      },
      "anisotropy energy type": {
        "value": "uniaxial"
      },
      "magnetocrystalline anisotropy constants": {
        "value": [
0.716,0.010]
      },
      "kind of anisotropy": {
        "value": "easy axis"
      },
      "anisotropy info": {
        "value": "software VASP (vasp.5.4.4) with spin-orbit coupling, k-points mesh 11x11x13, Ecut-off=401.823 eV, PAW_PBE, Fe:PAW_PBE:06Sep2000, Si:PAW_PBE:05Jan2001, Pressure=0.0 kbar, temperature=0K"
      },
      "exchange integrals": {
        "value": null
      },
      "exchange info": {
        "value": null
      },
      "magnetic order": {
        "value": null
      },
      "curie temperature": {
        "value": null
      },
      "curie temperature info": {
        "value": null
      },
      "anisotropy field": {
        "value": 1.454
      },
      "remanence": {
        "value": 1.272
      },
      "coercivity": {
        "value": 1.454
      },
      "energy product": {
        "value": 321.888
      },
      "hysteresis info": {
        "value": "Stoner-Wohlfarth model without shape anisotropy, perfectly rectangular hysteresis loop, temperature = 0 K. Remanence equals to saturation magnetization (Ms). Anisotropy field: mu_0*Hk=(2*K_1+4*K_2)/Ms, where mu_0 is the vacuum permeability. Coercivity: Hc=Hk. Maximum energy product (upper limit)=(1/4)*mu_0*Ms^2, note this value can only be reached if the demagnetization factor is D=0.5 and Hc>0.5*Ms."
      },
      "domain wall width": {
        "value": null
      },
      "domain wall info": {
        "value": null
      },
      "exchange stiffness": {
        "value": null
      },
      "exchange stiffness info": {
        "value": null
      }
    },
    "additional information": {
      "authors": {
        "value": ["ICCRAM"]
      },
      "reference": {
        "value": "S. Curtarolo et al. Computational Materials Science 58 (2012) 218-226"
      },
      "comments": {
        "value": "Hardness parameter=0.746"
      },
      "attached files": {
        "value": [
"Fe8Si4_#140_1A.cif",
"CONTCAR_Fe8Si4_#140_1A",
"Fe8Si4_#140_1A.png"
]
      },
      "attached files info": {
        "value": null
      }
    }
  }
}
