{
  "confidential": {
  "value": false
  }, 
  "name": "NOVAMAG_theory_ICCRAM_Fe8Si6_#139_1A",
  "properties": {
    "approach": {
      "value": "theory"
    },
    "summary": {
      "value": "crystal, energy, magnetization, MAE, coercivity, energy product"
    },
    "chemistry": {
      "chemical formula": {
        "value": "Fe8Si6"
      },
      "production info": {
        "value": "initial POSCAR from AFLOW library http://aflow.org/material.php?id=Fe_pvSi/264"
      }
    },
    "crystal": {
      "compound space group": {
        "value": 139
      },
      "unit cell volume": {
        "value": 161.725712
      },
      "lattice parameters": {
        "value": [
          3.03396,
          3.03396,
          17.56944
        ]
      },
      "lattice angles": {
        "value": [
          90.00000,
          90.00000,
          90.00000
        ]
      },
      "atomic positions": {
        "value": [
"Fe1(4e)",
0.00000,
0.00000,
0.15077,
"Fe2(4e)",
0.00000,
0.00000,
0.43092,
"Si1(2a)",
0.00000,
0.00000,
0.00000,
"Si2(4e)",
0.00000,
0.00000,
0.29088
]
      },
      "crystal info": {
        "value": "software VASP (vasp.5.4.4), k-points mesh 20x20x3, Ecut-off=401.823 eV, PAW_PBE, Fe:PAW_PBE:06Sep2000, Si:PAW_PBE:05Jan2001, Pressure=0.0 kbar, temperature=0K"
      }
    },
    "thermodynamics": {
      "unit cell energy": {
        "value": -102.37370813
      },
      "unit cell formation enthalpy": {
        "value": -3.926910
      },
      "energy info": {
        "value": "software VASP (vasp.5.4.4), k-points mesh 20x20x3, Ecut-off=401.823 eV, PAW_PBE, Fe:PAW_PBE:06Sep2000, Si:PAW_PBE:05Jan2001, Pressure=0.0 kbar, temperature=0K"
      },
      "interatomic potentials info": {
        "value": null
      },
      "magnetic free energy": {
        "value": null
      },
      "magnetic free energy info": {
        "value": null
      }
    },
    "magnetics": {
      "unit cell spin polarization": {
        "value": 14.897
      },
      "atomic spin specie": {
        "value": [
"1 Fe",
1.685,
"2 Fe",
1.685,
"3 Fe",
1.685,
"4 Fe",
1.685,
"5 Fe",
2.120,
"6 Fe",
2.120,
"7 Fe",
2.120,
"8 Fe",
2.120,
"9 Si",
-0.067,
"10 Si",
-0.067,
"11 Si",
-0.047,
"12 Si",
-0.047,
"13 Si",
-0.047,
"14 Si",
-0.047
]
      },
      "saturation magnetization": {
        "value": 1.073
      },
      "magnetization temperature": {
        "value": 0
      },
      "magnetization info": {
        "value": "software VASP (vasp.5.4.4), k-points mesh 20x20x3, Ecut-off=401.823 eV, PAW_PBE, Fe:PAW_PBE:06Sep2000, Si:PAW_PBE:05Jan2001, Pressure=0.0 kbar, temperature=0K"
      },
      "magnetocrystalline anisotropy energy": {
        "value": [
0.0000000000000000,0,1.0000000000000000,-102.42329437,0.2588190451025207,0,0.9659258262890683,-102.42323776,0.5000000000000000,0,0.8660254037844386,-102.42308509,0.7071067811865476,0,0.7071067811865476,-102.42288295,0.8660254037844386,0,0.5000000000000000,-102.42268265,1.0000000000000000,0,0.0000000000000000,-102.42247805]
      },
      "anisotropy energy type": {
        "value": "uniaxial"
      },
      "magnetocrystalline anisotropy constants": {
        "value": [
0.824,-0.017]
      },
      "kind of anisotropy": {
        "value": "easy axis"
      },
      "anisotropy info": {
        "value": "software VASP (vasp.5.4.4) with spin-orbit coupling, k-points mesh 20x20x3, Ecut-off=401.823 eV, PAW_PBE, Fe:PAW_PBE:06Sep2000, Si:PAW_PBE:05Jan2001, Pressure=0.0 kbar, temperature=0K"
      },
      "exchange integrals": {
        "value": null
      },
      "exchange info": {
        "value": null
      },
      "magnetic order": {
        "value": null
      },
      "curie temperature": {
        "value": null
      },
      "curie temperature info": {
        "value": null
      },
      "anisotropy field": {
        "value": 1.850
      },
      "remanence": {
        "value": 1.073
      },
      "coercivity": {
        "value": 1.850
      },
      "energy product": {
        "value": 229.050
      },
      "hysteresis info": {
        "value": "Stoner-Wohlfarth model without shape anisotropy, perfectly rectangular hysteresis loop, temperature = 0 K. Remanence equals to saturation magnetization (Ms). Anisotropy field: mu_0*Hk=(2*K_1+4*K_2)/Ms, where mu_0 is the vacuum permeability. Coercivity: Hc=Hk. Maximum energy product (upper limit)=(1/4)*mu_0*Ms^2, note this value can only be reached if the demagnetization factor is D=0.5 and Hc>0.5*Ms."
      },
      "domain wall width": {
        "value": null
      },
      "domain wall info": {
        "value": null
      },
      "exchange stiffness": {
        "value": null
      },
      "exchange stiffness info": {
        "value": null
      }
    },
    "additional information": {
      "authors": {
        "value": ["ICCRAM"]
      },
      "reference": {
        "value": "S. Curtarolo et al. Computational Materials Science 58 (2012) 218-226"
      },
      "comments": {
        "value": "Hardness parameter=0.948"
      },
      "attached files": {
        "value": [
"Fe8Si6_#139_1A.cif",
"CONTCAR_Fe8Si6_#139_1A",
"Fe8Si6_#139_1A.png"
]
      },
      "attached files info": {
        "value": null
      }
    }
  }
}
