{
  "confidential": {
  "value": false
  }, 
  "name": "NOVAMAG_theory_ICCRAM_Fe9Si3_#166_1A",
  "properties": {
    "approach": {
      "value": "theory"
    },
    "summary": {
      "value": "crystal, energy, magnetization, MAE, coercivity, energy product"
    },
    "chemistry": {
      "chemical formula": {
        "value": "Fe9Si3"
      },
      "production info": {
        "value": "initial POSCAR from AFLOW library http://aflow.org/material.php?id=Fe_pvSi/69"
      }
    },
    "crystal": {
      "compound space group": {
        "value": 166
      },
      "unit cell volume": {
        "value": 136.628206
      },
      "lattice parameters": {
        "value": [
          7.89732,
          7.89732,
          2.52959
        ]
      },
      "lattice angles": {
        "value": [
          90.00000,
          90.00000,
          120.00000
        ]
      },
      "atomic positions": {
        "value": [
"Fe1(9d)",
0.50000,
0.00000,
0.50000,
"Si1(3b)",
0.00000,
0.00000,
0.50000
]
      },
      "crystal info": {
        "value": "software VASP (vasp.5.4.4), k-points mesh 9x9x24, Ecut-off=401.823 eV, PAW_PBE, Fe:PAW_PBE:06Sep2000, Si:PAW_PBE:05Jan2001, Pressure=0.0 kbar, temperature=0K"
      }
    },
    "thermodynamics": {
      "unit cell energy": {
        "value": -92.40594152
      },
      "unit cell formation enthalpy": {
        "value": -1.996586
      },
      "energy info": {
        "value": "software VASP (vasp.5.4.4), k-points mesh 9x9x24, Ecut-off=401.823 eV, PAW_PBE, Fe:PAW_PBE:06Sep2000, Si:PAW_PBE:05Jan2001, Pressure=0.0 kbar, temperature=0K"
      },
      "interatomic potentials info": {
        "value": null
      },
      "magnetic free energy": {
        "value": null
      },
      "magnetic free energy info": {
        "value": null
      }
    },
    "magnetics": {
      "unit cell spin polarization": {
        "value": 18.823
      },
      "atomic spin specie": {
        "value": [
"1 Fe",
2.110,
"2 Fe",
2.110,
"3 Fe",
2.109,
"4 Fe",
2.110,
"5 Fe",
2.110,
"6 Fe",
2.109,
"7 Fe",
2.110,
"8 Fe",
2.110,
"9 Fe",
2.109,
"10 Si",
-0.055,
"11 Si",
-0.055,
"12 Si",
-0.055
]
      },
      "saturation magnetization": {
        "value": 1.605
      },
      "magnetization temperature": {
        "value": 0
      },
      "magnetization info": {
        "value": "software VASP (vasp.5.4.4), k-points mesh 9x9x24, Ecut-off=401.823 eV, PAW_PBE, Fe:PAW_PBE:06Sep2000, Si:PAW_PBE:05Jan2001, Pressure=0.0 kbar, temperature=0K"
      },
      "magnetocrystalline anisotropy energy": {
        "value": [
0.0000000000000000,0,1.0000000000000000,-92.46262029,0.2588190451025207,0,0.9659258262890683,-92.46260954,0.5000000000000000,0,0.8660254037844386,-92.46258327,0.7071067811865476,0,0.7071067811865476,-92.46254722,0.8660254037844386,0,0.5000000000000000,-92.46250990,1.0000000000000000,0,0.0000000000000000,-92.46247433]
      },
      "anisotropy energy type": {
        "value": "uniaxial"
      },
      "magnetocrystalline anisotropy constants": {
        "value": [
0.174,-0.002]
      },
      "kind of anisotropy": {
        "value": "easy axis"
      },
      "anisotropy info": {
        "value": "software VASP (vasp.5.4.4) with spin-orbit coupling, k-points mesh 9x9x24, Ecut-off=401.823 eV, PAW_PBE, Fe:PAW_PBE:06Sep2000, Si:PAW_PBE:05Jan2001, Pressure=0.0 kbar, temperature=0K"
      },
      "exchange integrals": {
        "value": null
      },
      "exchange info": {
        "value": null
      },
      "magnetic order": {
        "value": null
      },
      "curie temperature": {
        "value": null
      },
      "curie temperature info": {
        "value": null
      },
      "anisotropy field": {
        "value": 0.266
      },
      "remanence": {
        "value": 1.605
      },
      "coercivity": {
        "value": 0.266
      },
      "energy product": {
        "value": 512.484
      },
      "hysteresis info": {
        "value": "Stoner-Wohlfarth model without shape anisotropy, perfectly rectangular hysteresis loop, temperature = 0 K. Remanence equals to saturation magnetization (Ms). Anisotropy field: mu_0*Hk=(2*K_1+4*K_2)/Ms, where mu_0 is the vacuum permeability. Coercivity: Hc=Hk. Maximum energy product (upper limit)=(1/4)*mu_0*Ms^2, note this value can only be reached if the demagnetization factor is D=0.5 and Hc>0.5*Ms."
      },
      "domain wall width": {
        "value": null
      },
      "domain wall info": {
        "value": null
      },
      "exchange stiffness": {
        "value": null
      },
      "exchange stiffness info": {
        "value": null
      }
    },
    "additional information": {
      "authors": {
        "value": ["ICCRAM"]
      },
      "reference": {
        "value": "S. Curtarolo et al. Computational Materials Science 58 (2012) 218-226"
      },
      "comments": {
        "value": "Hardness parameter=0.291"
      },
      "attached files": {
        "value": [
"Fe9Si3_#166_1A.cif",
"CONTCAR_Fe9Si3_#166_1A",
"Fe9Si3_#166_1A.png"
]
      },
      "attached files info": {
        "value": null
      }
    }
  }
}
