{
  "confidential": {
  "value": false
  }, 
  "name": "NOVAMAG_theory_ICCRAM_Co12Zr4_#194_1A",
  "properties": {
    "approach": {
      "value": "theory"
    },
    "summary": {
      "value": "crystal, energy, magnetization, MAE, coercivity, energy product"
    },
    "chemistry": {
      "chemical formula": {
        "value": "Co12Zr4"
      },
      "production info": {
        "value": "initial POSCAR from AFLOW library http://aflow.org/material.php?id=CoZr_sv/244"
      }
    },
    "crystal": {
      "compound space group": {
        "value": 194
      },
      "unit cell volume": {
        "value": 209.405232
      },
      "lattice parameters": {
        "value": [
          5.30939,
          5.30939,
          8.57762
        ]
      },
      "lattice angles": {
        "value": [
          90.00000,
          90.00000,
          120.00000
        ]
      },
      "atomic positions": {
        "value": [
"Co1(6g)",
0.50000,
0.00000,
0.00000,
"Co2(6h)",
0.82021,
0.64042,
0.25000,
"Zr1(2a)",
0.00000,
0.00000,
0.00000,
"Zr2(2c)",
0.33333,
0.66667,
0.25000
]
      },
      "crystal info": {
        "value": "software VASP (vasp.5.4.4), k-points mesh 13x13x7, Ecut-off=401.952 eV, PAW_PBE, Co:PAW_PBE:02Aug2007, Zr_sv:PAW_PBE:04Jan2005, Pressure=0.0 kbar, temperature=0K"
      }
    },
    "thermodynamics": {
      "unit cell energy": {
        "value": -121.16832699
      },
      "unit cell formation enthalpy": {
        "value": -2.656897
      },
      "energy info": {
        "value": "software VASP (vasp.5.4.4), k-points mesh 13x13x7, Ecut-off=401.952 eV, PAW_PBE, Co:PAW_PBE:02Aug2007, Zr_sv:PAW_PBE:04Jan2005, Pressure=0.0 kbar, temperature=0K"
      },
      "interatomic potentials info": {
        "value": null
      },
      "magnetic free energy": {
        "value": null
      },
      "magnetic free energy info": {
        "value": null
      }
    },
    "magnetics": {
      "unit cell spin polarization": {
        "value": 11.524
      },
      "atomic spin specie": {
        "value": [
"1 Co",
1.046,
"2 Co",
1.046,
"3 Co",
1.046,
"4 Co",
1.046,
"5 Co",
1.047,
"6 Co",
1.046,
"7 Co",
1.054,
"8 Co",
1.054,
"9 Co",
1.054,
"10 Co",
1.054,
"11 Co",
1.054,
"12 Co",
1.054,
"13 Zr",
-0.276,
"14 Zr",
-0.276,
"15 Zr",
-0.264,
"16 Zr",
-0.264
]
      },
      "saturation magnetization": {
        "value": 0.641
      },
      "magnetization temperature": {
        "value": 0
      },
      "magnetization info": {
        "value": "software VASP (vasp.5.4.4), k-points mesh 13x13x7, Ecut-off=401.952 eV, PAW_PBE, Co:PAW_PBE:02Aug2007, Zr_sv:PAW_PBE:04Jan2005, Pressure=0.0 kbar, temperature=0K"
      },
      "magnetocrystalline anisotropy energy": {
        "value": [
0.0000000000000000,0,1.0000000000000000,-121.56986603,0.2588190451025207,0,0.9659258262890683,-121.56982964,0.5000000000000000,0,0.8660254037844386,-121.56974215,0.7071067811865476,0,0.7071067811865476,-121.56960910,0.8660254037844386,0,0.5000000000000000,-121.56947931,1.0000000000000000,0,0.0000000000000000,-121.56937498]
      },
      "anisotropy energy type": {
        "value": "uniaxial"
      },
      "magnetocrystalline anisotropy constants": {
        "value": [
0.411,-0.033]
      },
      "kind of anisotropy": {
        "value": "easy axis"
      },
      "anisotropy info": {
        "value": "software VASP (vasp.5.4.4) with spin-orbit coupling, k-points mesh 13x13x7, Ecut-off=401.952 eV, PAW_PBE, Co:PAW_PBE:02Aug2007, Zr_sv:PAW_PBE:04Jan2005, Pressure=0.0 kbar, temperature=0K"
      },
      "exchange integrals": {
        "value": null
      },
      "exchange info": {
        "value": null
      },
      "magnetic order": {
        "value": null
      },
      "curie temperature": {
        "value": null
      },
      "curie temperature info": {
        "value": null
      },
      "anisotropy field": {
        "value": 1.353
      },
      "remanence": {
        "value": 0.641
      },
      "coercivity": {
        "value": 1.353
      },
      "energy product": {
        "value": 81.742
      },
      "hysteresis info": {
        "value": "Stoner-Wohlfarth model without shape anisotropy, perfectly rectangular hysteresis loop, temperature = 0 K. Remanence equals to saturation magnetization (Ms). Anisotropy field: mu_0*Hk=(2*K_1+4*K_2)/Ms, where mu_0 is the vacuum permeability. Coercivity: Hc=Hk. Maximum energy product (upper limit)=(1/4)*mu_0*Ms^2, note this value can only be reached if the demagnetization factor is D=0.5 and Hc>0.5*Ms."
      },
      "domain wall width": {
        "value": null
      },
      "domain wall info": {
        "value": null
      },
      "exchange stiffness": {
        "value": null
      },
      "exchange stiffness info": {
        "value": null
      }
    },
    "additional information": {
      "authors": {
        "value": ["ICCRAM"]
      },
      "reference": {
        "value": "S. Curtarolo et al. Computational Materials Science 58 (2012) 218-226"
      },
      "comments": {
        "value": "Hardness parameter=1.121"
      },
      "attached files": {
        "value": [
"Co12Zr4_#194_1A.cif",
"CONTCAR_Co12Zr4_#194_1A",
"Co12Zr4_#194_1A.png"
]
      },
      "attached files info": {
        "value": null
      }
    }
  }
}
