{
  "confidential": {
  "value": false
  }, 
  "name": "NOVAMAG_theory_ICCRAM_Co3Zr1_#123_1A",
  "properties": {
    "approach": {
      "value": "theory"
    },
    "summary": {
      "value": "crystal, energy, magnetization, MAE, coercivity, energy product"
    },
    "chemistry": {
      "chemical formula": {
        "value": "Co3Zr1"
      },
      "production info": {
        "value": "initial POSCAR from AFLOW library http://aflow.org/material.php?id=CoZr_sv/78"
      }
    },
    "crystal": {
      "compound space group": {
        "value": 123
      },
      "unit cell volume": {
        "value": 54.133653
      },
      "lattice parameters": {
        "value": [
          3.13794,
          3.13794,
          5.49765
        ]
      },
      "lattice angles": {
        "value": [
          90.00000,
          90.00000,
          90.00000
        ]
      },
      "atomic positions": {
        "value": [
"Co1(2g)",
0.00000,
0.00000,
0.78214,
"Co2(1c)",
0.50000,
0.50000,
0.00000,
"Zr1(1d)",
0.50000,
0.50000,
0.50000
]
      },
      "crystal info": {
        "value": "software VASP (vasp.5.4.4), k-points mesh 19x19x11, Ecut-off=401.952 eV, PAW_PBE, Co:PAW_PBE:02Aug2007, Zr_sv:PAW_PBE:04Jan2005, Pressure=0.0 kbar, temperature=0K"
      }
    },
    "thermodynamics": {
      "unit cell energy": {
        "value": -29.70501077
      },
      "unit cell formation enthalpy": {
        "value": -0.077153
      },
      "energy info": {
        "value": "software VASP (vasp.5.4.4), k-points mesh 19x19x11, Ecut-off=401.952 eV, PAW_PBE, Co:PAW_PBE:02Aug2007, Zr_sv:PAW_PBE:04Jan2005, Pressure=0.0 kbar, temperature=0K"
      },
      "interatomic potentials info": {
        "value": null
      },
      "magnetic free energy": {
        "value": null
      },
      "magnetic free energy info": {
        "value": null
      }
    },
    "magnetics": {
      "unit cell spin polarization": {
        "value": 3.644
      },
      "atomic spin specie": {
        "value": [
"1 Co",
1.100,
"2 Co",
1.100,
"3 Co",
1.697,
"4 Zr",
-0.252
]
      },
      "saturation magnetization": {
        "value": 0.784
      },
      "magnetization temperature": {
        "value": 0
      },
      "magnetization info": {
        "value": "software VASP (vasp.5.4.4), k-points mesh 19x19x11, Ecut-off=401.952 eV, PAW_PBE, Co:PAW_PBE:02Aug2007, Zr_sv:PAW_PBE:04Jan2005, Pressure=0.0 kbar, temperature=0K"
      },
      "magnetocrystalline anisotropy energy": {
        "value": [
0.0000000000000000,0,1.0000000000000000,-29.80532846,0.2588190451025207,0,0.9659258262890683,-29.80527825,0.5000000000000000,0,0.8660254037844386,-29.80514449,0.7071067811865476,0,0.7071067811865476,-29.80496070,0.8660254037844386,0,0.5000000000000000,-29.80477411,1.0000000000000000,0,0.0000000000000000,-29.80459174]
      },
      "anisotropy energy type": {
        "value": "uniaxial"
      },
      "magnetocrystalline anisotropy constants": {
        "value": [
2.182,0.002]
      },
      "kind of anisotropy": {
        "value": "easy axis"
      },
      "anisotropy info": {
        "value": "software VASP (vasp.5.4.4) with spin-orbit coupling, k-points mesh 19x19x11, Ecut-off=401.952 eV, PAW_PBE, Co:PAW_PBE:02Aug2007, Zr_sv:PAW_PBE:04Jan2005, Pressure=0.0 kbar, temperature=0K"
      },
      "exchange integrals": {
        "value": null
      },
      "exchange info": {
        "value": null
      },
      "magnetic order": {
        "value": null
      },
      "curie temperature": {
        "value": null
      },
      "curie temperature info": {
        "value": null
      },
      "anisotropy field": {
        "value": 7.008
      },
      "remanence": {
        "value": 0.784
      },
      "coercivity": {
        "value": 7.008
      },
      "energy product": {
        "value": 122.282
      },
      "hysteresis info": {
        "value": "Stoner-Wohlfarth model without shape anisotropy, perfectly rectangular hysteresis loop, temperature = 0 K. Remanence equals to saturation magnetization (Ms). Anisotropy field: mu_0*Hk=(2*K_1+4*K_2)/Ms, where mu_0 is the vacuum permeability. Coercivity: Hc=Hk. Maximum energy product (upper limit)=(1/4)*mu_0*Ms^2, note this value can only be reached if the demagnetization factor is D=0.5 and Hc>0.5*Ms."
      },
      "domain wall width": {
        "value": null
      },
      "domain wall info": {
        "value": null
      },
      "exchange stiffness": {
        "value": null
      },
      "exchange stiffness info": {
        "value": null
      }
    },
    "additional information": {
      "authors": {
        "value": ["ICCRAM"]
      },
      "reference": {
        "value": "S. Curtarolo et al. Computational Materials Science 58 (2012) 218-226"
      },
      "comments": {
        "value": "Hardness parameter=2.112"
      },
      "attached files": {
        "value": [
"Co3Zr1_#123_1A.cif",
"CONTCAR_Co3Zr1_#123_1A",
"Co3Zr1_#123_1A.png"
]
      },
      "attached files info": {
        "value": null
      }
    }
  }
}
