{
  "confidential": {
  "value": false
  }, 
  "name": "NOVAMAG_theory_ICCRAM_Co8Zr2_#87_1A",
  "properties": {
    "approach": {
      "value": "theory"
    },
    "summary": {
      "value": "crystal, energy, magnetization, MAE, coercivity, energy product"
    },
    "chemistry": {
      "chemical formula": {
        "value": "Co8Zr2"
      },
      "production info": {
        "value": "initial POSCAR from AFLOW library http://aflow.org/material.php?id=CoZr_sv/286"
      }
    },
    "crystal": {
      "compound space group": {
        "value": 87
      },
      "unit cell volume": {
        "value": 128.010778
      },
      "lattice parameters": {
        "value": [
          5.89444,
          5.89444,
          3.68435
        ]
      },
      "lattice angles": {
        "value": [
          90.00000,
          90.00000,
          90.00000
        ]
      },
      "atomic positions": {
        "value": [
"Co1(8h)",
0.58458,
0.18330,
0.00000,
"Zr1(2a)",
0.00000,
0.00000,
0.00000
]
      },
      "crystal info": {
        "value": "software VASP (vasp.5.4.4), k-points mesh 10x10x16, Ecut-off=401.952 eV, PAW_PBE, Co:PAW_PBE:02Aug2007, Zr_sv:PAW_PBE:04Jan2005, Pressure=0.0 kbar, temperature=0K"
      }
    },
    "thermodynamics": {
      "unit cell energy": {
        "value": -73.77895992
      },
      "unit cell formation enthalpy": {
        "value": -0.451272
      },
      "energy info": {
        "value": "software VASP (vasp.5.4.4), k-points mesh 10x10x16, Ecut-off=401.952 eV, PAW_PBE, Co:PAW_PBE:02Aug2007, Zr_sv:PAW_PBE:04Jan2005, Pressure=0.0 kbar, temperature=0K"
      },
      "interatomic potentials info": {
        "value": null
      },
      "magnetic free energy": {
        "value": null
      },
      "magnetic free energy info": {
        "value": null
      }
    },
    "magnetics": {
      "unit cell spin polarization": {
        "value": 9.368
      },
      "atomic spin specie": {
        "value": [
"1 Co",
1.244,
"2 Co",
1.244,
"3 Co",
1.241,
"4 Co",
1.241,
"5 Co",
1.241,
"6 Co",
1.241,
"7 Co",
1.244,
"8 Co",
1.244,
"9 Zr",
-0.286,
"10 Zr",
-0.286
]
      },
      "saturation magnetization": {
        "value": 0.852
      },
      "magnetization temperature": {
        "value": 0
      },
      "magnetization info": {
        "value": "software VASP (vasp.5.4.4), k-points mesh 10x10x16, Ecut-off=401.952 eV, PAW_PBE, Co:PAW_PBE:02Aug2007, Zr_sv:PAW_PBE:04Jan2005, Pressure=0.0 kbar, temperature=0K"
      },
      "magnetocrystalline anisotropy energy": {
        "value": [
0.0000000000000000,0,1.0000000000000000,-73.99960912,0.2588190451025207,0,0.9659258262890683,-73.99958913,0.5000000000000000,0,0.8660254037844386,-73.99952795,0.7071067811865476,0,0.7071067811865476,-73.99944259,0.8660254037844386,0,0.5000000000000000,-73.99935439,1.0000000000000000,0,0.0000000000000000,-73.99925611]
      },
      "anisotropy energy type": {
        "value": "uniaxial"
      },
      "magnetocrystalline anisotropy constants": {
        "value": [
0.390,0.049]
      },
      "kind of anisotropy": {
        "value": "easy axis"
      },
      "anisotropy info": {
        "value": "software VASP (vasp.5.4.4) with spin-orbit coupling, k-points mesh 10x10x16, Ecut-off=401.952 eV, PAW_PBE, Co:PAW_PBE:02Aug2007, Zr_sv:PAW_PBE:04Jan2005, Pressure=0.0 kbar, temperature=0K"
      },
      "exchange integrals": {
        "value": null
      },
      "exchange info": {
        "value": null
      },
      "magnetic order": {
        "value": null
      },
      "curie temperature": {
        "value": null
      },
      "curie temperature info": {
        "value": null
      },
      "anisotropy field": {
        "value": 1.440
      },
      "remanence": {
        "value": 0.852
      },
      "coercivity": {
        "value": 1.440
      },
      "energy product": {
        "value": 144.414
      },
      "hysteresis info": {
        "value": "Stoner-Wohlfarth model without shape anisotropy, perfectly rectangular hysteresis loop, temperature = 0 K. Remanence equals to saturation magnetization (Ms). Anisotropy field: mu_0*Hk=(2*K_1+4*K_2)/Ms, where mu_0 is the vacuum permeability. Coercivity: Hc=Hk. Maximum energy product (upper limit)=(1/4)*mu_0*Ms^2, note this value can only be reached if the demagnetization factor is D=0.5 and Hc>0.5*Ms."
      },
      "domain wall width": {
        "value": null
      },
      "domain wall info": {
        "value": null
      },
      "exchange stiffness": {
        "value": null
      },
      "exchange stiffness info": {
        "value": null
      }
    },
    "additional information": {
      "authors": {
        "value": ["ICCRAM"]
      },
      "reference": {
        "value": "S. Curtarolo et al. Computational Materials Science 58 (2012) 218-226"
      },
      "comments": {
        "value": "Hardness parameter=0.822"
      },
      "attached files": {
        "value": [
"Co8Zr2_#87_1A.cif",
"CONTCAR_Co8Zr2_#87_1A",
"Co8Zr2_#87_1A.png"
]
      },
      "attached files info": {
        "value": null
      }
    }
  }
}
