{
  "confidential": {
  "value": false
  }, 
  "name": "NOVAMAG_theory_ICCRAM_Fe18Nb3_#166_1N",
  "properties": {
    "approach": {
      "value": "theory"
    },
    "summary": {
      "value": "crystal, energy, magnetization, MAE"
    },
    "chemistry": {
      "chemical formula": {
        "value": "Fe18Nb3"
      },
      "production info": {
        "value": "initial POSCAR from NOVAMAG library http://crono.ubu.es/novamag/show_item_features?mafid=274"
      }
    },
    "crystal": {
      "compound space group": {
        "value": 166
      },
      "unit cell volume": {
        "value": 258.731246
      },
      "lattice parameters": {
        "value": [
          4.11127,
          4.11127,
          17.67529
        ]
      },
      "lattice angles": {
        "value": [
          90.00000,
          90.00000,
          120.00000
        ]
      },
      "atomic positions": {
        "value": [
"Fe1(6c)",
0.00000,
0.00000,
0.06867,
"Fe2(6c)",
0.00000,
0.00000,
0.35456,
"Fe3(6c)",
0.00000,
0.00000,
0.21757,
"Nb1(3b)",
0.00000,
0.00000,
0.50000
]
      },
      "crystal info": {
        "value": "software VASP (vasp.5.4.4), k-points mesh 17x17x3, Ecut-off=401.823 eV, PAW_PBE, Fe:PAW_PBE:06Sep2000, Nb_pv:PAW_PBE:08Apr2002, Pressure=0.0 kbar, temperature=0K"
      }
    },
    "thermodynamics": {
      "unit cell energy": {
        "value": -179.17190977
      },
      "unit cell formation enthalpy": {
        "value": -0.628218
      },
      "energy info": {
        "value": "software VASP (vasp.5.4.4), k-points mesh 17x17x3, Ecut-off=401.823 eV, PAW_PBE, Fe:PAW_PBE:06Sep2000, Nb_pv:PAW_PBE:08Apr2002, Pressure=0.0 kbar, temperature=0K"
      },
      "interatomic potentials info": {
        "value": null
      },
      "magnetic free energy": {
        "value": null
      },
      "magnetic free energy info": {
        "value": null
      }
    },
    "magnetics": {
      "unit cell spin polarization": {
        "value": 36.509
      },
      "atomic spin specie": {
        "value": [
"1 Fe",
2.308,
"2 Fe",
2.308,
"3 Fe",
2.308,
"4 Fe",
2.309,
"5 Fe",
2.309,
"6 Fe",
2.308,
"7 Fe",
2.198,
"8 Fe",
2.198,
"9 Fe",
2.198,
"10 Fe",
2.199,
"11 Fe",
2.199,
"12 Fe",
2.198,
"13 Fe",
1.956,
"14 Fe",
1.956,
"15 Fe",
1.956,
"16 Fe",
1.956,
"17 Fe",
1.956,
"18 Fe",
1.956,
"19 Nb",
-0.755,
"20 Nb",
-0.755,
"21 Nb",
-0.755
]
      },
      "saturation magnetization": {
        "value": 1.644
      },
      "magnetization temperature": {
        "value": 0
      },
      "magnetization info": {
        "value": "software VASP (vasp.5.4.4), k-points mesh 17x17x3, Ecut-off=401.823 eV, PAW_PBE, Fe:PAW_PBE:06Sep2000, Nb_pv:PAW_PBE:08Apr2002, Pressure=0.0 kbar, temperature=0K"
      },
      "magnetocrystalline anisotropy energy": {
        "value": [
0.0000000000000000,0,1.0000000000000000,-179.45510943,0.2588190451025207,0,0.9659258262890683,-179.45512916,0.5000000000000000,0,0.8660254037844386,-179.45517858,0.7071067811865476,0,0.7071067811865476,-179.45524377,0.8660254037844386,0,0.5000000000000000,-179.45530705,1.0000000000000000,0,0.0000000000000000,-179.45536072]
      },
      "anisotropy energy type": {
        "value": "uniaxial"
      },
      "magnetocrystalline anisotropy constants": {
        "value": [
-0.179,0.022]
      },
      "kind of anisotropy": {
        "value": "easy plane"
      },
      "anisotropy info": {
        "value": "software VASP (vasp.5.4.4) with spin-orbit coupling, k-points mesh 17x17x3, Ecut-off=401.823 eV, PAW_PBE, Fe:PAW_PBE:06Sep2000, Nb_pv:PAW_PBE:08Apr2002, Pressure=0.0 kbar, temperature=0K"
      },
      "exchange integrals": {
        "value": null
      },
      "exchange info": {
        "value": null
      },
      "magnetic order": {
        "value": null
      },
      "curie temperature": {
        "value": null
      },
      "curie temperature info": {
        "value": null
      },
      "anisotropy field": {
        "value": null
      },
      "remanence": {
        "value": null
      },
      "coercivity": {
        "value": null
      },
      "energy product": {
        "value": null
      },
      "hysteresis info": {
        "value": null
      },
      "domain wall width": {
        "value": null
      },
      "domain wall info": {
        "value": null
      },
      "exchange stiffness": {
        "value": null
      },
      "exchange stiffness info": {
        "value": null
      }
    },
    "additional information": {
      "authors": {
        "value": ["ICCRAM"]
      },
      "reference": {
        "value": null
      },
      "comments": {
        "value": null
      },
      "attached files": {
        "value": [
"Fe18Nb3_#166_1N.cif",
"CONTCAR_Fe18Nb3_#166_1N",
"Fe18Nb3_#166_1N.png"
]
      },
      "attached files info": {
        "value": null
      }
    }
  }
}
