{
  "confidential": {
  "value": false
  }, 
  "name": "NOVAMAG_theory_ICCRAM_Fe4Nb2_#164_1N",
  "properties": {
    "approach": {
      "value": "theory"
    },
    "summary": {
      "value": "crystal, energy, magnetization, MAE, coercivity, energy product"
    },
    "chemistry": {
      "chemical formula": {
        "value": "Fe4Nb2"
      },
      "production info": {
        "value": "initial POSCAR from NOVAMAG library http://crono.ubu.es/novamag/show_item_features?mafid=259"
      }
    },
    "crystal": {
      "compound space group": {
        "value": 164
      },
      "unit cell volume": {
        "value": 80.906016
      },
      "lattice parameters": {
        "value": [
          4.25547,
          4.25547,
          5.15889
        ]
      },
      "lattice angles": {
        "value": [
          90.00000,
          90.00000,
          120.00000
        ]
      },
      "atomic positions": {
        "value": [
"Fe1(2d)",
0.33333,
0.66667,
0.67255,
"Fe2(1a)",
0.00000,
0.00000,
0.00000,
"Fe3(1b)",
0.00000,
0.00000,
0.50000,
"Nb1(2d)",
0.33333,
0.66667,
0.18413
]
      },
      "crystal info": {
        "value": "software VASP (vasp.5.4.4), k-points mesh 16x16x12, Ecut-off=401.823 eV, PAW_PBE, Fe:PAW_PBE:06Sep2000, Nb_pv:PAW_PBE:08Apr2002, Pressure=0.0 kbar, temperature=0K"
      }
    },
    "thermodynamics": {
      "unit cell energy": {
        "value": -53.32707549
      },
      "unit cell formation enthalpy": {
        "value": -0.195478
      },
      "energy info": {
        "value": "software VASP (vasp.5.4.4), k-points mesh 16x16x12, Ecut-off=401.823 eV, PAW_PBE, Fe:PAW_PBE:06Sep2000, Nb_pv:PAW_PBE:08Apr2002, Pressure=0.0 kbar, temperature=0K"
      },
      "interatomic potentials info": {
        "value": null
      },
      "magnetic free energy": {
        "value": null
      },
      "magnetic free energy info": {
        "value": null
      }
    },
    "magnetics": {
      "unit cell spin polarization": {
        "value": 6.047
      },
      "atomic spin specie": {
        "value": [
"1 Fe",
1.457,
"2 Fe",
1.457,
"3 Fe",
1.379,
"4 Fe",
2.638,
"5 Nb",
-0.442,
"6 Nb",
-0.442
]
      },
      "saturation magnetization": {
        "value": 0.871
      },
      "magnetization temperature": {
        "value": 0
      },
      "magnetization info": {
        "value": "software VASP (vasp.5.4.4), k-points mesh 16x16x12, Ecut-off=401.823 eV, PAW_PBE, Fe:PAW_PBE:06Sep2000, Nb_pv:PAW_PBE:08Apr2002, Pressure=0.0 kbar, temperature=0K"
      },
      "magnetocrystalline anisotropy energy": {
        "value": [
0.0000000000000000,0,1.0000000000000000,-53.46691150,0.2588190451025207,0,0.9659258262890683,-53.46689218,0.5000000000000000,0,0.8660254037844386,-53.46683618,0.7071067811865476,0,0.7071067811865476,-53.46675874,0.8660254037844386,0,0.5000000000000000,-53.46668122,1.0000000000000000,0,0.0000000000000000,-53.46660267]
      },
      "anisotropy energy type": {
        "value": "uniaxial"
      },
      "magnetocrystalline anisotropy constants": {
        "value": [
0.595,0.016]
      },
      "kind of anisotropy": {
        "value": "easy axis"
      },
      "anisotropy info": {
        "value": "software VASP (vasp.5.4.4) with spin-orbit coupling, k-points mesh 16x16x12, Ecut-off=401.823 eV, PAW_PBE, Fe:PAW_PBE:06Sep2000, Nb_pv:PAW_PBE:08Apr2002, Pressure=0.0 kbar, temperature=0K"
      },
      "exchange integrals": {
        "value": null
      },
      "exchange info": {
        "value": null
      },
      "magnetic order": {
        "value": null
      },
      "curie temperature": {
        "value": null
      },
      "curie temperature info": {
        "value": null
      },
      "anisotropy field": {
        "value": 1.809
      },
      "remanence": {
        "value": 0.871
      },
      "coercivity": {
        "value": 1.809
      },
      "energy product": {
        "value": 150.927
      },
      "hysteresis info": {
        "value": "Stoner-Wohlfarth model without shape anisotropy, perfectly rectangular hysteresis loop, temperature = 0 K. Remanence equals to saturation magnetization (Ms). Anisotropy field: mu_0*Hk=(2*K_1+4*K_2)/Ms, where mu_0 is the vacuum permeability. Coercivity: Hc=Hk. Maximum energy product (upper limit)=(1/4)*mu_0*Ms^2, note this value can only be reached if the demagnetization factor is D=0.5 and Hc>0.5*Ms."
      },
      "domain wall width": {
        "value": null
      },
      "domain wall info": {
        "value": null
      },
      "exchange stiffness": {
        "value": null
      },
      "exchange stiffness info": {
        "value": null
      }
    },
    "additional information": {
      "authors": {
        "value": ["ICCRAM"]
      },
      "reference": {
        "value": null
      },
      "comments": {
        "value": "Hardness parameter=0.993"
      },
      "attached files": {
        "value": [
"Fe4Nb2_#164_1N.cif",
"CONTCAR_Fe4Nb2_#164_1N",
"Fe4Nb2_#164_1N.png"
]
      },
      "attached files info": {
        "value": null
      }
    }
  }
}
