{
  "confidential": {
  "value": false
  }, 
  "name": "NOVAMAG_theory_ICCRAM_Fe5Nb1_#123_1N",
  "properties": {
    "approach": {
      "value": "theory"
    },
    "summary": {
      "value": "crystal, energy, magnetization, MAE"
    },
    "chemistry": {
      "chemical formula": {
        "value": "Fe5Nb1"
      },
      "production info": {
        "value": "initial POSCAR from NOVAMAG library http://crono.ubu.es/novamag/show_item_features?mafid=240"
      }
    },
    "crystal": {
      "compound space group": {
        "value": 123
      },
      "unit cell volume": {
        "value": 75.592147
      },
      "lattice parameters": {
        "value": [
          2.96318,
          2.96318,
          8.60917
        ]
      },
      "lattice angles": {
        "value": [
          90.00000,
          90.00000,
          90.00000
        ]
      },
      "atomic positions": {
        "value": [
"Fe1(2g)",
0.00000,
0.00000,
0.65996,
"Fe2(1d)",
0.50000,
0.50000,
0.50000,
"Fe3(2h)",
0.50000,
0.50000,
0.18266,
"Nb1(1a)",
0.00000,
0.00000,
0.00000
]
      },
      "crystal info": {
        "value": "software VASP (vasp.5.4.4), k-points mesh 20x20x7, Ecut-off=401.823 eV, PAW_PBE, Fe:PAW_PBE:06Sep2000, Nb_pv:PAW_PBE:08Apr2002, Pressure=0.0 kbar, temperature=0K"
      }
    },
    "thermodynamics": {
      "unit cell energy": {
        "value": -51.25330664
      },
      "unit cell formation enthalpy": {
        "value": 0.024066
      },
      "energy info": {
        "value": "software VASP (vasp.5.4.4), k-points mesh 20x20x7, Ecut-off=401.823 eV, PAW_PBE, Fe:PAW_PBE:06Sep2000, Nb_pv:PAW_PBE:08Apr2002, Pressure=0.0 kbar, temperature=0K"
      },
      "interatomic potentials info": {
        "value": null
      },
      "magnetic free energy": {
        "value": null
      },
      "magnetic free energy info": {
        "value": null
      }
    },
    "magnetics": {
      "unit cell spin polarization": {
        "value": 10.453
      },
      "atomic spin specie": {
        "value": [
"1 Fe",
2.506,
"2 Fe",
2.506,
"3 Fe",
2.368,
"4 Fe",
1.802,
"5 Fe",
1.802,
"6 Nb",
-0.532
]
      },
      "saturation magnetization": {
        "value": 1.611
      },
      "magnetization temperature": {
        "value": 0
      },
      "magnetization info": {
        "value": "software VASP (vasp.5.4.4), k-points mesh 20x20x7, Ecut-off=401.823 eV, PAW_PBE, Fe:PAW_PBE:06Sep2000, Nb_pv:PAW_PBE:08Apr2002, Pressure=0.0 kbar, temperature=0K"
      },
      "magnetocrystalline anisotropy energy": {
        "value": [
0.0000000000000000,0,1.0000000000000000,-51.34257862,0.2588190451025207,0,0.9659258262890683,-51.34259861,0.5000000000000000,0,0.8660254037844386,-51.34265525,0.7071067811865476,0,0.7071067811865476,-51.34273422,0.8660254037844386,0,0.5000000000000000,-51.34281404,1.0000000000000000,0,0.0000000000000000,-51.34290201]
      },
      "anisotropy energy type": {
        "value": "uniaxial"
      },
      "magnetocrystalline anisotropy constants": {
        "value": [
-0.631,-0.051]
      },
      "kind of anisotropy": {
        "value": "easy plane"
      },
      "anisotropy info": {
        "value": "software VASP (vasp.5.4.4) with spin-orbit coupling, k-points mesh 20x20x7, Ecut-off=401.823 eV, PAW_PBE, Fe:PAW_PBE:06Sep2000, Nb_pv:PAW_PBE:08Apr2002, Pressure=0.0 kbar, temperature=0K"
      },
      "exchange integrals": {
        "value": null
      },
      "exchange info": {
        "value": null
      },
      "magnetic order": {
        "value": null
      },
      "curie temperature": {
        "value": null
      },
      "curie temperature info": {
        "value": null
      },
      "anisotropy field": {
        "value": null
      },
      "remanence": {
        "value": null
      },
      "coercivity": {
        "value": null
      },
      "energy product": {
        "value": null
      },
      "hysteresis info": {
        "value": null
      },
      "domain wall width": {
        "value": null
      },
      "domain wall info": {
        "value": null
      },
      "exchange stiffness": {
        "value": null
      },
      "exchange stiffness info": {
        "value": null
      }
    },
    "additional information": {
      "authors": {
        "value": ["ICCRAM"]
      },
      "reference": {
        "value": null
      },
      "comments": {
        "value": null
      },
      "attached files": {
        "value": [
"Fe5Nb1_#123_1N.cif",
"CONTCAR_Fe5Nb1_#123_1N",
"Fe5Nb1_#123_1N.png"
]
      },
      "attached files info": {
        "value": null
      }
    }
  }
}
