{
  "confidential": {
  "value": false
  }, 
  "name": "NOVAMAG_theory_ICCRAM_Fe6Nb1_#187_1N",
  "properties": {
    "approach": {
      "value": "theory"
    },
    "summary": {
      "value": "crystal, energy, magnetization, MAE"
    },
    "chemistry": {
      "chemical formula": {
        "value": "Fe6Nb1"
      },
      "production info": {
        "value": "initial POSCAR from NOVAMAG library http://crono.ubu.es/novamag/show_item_features?mafid=279"
      }
    },
    "crystal": {
      "compound space group": {
        "value": 187
      },
      "unit cell volume": {
        "value": 87.970568
      },
      "lattice parameters": {
        "value": [
          4.64349,
          4.64349,
          4.71105
        ]
      },
      "lattice angles": {
        "value": [
          90.00000,
          90.00000,
          120.00000
        ]
      },
      "atomic positions": {
        "value": [
"Fe1(2g)",
0.00000,
0.00000,
0.75513,
"Fe2(1e)",
0.66667,
0.33333,
0.00000,
"Fe3(3k)",
0.50170,
0.49830,
0.50000,
"Nb1(1c)",
0.33333,
0.66667,
0.00000
]
      },
      "crystal info": {
        "value": "software VASP (vasp.5.4.4), k-points mesh 15x15x13, Ecut-off=401.823 eV, PAW_PBE, Fe:PAW_PBE:06Sep2000, Nb_pv:PAW_PBE:08Apr2002, Pressure=0.0 kbar, temperature=0K"
      }
    },
    "thermodynamics": {
      "unit cell energy": {
        "value": -59.52473509
      },
      "unit cell formation enthalpy": {
        "value": -0.010171
      },
      "energy info": {
        "value": "software VASP (vasp.5.4.4), k-points mesh 15x15x13, Ecut-off=401.823 eV, PAW_PBE, Fe:PAW_PBE:06Sep2000, Nb_pv:PAW_PBE:08Apr2002, Pressure=0.0 kbar, temperature=0K"
      },
      "interatomic potentials info": {
        "value": null
      },
      "magnetic free energy": {
        "value": null
      },
      "magnetic free energy info": {
        "value": null
      }
    },
    "magnetics": {
      "unit cell spin polarization": {
        "value": 12.726
      },
      "atomic spin specie": {
        "value": [
"1 Fe",
2.441,
"2 Fe",
2.441,
"3 Fe",
2.513,
"4 Fe",
2.024,
"5 Fe",
2.024,
"6 Fe",
2.024,
"7 Nb",
-0.743
]
      },
      "saturation magnetization": {
        "value": 1.685
      },
      "magnetization temperature": {
        "value": 0
      },
      "magnetization info": {
        "value": "software VASP (vasp.5.4.4), k-points mesh 15x15x13, Ecut-off=401.823 eV, PAW_PBE, Fe:PAW_PBE:06Sep2000, Nb_pv:PAW_PBE:08Apr2002, Pressure=0.0 kbar, temperature=0K"
      },
      "magnetocrystalline anisotropy energy": {
        "value": [
0.0000000000000000,0,1.0000000000000000,-59.62011708,0.2588190451025207,0,0.9659258262890683,-59.62014846,0.5000000000000000,0,0.8660254037844386,-59.62023542,0.7071067811865476,0,0.7071067811865476,-59.62035835,0.8660254037844386,0,0.5000000000000000,-59.62048424,1.0000000000000000,0,0.0000000000000000,-59.62061755]
      },
      "anisotropy energy type": {
        "value": "uniaxial"
      },
      "magnetocrystalline anisotropy constants": {
        "value": [
-0.842,-0.071]
      },
      "kind of anisotropy": {
        "value": "easy plane"
      },
      "anisotropy info": {
        "value": "software VASP (vasp.5.4.4) with spin-orbit coupling, k-points mesh 15x15x13, Ecut-off=401.823 eV, PAW_PBE, Fe:PAW_PBE:06Sep2000, Nb_pv:PAW_PBE:08Apr2002, Pressure=0.0 kbar, temperature=0K"
      },
      "exchange integrals": {
        "value": null
      },
      "exchange info": {
        "value": null
      },
      "magnetic order": {
        "value": null
      },
      "curie temperature": {
        "value": null
      },
      "curie temperature info": {
        "value": null
      },
      "anisotropy field": {
        "value": null
      },
      "remanence": {
        "value": null
      },
      "coercivity": {
        "value": null
      },
      "energy product": {
        "value": null
      },
      "hysteresis info": {
        "value": null
      },
      "domain wall width": {
        "value": null
      },
      "domain wall info": {
        "value": null
      },
      "exchange stiffness": {
        "value": null
      },
      "exchange stiffness info": {
        "value": null
      }
    },
    "additional information": {
      "authors": {
        "value": ["ICCRAM"]
      },
      "reference": {
        "value": null
      },
      "comments": {
        "value": null
      },
      "attached files": {
        "value": [
"Fe6Nb1_#187_1N.cif",
"CONTCAR_Fe6Nb1_#187_1N",
"Fe6Nb1_#187_1N.png"
]
      },
      "attached files info": {
        "value": null
      }
    }
  }
}
