{
  "confidential": {
  "value": false
  }, 
  "name": "NOVAMAG_theory_ICCRAM_Fe6Nb3_#164_1N",
  "properties": {
    "approach": {
      "value": "theory"
    },
    "summary": {
      "value": "crystal, energy, magnetization, MAE"
    },
    "chemistry": {
      "chemical formula": {
        "value": "Fe6Nb3"
      },
      "production info": {
        "value": "initial POSCAR from NOVAMAG library http://crono.ubu.es/novamag/show_item_features?mafid=243"
      }
    },
    "crystal": {
      "compound space group": {
        "value": 164
      },
      "unit cell volume": {
        "value": 122.592234
      },
      "lattice parameters": {
        "value": [
          4.22199,
          4.22199,
          7.94143
        ]
      },
      "lattice angles": {
        "value": [
          90.00000,
          90.00000,
          120.00000
        ]
      },
      "atomic positions": {
        "value": [
"Fe1(2d)",
0.33333,
0.66667,
0.11622,
"Fe2(2d)",
0.33333,
0.66667,
0.43944,
"Fe3(2c)",
0.00000,
0.00000,
0.34653,
"Nb1(2d)",
0.33333,
0.66667,
0.76444,
"Nb2(1a)",
0.00000,
0.00000,
0.00000
]
      },
      "crystal info": {
        "value": "software VASP (vasp.5.4.4), k-points mesh 16x16x8, Ecut-off=401.823 eV, PAW_PBE, Fe:PAW_PBE:06Sep2000, Nb_pv:PAW_PBE:08Apr2002, Pressure=0.0 kbar, temperature=0K"
      }
    },
    "thermodynamics": {
      "unit cell energy": {
        "value": -79.87802298
      },
      "unit cell formation enthalpy": {
        "value": -0.180627
      },
      "energy info": {
        "value": "software VASP (vasp.5.4.4), k-points mesh 16x16x8, Ecut-off=401.823 eV, PAW_PBE, Fe:PAW_PBE:06Sep2000, Nb_pv:PAW_PBE:08Apr2002, Pressure=0.0 kbar, temperature=0K"
      },
      "interatomic potentials info": {
        "value": null
      },
      "magnetic free energy": {
        "value": null
      },
      "magnetic free energy info": {
        "value": null
      }
    },
    "magnetics": {
      "unit cell spin polarization": {
        "value": 10.221
      },
      "atomic spin specie": {
        "value": [
"1 Fe",
1.348,
"2 Fe",
1.348,
"3 Fe",
2.409,
"4 Fe",
2.409,
"5 Fe",
2.024,
"6 Fe",
2.024,
"7 Nb",
-0.507,
"8 Nb",
-0.507,
"9 Nb",
-0.327
]
      },
      "saturation magnetization": {
        "value": 0.971
      },
      "magnetization temperature": {
        "value": 0
      },
      "magnetization info": {
        "value": "software VASP (vasp.5.4.4), k-points mesh 16x16x8, Ecut-off=401.823 eV, PAW_PBE, Fe:PAW_PBE:06Sep2000, Nb_pv:PAW_PBE:08Apr2002, Pressure=0.0 kbar, temperature=0K"
      },
      "magnetocrystalline anisotropy energy": {
        "value": [
0.0000000000000000,0,1.0000000000000000,-80.08577416,0.2588190451025207,0,0.9659258262890683,-80.08579967,0.5000000000000000,0,0.8660254037844386,-80.08587096,0.7071067811865476,0,0.7071067811865476,-80.08596871,0.8660254037844386,0,0.5000000000000000,-80.08606688,1.0000000000000000,0,0.0000000000000000,-80.08616701]
      },
      "anisotropy energy type": {
        "value": "uniaxial"
      },
      "magnetocrystalline anisotropy constants": {
        "value": [
-0.503,-0.010]
      },
      "kind of anisotropy": {
        "value": "easy plane"
      },
      "anisotropy info": {
        "value": "software VASP (vasp.5.4.4) with spin-orbit coupling, k-points mesh 16x16x8, Ecut-off=401.823 eV, PAW_PBE, Fe:PAW_PBE:06Sep2000, Nb_pv:PAW_PBE:08Apr2002, Pressure=0.0 kbar, temperature=0K"
      },
      "exchange integrals": {
        "value": null
      },
      "exchange info": {
        "value": null
      },
      "magnetic order": {
        "value": null
      },
      "curie temperature": {
        "value": null
      },
      "curie temperature info": {
        "value": null
      },
      "anisotropy field": {
        "value": null
      },
      "remanence": {
        "value": null
      },
      "coercivity": {
        "value": null
      },
      "energy product": {
        "value": null
      },
      "hysteresis info": {
        "value": null
      },
      "domain wall width": {
        "value": null
      },
      "domain wall info": {
        "value": null
      },
      "exchange stiffness": {
        "value": null
      },
      "exchange stiffness info": {
        "value": null
      }
    },
    "additional information": {
      "authors": {
        "value": ["ICCRAM"]
      },
      "reference": {
        "value": null
      },
      "comments": {
        "value": null
      },
      "attached files": {
        "value": [
"Fe6Nb3_#164_1N.cif",
"CONTCAR_Fe6Nb3_#164_1N",
"Fe6Nb3_#164_1N.png"
]
      },
      "attached files info": {
        "value": null
      }
    }
  }
}
