{
  "confidential": {
  "value": false
  }, 
  "name": "NOVAMAG_theory_ICCRAM_Fe2Se2_#194_1A",
  "properties": {
    "approach": {
      "value": "theory"
    },
    "summary": {
      "value": "crystal, energy, magnetization, MAE"
    },
    "chemistry": {
      "chemical formula": {
        "value": "Fe2Se2"
      },
      "production info": {
        "value": "initial POSCAR from AFLOW library http://aflow.org/material.php?id=Fe_pvSe/ICSD_29308.AB"
      }
    },
    "crystal": {
      "compound space group": {
        "value": 194
      },
      "unit cell volume": {
        "value": 63.764288
      },
      "lattice parameters": {
        "value": [
          3.83043,
          3.83043,
          5.01824
        ]
      },
      "lattice angles": {
        "value": [
          90.00000,
          90.00000,
          120.00000
        ]
      },
      "atomic positions": {
        "value": [
"Fe1(2a)",
0.00000,
0.00000,
0.00000,
"Se1(2d)",
0.33333,
0.66667,
0.75000
]
      },
      "crystal info": {
        "value": "software VASP (vasp.5.4.4), k-points mesh 18x18x12, Ecut-off=401.823 eV, PAW_PBE, Fe:PAW_PBE:06Sep2000, Se:PAW_PBE:06Sep2000, Pressure=0.0 kbar, temperature=0K"
      }
    },
    "thermodynamics": {
      "unit cell energy": {
        "value": -23.82729144
      },
      "unit cell formation enthalpy": {
        "value": -0.342477
      },
      "energy info": {
        "value": "software VASP (vasp.5.4.4), k-points mesh 18x18x12, Ecut-off=401.823 eV, PAW_PBE, Fe:PAW_PBE:06Sep2000, Se:PAW_PBE:06Sep2000, Pressure=0.0 kbar, temperature=0K"
      },
      "interatomic potentials info": {
        "value": null
      },
      "magnetic free energy": {
        "value": null
      },
      "magnetic free energy info": {
        "value": null
      }
    },
    "magnetics": {
      "unit cell spin polarization": {
        "value": 4.641
      },
      "atomic spin specie": {
        "value": [
"1 Fe",
2.327,
"2 Fe",
2.341,
"3 Se",
-0.013,
"4 Se",
-0.013
]
      },
      "saturation magnetization": {
        "value": 0.848
      },
      "magnetization temperature": {
        "value": 0
      },
      "magnetization info": {
        "value": "software VASP (vasp.5.4.4), k-points mesh 18x18x12, Ecut-off=401.823 eV, PAW_PBE, Fe:PAW_PBE:06Sep2000, Se:PAW_PBE:06Sep2000, Pressure=0.0 kbar, temperature=0K"
      },
      "magnetocrystalline anisotropy energy": {
        "value": [
0.0000000000000000,0,1.0000000000000000,-23.87959077,0.2588190451025207,0,0.9659258262890683,-23.87969910,0.5000000000000000,0,0.8660254037844386,-23.87999863,0.7071067811865476,0,0.7071067811865476,-23.88040845,0.8660254037844386,0,0.5000000000000000,-23.88081499,1.0000000000000000,0,0.0000000000000000,-23.88122051]
      },
      "anisotropy energy type": {
        "value": "uniaxial"
      },
      "magnetocrystalline anisotropy constants": {
        "value": [
-4.114,0.017]
      },
      "kind of anisotropy": {
        "value": "easy plane"
      },
      "anisotropy info": {
        "value": "software VASP (vasp.5.4.4) with spin-orbit coupling, k-points mesh 18x18x12, Ecut-off=401.823 eV, PAW_PBE, Fe:PAW_PBE:06Sep2000, Se:PAW_PBE:06Sep2000, Pressure=0.0 kbar, temperature=0K"
      },
      "exchange integrals": {
        "value": null
      },
      "exchange info": {
        "value": null
      },
      "magnetic order": {
        "value": null
      },
      "curie temperature": {
        "value": null
      },
      "curie temperature info": {
        "value": null
      },
      "anisotropy field": {
        "value": null
      },
      "remanence": {
        "value": null
      },
      "coercivity": {
        "value": null
      },
      "energy product": {
        "value": null
      },
      "hysteresis info": {
        "value": null
      },
      "domain wall width": {
        "value": null
      },
      "domain wall info": {
        "value": null
      },
      "exchange stiffness": {
        "value": null
      },
      "exchange stiffness info": {
        "value": null
      }
    },
    "additional information": {
      "authors": {
        "value": ["ICCRAM"]
      },
      "reference": {
        "value": "S. Curtarolo et al. Computational Materials Science 58 (2012) 218-226"
      },
      "comments": {
        "value": null
      },
      "attached files": {
        "value": [
"Fe2Se2_#194_1A.cif",
"CONTCAR_Fe2Se2_#194_1A",
"Fe2Se2_#194_1A.png"
]
      },
      "attached files info": {
        "value": null
      }
    }
  }
}
