{
  "confidential": {
  "value": false
  }, 
  "name": "NOVAMAG_theory_ICCRAM_Fe6Se6_#166_1A",
  "properties": {
    "approach": {
      "value": "theory"
    },
    "summary": {
      "value": "crystal, energy, magnetization, MAE"
    },
    "chemistry": {
      "chemical formula": {
        "value": "Fe6Se6"
      },
      "production info": {
        "value": "initial POSCAR from AFLOW library http://aflow.org/material.php?id=Fe_pvSe/28"
      }
    },
    "crystal": {
      "compound space group": {
        "value": 166
      },
      "unit cell volume": {
        "value": 224.987894
      },
      "lattice parameters": {
        "value": [
          3.10094,
          3.10094,
          27.01730
        ]
      },
      "lattice angles": {
        "value": [
          90.00000,
          90.00000,
          120.00000
        ]
      },
      "atomic positions": {
        "value": [
"Fe1(6c)",
0.00000,
0.00000,
0.13338,
"Se1(6c)",
0.00000,
0.00000,
0.59293
]
      },
      "crystal info": {
        "value": "software VASP (vasp.5.4.4), k-points mesh 22x22x2, Ecut-off=401.823 eV, PAW_PBE, Fe:PAW_PBE:06Sep2000, Se:PAW_PBE:06Sep2000, Pressure=0.0 kbar, temperature=0K"
      }
    },
    "thermodynamics": {
      "unit cell energy": {
        "value": -70.43085851
      },
      "unit cell formation enthalpy": {
        "value": 0.023586
      },
      "energy info": {
        "value": "software VASP (vasp.5.4.4), k-points mesh 22x22x2, Ecut-off=401.823 eV, PAW_PBE, Fe:PAW_PBE:06Sep2000, Se:PAW_PBE:06Sep2000, Pressure=0.0 kbar, temperature=0K"
      },
      "interatomic potentials info": {
        "value": null
      },
      "magnetic free energy": {
        "value": null
      },
      "magnetic free energy info": {
        "value": null
      }
    },
    "magnetics": {
      "unit cell spin polarization": {
        "value": 14.488
      },
      "atomic spin specie": {
        "value": [
"1 Fe",
2.446,
"2 Fe",
2.446,
"3 Fe",
2.447,
"4 Fe",
2.445,
"5 Fe",
2.445,
"6 Fe",
2.447,
"7 Se",
-0.031,
"8 Se",
-0.031,
"9 Se",
-0.031,
"10 Se",
-0.031,
"11 Se",
-0.031,
"12 Se",
-0.031
]
      },
      "saturation magnetization": {
        "value": 0.750
      },
      "magnetization temperature": {
        "value": 0
      },
      "magnetization info": {
        "value": "software VASP (vasp.5.4.4), k-points mesh 22x22x2, Ecut-off=401.823 eV, PAW_PBE, Fe:PAW_PBE:06Sep2000, Se:PAW_PBE:06Sep2000, Pressure=0.0 kbar, temperature=0K"
      },
      "magnetocrystalline anisotropy energy": {
        "value": [
0.0000000000000000,0,1.0000000000000000,-70.60032850,0.2588190451025207,0,0.9659258262890683,-70.60035946,0.5000000000000000,0,0.8660254037844386,-70.60046284,0.7071067811865476,0,0.7071067811865476,-70.60061263,0.8660254037844386,0,0.5000000000000000,-70.60077188,1.0000000000000000,0,0.0000000000000000,-70.60093968]
      },
      "anisotropy energy type": {
        "value": "uniaxial"
      },
      "magnetocrystalline anisotropy constants": {
        "value": [
-0.370,-0.068]
      },
      "kind of anisotropy": {
        "value": "easy plane"
      },
      "anisotropy info": {
        "value": "software VASP (vasp.5.4.4) with spin-orbit coupling, k-points mesh 22x22x2, Ecut-off=401.823 eV, PAW_PBE, Fe:PAW_PBE:06Sep2000, Se:PAW_PBE:06Sep2000, Pressure=0.0 kbar, temperature=0K"
      },
      "exchange integrals": {
        "value": null
      },
      "exchange info": {
        "value": null
      },
      "magnetic order": {
        "value": null
      },
      "curie temperature": {
        "value": null
      },
      "curie temperature info": {
        "value": null
      },
      "anisotropy field": {
        "value": null
      },
      "remanence": {
        "value": null
      },
      "coercivity": {
        "value": null
      },
      "energy product": {
        "value": null
      },
      "hysteresis info": {
        "value": null
      },
      "domain wall width": {
        "value": null
      },
      "domain wall info": {
        "value": null
      },
      "exchange stiffness": {
        "value": null
      },
      "exchange stiffness info": {
        "value": null
      }
    },
    "additional information": {
      "authors": {
        "value": ["ICCRAM"]
      },
      "reference": {
        "value": "S. Curtarolo et al. Computational Materials Science 58 (2012) 218-226"
      },
      "comments": {
        "value": null
      },
      "attached files": {
        "value": [
"Fe6Se6_#166_1A.cif",
"CONTCAR_Fe6Se6_#166_1A",
"Fe6Se6_#166_1A.png"
]
      },
      "attached files info": {
        "value": null
      }
    }
  }
}
