{
  "confidential": {
  "value": false
  }, 
  "name": "NOVAMAG_theory_ICCRAM_Fe10Ta2_#186_1N",
  "properties": {
    "approach": {
      "value": "theory"
    },
    "summary": {
      "value": "crystal, energy, magnetization, MAE, coercivity, energy product"
    },
    "chemistry": {
      "chemical formula": {
        "value": "Fe10Ta2"
      },
      "production info": {
        "value": "initial POSCAR from NOVAMAG library http://crono.ubu.es/novamag/show_item_features?mafid=1299"
      }
    },
    "crystal": {
      "compound space group": {
        "value": 186
      },
      "unit cell volume": {
        "value": 148.229023
      },
      "lattice parameters": {
        "value": [
          4.72152,
          4.72152,
          7.67783
        ]
      },
      "lattice angles": {
        "value": [
          90.00000,
          90.00000,
          120.00000
        ]
      },
      "atomic positions": {
        "value": [
"Fe1(6c)",
0.83063,
0.16937,
0.31409,
"Fe2(2b)",
0.33333,
0.66667,
0.12069,
"Fe3(2a)",
0.00000,
0.00000,
0.06588,
"Ta1(2b)",
0.33333,
0.66667,
0.50002
]
      },
      "crystal info": {
        "value": "software VASP (vasp.5.4.4), k-points mesh 15x15x8, Ecut-off=401.823 eV, PAW_PBE, Fe:PAW_PBE:06Sep2000, Ta:PAW_PBE:17Jan2003, Pressure=0.0 kbar, temperature=0K"
      }
    },
    "thermodynamics": {
      "unit cell energy": {
        "value": -107.07507906
      },
      "unit cell formation enthalpy": {
        "value": -0.979186
      },
      "energy info": {
        "value": "software VASP (vasp.5.4.4), k-points mesh 15x15x8, Ecut-off=401.823 eV, PAW_PBE, Fe:PAW_PBE:06Sep2000, Ta:PAW_PBE:17Jan2003, Pressure=0.0 kbar, temperature=0K"
      },
      "interatomic potentials info": {
        "value": null
      },
      "magnetic free energy": {
        "value": null
      },
      "magnetic free energy info": {
        "value": null
      }
    },
    "magnetics": {
      "unit cell spin polarization": {
        "value": 18.011
      },
      "atomic spin specie": {
        "value": [
"1 Fe",
1.768,
"2 Fe",
1.765,
"3 Fe",
1.769,
"4 Fe",
1.765,
"5 Fe",
1.769,
"6 Fe",
1.765,
"7 Fe",
2.695,
"8 Fe",
2.692,
"9 Fe",
1.628,
"10 Fe",
1.639,
"11 Ta",
-0.621,
"12 Ta",
-0.622
]
      },
      "saturation magnetization": {
        "value": 1.415
      },
      "magnetization temperature": {
        "value": 0
      },
      "magnetization info": {
        "value": "software VASP (vasp.5.4.4), k-points mesh 15x15x8, Ecut-off=401.823 eV, PAW_PBE, Fe:PAW_PBE:06Sep2000, Ta:PAW_PBE:17Jan2003, Pressure=0.0 kbar, temperature=0K"
      },
      "magnetocrystalline anisotropy energy": {
        "value": [
0.0000000000000000,0,1.0000000000000000,-107.43576316,0.2588190451025207,0,0.9659258262890683,-107.43571400,0.5000000000000000,0,0.8660254037844386,-107.43554642,0.7071067811865476,0,0.7071067811865476,-107.43521476,0.8660254037844386,0,0.5000000000000000,-107.43472366,1.0000000000000000,0,0.0000000000000000,-107.43413061]
      },
      "anisotropy energy type": {
        "value": "uniaxial"
      },
      "magnetocrystalline anisotropy constants": {
        "value": [
0.641,1.132]
      },
      "kind of anisotropy": {
        "value": "easy axis"
      },
      "anisotropy info": {
        "value": "software VASP (vasp.5.4.4) with spin-orbit coupling, k-points mesh 15x15x8, Ecut-off=401.823 eV, PAW_PBE, Fe:PAW_PBE:06Sep2000, Ta:PAW_PBE:17Jan2003, Pressure=0.0 kbar, temperature=0K"
      },
      "exchange integrals": {
        "value": null
      },
      "exchange info": {
        "value": null
      },
      "magnetic order": {
        "value": null
      },
      "curie temperature": {
        "value": null
      },
      "curie temperature info": {
        "value": null
      },
      "anisotropy field": {
        "value": 5.160
      },
      "remanence": {
        "value": 1.415
      },
      "coercivity": {
        "value": 5.160
      },
      "energy product": {
        "value": 398.330
      },
      "hysteresis info": {
        "value": "Stoner-Wohlfarth model without shape anisotropy, perfectly rectangular hysteresis loop, temperature = 0 K. Remanence equals to saturation magnetization (Ms). Anisotropy field: mu_0*Hk=(2*K_1+4*K_2)/Ms, where mu_0 is the vacuum permeability. Coercivity: Hc=Hk. Maximum energy product (upper limit)=(1/4)*mu_0*Ms^2, note this value can only be reached if the demagnetization factor is D=0.5 and Hc>0.5*Ms."
      },
      "domain wall width": {
        "value": null
      },
      "domain wall info": {
        "value": null
      },
      "exchange stiffness": {
        "value": null
      },
      "exchange stiffness info": {
        "value": null
      }
    },
    "additional information": {
      "authors": {
        "value": ["ICCRAM"]
      },
      "reference": {
        "value": null
      },
      "comments": {
        "value": "Hardness parameter=0.634"
      },
      "attached files": {
        "value": [
"Fe10Ta2_#186_1N.cif",
"CONTCAR_Fe10Ta2_#186_1N",
"Fe10Ta2_#186_1N.png"
]
      },
      "attached files info": {
        "value": null
      }
    }
  }
}
