{
  "confidential": {
  "value": false
  }, 
  "name": "NOVAMAG_theory_ICCRAM_Fe10Ta2_#129_1N",
  "properties": {
    "approach": {
      "value": "theory"
    },
    "summary": {
      "value": "crystal, energy, magnetization, MAE, coercivity, energy product"
    },
    "chemistry": {
      "chemical formula": {
        "value": "Fe10Ta2"
      },
      "production info": {
        "value": "initial POSCAR from NOVAMAG library http://crono.ubu.es/novamag/show_item_features?mafid=1313"
      }
    },
    "crystal": {
      "compound space group": {
        "value": 129
      },
      "unit cell volume": {
        "value": 147.580940
      },
      "lattice parameters": {
        "value": [
          4.10170,
          4.10170,
          8.77206
        ]
      },
      "lattice angles": {
        "value": [
          90.00000,
          90.00000,
          90.00000
        ]
      },
      "atomic positions": {
        "value": [
"Fe1(4f)",
0.75000,
0.25000,
0.84163,
"Fe2(2c)",
0.25000,
0.25000,
0.67366,
"Fe3(2b)",
0.75000,
0.25000,
0.50000,
"Fe4(2c)",
0.25000,
0.25000,
-0.00166,
"Ta1(2c)",
0.25000,
0.25000,
0.33046
]
      },
      "crystal info": {
        "value": "software VASP (vasp.5.4.4), k-points mesh 15x15x7, Ecut-off=401.823 eV, PAW_PBE, Fe:PAW_PBE:06Sep2000, Ta:PAW_PBE:17Jan2003, Pressure=0.0 kbar, temperature=0K"
      }
    },
    "thermodynamics": {
      "unit cell energy": {
        "value": -107.14831105
      },
      "unit cell formation enthalpy": {
        "value": -1.052418
      },
      "energy info": {
        "value": "software VASP (vasp.5.4.4), k-points mesh 15x15x7, Ecut-off=401.823 eV, PAW_PBE, Fe:PAW_PBE:06Sep2000, Ta:PAW_PBE:17Jan2003, Pressure=0.0 kbar, temperature=0K"
      },
      "interatomic potentials info": {
        "value": null
      },
      "magnetic free energy": {
        "value": null
      },
      "magnetic free energy info": {
        "value": null
      }
    },
    "magnetics": {
      "unit cell spin polarization": {
        "value": 19.078
      },
      "atomic spin specie": {
        "value": [
"1 Fe",
1.882,
"2 Fe",
1.882,
"3 Fe",
1.882,
"4 Fe",
1.882,
"5 Fe",
2.393,
"6 Fe",
2.393,
"7 Fe",
1.569,
"8 Fe",
1.569,
"9 Fe",
2.484,
"10 Fe",
2.484,
"11 Ta",
-0.670,
"12 Ta",
-0.670
]
      },
      "saturation magnetization": {
        "value": 1.506
      },
      "magnetization temperature": {
        "value": 0
      },
      "magnetization info": {
        "value": "software VASP (vasp.5.4.4), k-points mesh 15x15x7, Ecut-off=401.823 eV, PAW_PBE, Fe:PAW_PBE:06Sep2000, Ta:PAW_PBE:17Jan2003, Pressure=0.0 kbar, temperature=0K"
      },
      "magnetocrystalline anisotropy energy": {
        "value": [
0.0000000000000000,0,1.0000000000000000,-107.52363668,0.2588190451025207,0,0.9659258262890683,-107.52350355,0.5000000000000000,0,0.8660254037844386,-107.52314308,0.7071067811865476,0,0.7071067811865476,-107.52265405,0.8660254037844386,0,0.5000000000000000,-107.52219227,1.0000000000000000,0,0.0000000000000000,-107.52176627]
      },
      "anisotropy energy type": {
        "value": "uniaxial"
      },
      "magnetocrystalline anisotropy constants": {
        "value": [
2.225,-0.191]
      },
      "kind of anisotropy": {
        "value": "easy axis"
      },
      "anisotropy info": {
        "value": "software VASP (vasp.5.4.4) with spin-orbit coupling, k-points mesh 15x15x7, Ecut-off=401.823 eV, PAW_PBE, Fe:PAW_PBE:06Sep2000, Ta:PAW_PBE:17Jan2003, Pressure=0.0 kbar, temperature=0K"
      },
      "exchange integrals": {
        "value": null
      },
      "exchange info": {
        "value": null
      },
      "magnetic order": {
        "value": null
      },
      "curie temperature": {
        "value": null
      },
      "curie temperature info": {
        "value": null
      },
      "anisotropy field": {
        "value": 3.076
      },
      "remanence": {
        "value": 1.506
      },
      "coercivity": {
        "value": 3.076
      },
      "energy product": {
        "value": 451.211
      },
      "hysteresis info": {
        "value": "Stoner-Wohlfarth model without shape anisotropy, perfectly rectangular hysteresis loop, temperature = 0 K. Remanence equals to saturation magnetization (Ms). Anisotropy field: mu_0*Hk=(2*K_1+4*K_2)/Ms, where mu_0 is the vacuum permeability. Coercivity: Hc=Hk. Maximum energy product (upper limit)=(1/4)*mu_0*Ms^2, note this value can only be reached if the demagnetization factor is D=0.5 and Hc>0.5*Ms."
      },
      "domain wall width": {
        "value": null
      },
      "domain wall info": {
        "value": null
      },
      "exchange stiffness": {
        "value": null
      },
      "exchange stiffness info": {
        "value": null
      }
    },
    "additional information": {
      "authors": {
        "value": ["ICCRAM"]
      },
      "reference": {
        "value": null
      },
      "comments": {
        "value": "Hardness parameter=1.110"
      },
      "attached files": {
        "value": [
"Fe10Ta2_#129_1N.cif",
"CONTCAR_Fe10Ta2_#129_1N",
"Fe10Ta2_#129_1N.png"
]
      },
      "attached files info": {
        "value": null
      }
    }
  }
}
