{
  "confidential": {
  "value": false
  }, 
  "name": "NOVAMAG_theory_ICCRAM_Fe10Ta2_#164_1N",
  "properties": {
    "approach": {
      "value": "theory"
    },
    "summary": {
      "value": "crystal, energy, magnetization, MAE"
    },
    "chemistry": {
      "chemical formula": {
        "value": "Fe10Ta2"
      },
      "production info": {
        "value": "initial POSCAR from NOVAMAG library http://crono.ubu.es/novamag/show_item_features?mafid=1311"
      }
    },
    "crystal": {
      "compound space group": {
        "value": 164
      },
      "unit cell volume": {
        "value": 148.654159
      },
      "lattice parameters": {
        "value": [
          4.11026,
          4.11026,
          10.16033
        ]
      },
      "lattice angles": {
        "value": [
          90.00000,
          90.00000,
          120.00000
        ]
      },
      "atomic positions": {
        "value": [
"Fe1(2d)",
0.33333,
0.66667,
0.54479,
"Fe2(2d)",
0.33333,
0.66667,
0.03754,
"Fe3(2c)",
0.00000,
0.00000,
0.87960,
"Fe4(2c)",
0.00000,
0.00000,
0.37868,
"Fe5(2d)",
0.33333,
0.66667,
0.79925,
"Ta1(2d)",
0.33333,
0.66667,
0.28971
]
      },
      "crystal info": {
        "value": "software VASP (vasp.5.4.4), k-points mesh 17x17x6, Ecut-off=401.823 eV, PAW_PBE, Fe:PAW_PBE:06Sep2000, Ta:PAW_PBE:17Jan2003, Pressure=0.0 kbar, temperature=0K"
      }
    },
    "thermodynamics": {
      "unit cell energy": {
        "value": -107.02546986
      },
      "unit cell formation enthalpy": {
        "value": -0.929577
      },
      "energy info": {
        "value": "software VASP (vasp.5.4.4), k-points mesh 17x17x6, Ecut-off=401.823 eV, PAW_PBE, Fe:PAW_PBE:06Sep2000, Ta:PAW_PBE:17Jan2003, Pressure=0.0 kbar, temperature=0K"
      },
      "interatomic potentials info": {
        "value": null
      },
      "magnetic free energy": {
        "value": null
      },
      "magnetic free energy info": {
        "value": null
      }
    },
    "magnetics": {
      "unit cell spin polarization": {
        "value": 19.851
      },
      "atomic spin specie": {
        "value": [
"1 Fe",
2.297,
"2 Fe",
2.297,
"3 Fe",
2.197,
"4 Fe",
2.197,
"5 Fe",
2.326,
"6 Fe",
2.326,
"7 Fe",
1.931,
"8 Fe",
1.931,
"9 Fe",
1.916,
"10 Fe",
1.916,
"11 Ta",
-0.742,
"12 Ta",
-0.742
]
      },
      "saturation magnetization": {
        "value": 1.555
      },
      "magnetization temperature": {
        "value": 0
      },
      "magnetization info": {
        "value": "software VASP (vasp.5.4.4), k-points mesh 17x17x6, Ecut-off=401.823 eV, PAW_PBE, Fe:PAW_PBE:06Sep2000, Ta:PAW_PBE:17Jan2003, Pressure=0.0 kbar, temperature=0K"
      },
      "magnetocrystalline anisotropy energy": {
        "value": [
0.0000000000000000,0,1.0000000000000000,-107.39125725,0.2588190451025207,0,0.9659258262890683,-107.39131638,0.5000000000000000,0,0.8660254037844386,-107.39148472,0.7071067811865476,0,0.7071067811865476,-107.39170896,0.8660254037844386,0,0.5000000000000000,-107.39193226,1.0000000000000000,0,0.0000000000000000,-107.39216015]
      },
      "anisotropy energy type": {
        "value": "uniaxial"
      },
      "magnetocrystalline anisotropy constants": {
        "value": [
-0.975,0.006]
      },
      "kind of anisotropy": {
        "value": "easy plane"
      },
      "anisotropy info": {
        "value": "software VASP (vasp.5.4.4) with spin-orbit coupling, k-points mesh 17x17x6, Ecut-off=401.823 eV, PAW_PBE, Fe:PAW_PBE:06Sep2000, Ta:PAW_PBE:17Jan2003, Pressure=0.0 kbar, temperature=0K"
      },
      "exchange integrals": {
        "value": null
      },
      "exchange info": {
        "value": null
      },
      "magnetic order": {
        "value": null
      },
      "curie temperature": {
        "value": null
      },
      "curie temperature info": {
        "value": null
      },
      "anisotropy field": {
        "value": null
      },
      "remanence": {
        "value": null
      },
      "coercivity": {
        "value": null
      },
      "energy product": {
        "value": null
      },
      "hysteresis info": {
        "value": null
      },
      "domain wall width": {
        "value": null
      },
      "domain wall info": {
        "value": null
      },
      "exchange stiffness": {
        "value": null
      },
      "exchange stiffness info": {
        "value": null
      }
    },
    "additional information": {
      "authors": {
        "value": ["ICCRAM"]
      },
      "reference": {
        "value": null
      },
      "comments": {
        "value": null
      },
      "attached files": {
        "value": [
"Fe10Ta2_#164_1N.cif",
"CONTCAR_Fe10Ta2_#164_1N",
"Fe10Ta2_#164_1N.png"
]
      },
      "attached files info": {
        "value": null
      }
    }
  }
}
