{
  "confidential": {
  "value": false
  }, 
  "name": "NOVAMAG_theory_ICCRAM_Fe10Ta4_#186_1N",
  "properties": {
    "approach": {
      "value": "theory"
    },
    "summary": {
      "value": "crystal, energy, magnetization, MAE, coercivity, energy product"
    },
    "chemistry": {
      "chemical formula": {
        "value": "Fe10Ta4"
      },
      "production info": {
        "value": "initial POSCAR from NOVAMAG library http://crono.ubu.es/novamag/show_item_features?mafid=1335"
      }
    },
    "crystal": {
      "compound space group": {
        "value": 186
      },
      "unit cell volume": {
        "value": 182.366592
      },
      "lattice parameters": {
        "value": [
          4.72057,
          4.72057,
          9.44992
        ]
      },
      "lattice angles": {
        "value": [
          90.00000,
          90.00000,
          120.00000
        ]
      },
      "atomic positions": {
        "value": [
"Fe1(6c)",
0.50097,
0.49903,
0.12686,
"Fe2(2b)",
0.33333,
0.66667,
0.87201,
"Fe3(2a)",
0.00000,
0.00000,
0.75544,
"Ta1(2b)",
0.33333,
0.66667,
0.36858,
"Ta2(2a)",
0.00000,
0.00000,
0.49937
]
      },
      "crystal info": {
        "value": "software VASP (vasp.5.4.4), k-points mesh 15x15x6, Ecut-off=401.823 eV, PAW_PBE, Fe:PAW_PBE:06Sep2000, Ta:PAW_PBE:17Jan2003, Pressure=0.0 kbar, temperature=0K"
      }
    },
    "thermodynamics": {
      "unit cell energy": {
        "value": -131.19351492
      },
      "unit cell formation enthalpy": {
        "value": -1.373643
      },
      "energy info": {
        "value": "software VASP (vasp.5.4.4), k-points mesh 15x15x6, Ecut-off=401.823 eV, PAW_PBE, Fe:PAW_PBE:06Sep2000, Ta:PAW_PBE:17Jan2003, Pressure=0.0 kbar, temperature=0K"
      },
      "interatomic potentials info": {
        "value": null
      },
      "magnetic free energy": {
        "value": null
      },
      "magnetic free energy info": {
        "value": null
      }
    },
    "magnetics": {
      "unit cell spin polarization": {
        "value": 14.773
      },
      "atomic spin specie": {
        "value": [
"1 Fe",
1.629,
"2 Fe",
1.627,
"3 Fe",
1.628,
"4 Fe",
1.627,
"5 Fe",
1.628,
"6 Fe",
1.627,
"7 Fe",
2.237,
"8 Fe",
2.236,
"9 Fe",
1.412,
"10 Fe",
1.415,
"11 Ta",
-0.657,
"12 Ta",
-0.656,
"13 Ta",
-0.490,
"14 Ta",
-0.490
]
      },
      "saturation magnetization": {
        "value": 0.944
      },
      "magnetization temperature": {
        "value": 0
      },
      "magnetization info": {
        "value": "software VASP (vasp.5.4.4), k-points mesh 15x15x6, Ecut-off=401.823 eV, PAW_PBE, Fe:PAW_PBE:06Sep2000, Ta:PAW_PBE:17Jan2003, Pressure=0.0 kbar, temperature=0K"
      },
      "magnetocrystalline anisotropy energy": {
        "value": [
0.0000000000000000,0,1.0000000000000000,-131.86346721,0.2588190451025207,0,0.9659258262890683,-131.86275284,0.5000000000000000,0,0.8660254037844386,-131.86089206,0.7071067811865476,0,0.7071067811865476,-131.85841843,0.8660254037844386,0,0.5000000000000000,-131.85599397,1.0000000000000000,0,0.0000000000000000,-131.85369538]
      },
      "anisotropy energy type": {
        "value": "uniaxial"
      },
      "magnetocrystalline anisotropy constants": {
        "value": [
9.202,-0.618]
      },
      "kind of anisotropy": {
        "value": "easy axis"
      },
      "anisotropy info": {
        "value": "software VASP (vasp.5.4.4) with spin-orbit coupling, k-points mesh 15x15x6, Ecut-off=401.823 eV, PAW_PBE, Fe:PAW_PBE:06Sep2000, Ta:PAW_PBE:17Jan2003, Pressure=0.0 kbar, temperature=0K"
      },
      "exchange integrals": {
        "value": null
      },
      "exchange info": {
        "value": null
      },
      "magnetic order": {
        "value": null
      },
      "curie temperature": {
        "value": null
      },
      "curie temperature info": {
        "value": null
      },
      "anisotropy field": {
        "value": 21.208
      },
      "remanence": {
        "value": 0.944
      },
      "coercivity": {
        "value": 21.208
      },
      "energy product": {
        "value": 177.286
      },
      "hysteresis info": {
        "value": "Stoner-Wohlfarth model without shape anisotropy, perfectly rectangular hysteresis loop, temperature = 0 K. Remanence equals to saturation magnetization (Ms). Anisotropy field: mu_0*Hk=(2*K_1+4*K_2)/Ms, where mu_0 is the vacuum permeability. Coercivity: Hc=Hk. Maximum energy product (upper limit)=(1/4)*mu_0*Ms^2, note this value can only be reached if the demagnetization factor is D=0.5 and Hc>0.5*Ms."
      },
      "domain wall width": {
        "value": null
      },
      "domain wall info": {
        "value": null
      },
      "exchange stiffness": {
        "value": null
      },
      "exchange stiffness info": {
        "value": null
      }
    },
    "additional information": {
      "authors": {
        "value": ["ICCRAM"]
      },
      "reference": {
        "value": null
      },
      "comments": {
        "value": "Hardness parameter=3.602"
      },
      "attached files": {
        "value": [
"Fe10Ta4_#186_1N.cif",
"CONTCAR_Fe10Ta4_#186_1N",
"Fe10Ta4_#186_1N.png"
]
      },
      "attached files info": {
        "value": null
      }
    }
  }
}
