{
  "confidential": {
  "value": false
  }, 
  "name": "NOVAMAG_theory_ICCRAM_Fe12Ta4_#136_1N",
  "properties": {
    "approach": {
      "value": "theory"
    },
    "summary": {
      "value": "crystal, energy, magnetization, MAE, coercivity, energy product"
    },
    "chemistry": {
      "chemical formula": {
        "value": "Fe12Ta4"
      },
      "production info": {
        "value": "initial POSCAR from NOVAMAG library http://crono.ubu.es/novamag/show_item_features?mafid=1372"
      }
    },
    "crystal": {
      "compound space group": {
        "value": 136
      },
      "unit cell volume": {
        "value": 207.506405
      },
      "lattice parameters": {
        "value": [
          8.27906,
          8.27906,
          3.02739
        ]
      },
      "lattice angles": {
        "value": [
          90.00000,
          90.00000,
          90.00000
        ]
      },
      "atomic positions": {
        "value": [
"Fe1(8i)",
0.38682,
0.12614,
0.00000,
"Fe2(4g)",
0.87390,
0.12610,
0.00000,
"Ta1(4g)",
0.63070,
0.36930,
0.00000
]
      },
      "crystal info": {
        "value": "software VASP (vasp.5.4.4), k-points mesh 7x7x20, Ecut-off=401.823 eV, PAW_PBE, Fe:PAW_PBE:06Sep2000, Ta:PAW_PBE:17Jan2003, Pressure=0.0 kbar, temperature=0K"
      }
    },
    "thermodynamics": {
      "unit cell energy": {
        "value": -147.76110906
      },
      "unit cell formation enthalpy": {
        "value": -1.466854
      },
      "energy info": {
        "value": "software VASP (vasp.5.4.4), k-points mesh 7x7x20, Ecut-off=401.823 eV, PAW_PBE, Fe:PAW_PBE:06Sep2000, Ta:PAW_PBE:17Jan2003, Pressure=0.0 kbar, temperature=0K"
      },
      "interatomic potentials info": {
        "value": null
      },
      "magnetic free energy": {
        "value": null
      },
      "magnetic free energy info": {
        "value": null
      }
    },
    "magnetics": {
      "unit cell spin polarization": {
        "value": 22.509
      },
      "atomic spin specie": {
        "value": [
"1 Fe",
2.214,
"2 Fe",
2.214,
"3 Fe",
2.214,
"4 Fe",
2.214,
"5 Fe",
2.214,
"6 Fe",
2.214,
"7 Fe",
2.214,
"8 Fe",
2.214,
"9 Fe",
1.829,
"10 Fe",
1.828,
"11 Fe",
1.828,
"12 Fe",
1.829,
"13 Ta",
-0.629,
"14 Ta",
-0.629,
"15 Ta",
-0.629,
"16 Ta",
-0.629
]
      },
      "saturation magnetization": {
        "value": 1.264
      },
      "magnetization temperature": {
        "value": 0
      },
      "magnetization info": {
        "value": "software VASP (vasp.5.4.4), k-points mesh 7x7x20, Ecut-off=401.823 eV, PAW_PBE, Fe:PAW_PBE:06Sep2000, Ta:PAW_PBE:17Jan2003, Pressure=0.0 kbar, temperature=0K"
      },
      "magnetocrystalline anisotropy energy": {
        "value": [
0.0000000000000000,0,1.0000000000000000,-148.45315315,0.2588190451025207,0,0.9659258262890683,-148.45287922,0.5000000000000000,0,0.8660254037844386,-148.45212481,0.7071067811865476,0,0.7071067811865476,-148.45109356,0.8660254037844386,0,0.5000000000000000,-148.45006459,1.0000000000000000,0,0.0000000000000000,-148.44901910]
      },
      "anisotropy energy type": {
        "value": "uniaxial"
      },
      "magnetocrystalline anisotropy constants": {
        "value": [
3.164,0.027]
      },
      "kind of anisotropy": {
        "value": "easy axis"
      },
      "anisotropy info": {
        "value": "software VASP (vasp.5.4.4) with spin-orbit coupling, k-points mesh 7x7x20, Ecut-off=401.823 eV, PAW_PBE, Fe:PAW_PBE:06Sep2000, Ta:PAW_PBE:17Jan2003, Pressure=0.0 kbar, temperature=0K"
      },
      "exchange integrals": {
        "value": null
      },
      "exchange info": {
        "value": null
      },
      "magnetic order": {
        "value": null
      },
      "curie temperature": {
        "value": null
      },
      "curie temperature info": {
        "value": null
      },
      "anisotropy field": {
        "value": 6.399
      },
      "remanence": {
        "value": 1.264
      },
      "coercivity": {
        "value": 6.399
      },
      "energy product": {
        "value": 317.852
      },
      "hysteresis info": {
        "value": "Stoner-Wohlfarth model without shape anisotropy, perfectly rectangular hysteresis loop, temperature = 0 K. Remanence equals to saturation magnetization (Ms). Anisotropy field: mu_0*Hk=(2*K_1+4*K_2)/Ms, where mu_0 is the vacuum permeability. Coercivity: Hc=Hk. Maximum energy product (upper limit)=(1/4)*mu_0*Ms^2, note this value can only be reached if the demagnetization factor is D=0.5 and Hc>0.5*Ms."
      },
      "domain wall width": {
        "value": null
      },
      "domain wall info": {
        "value": null
      },
      "exchange stiffness": {
        "value": null
      },
      "exchange stiffness info": {
        "value": null
      }
    },
    "additional information": {
      "authors": {
        "value": ["ICCRAM"]
      },
      "reference": {
        "value": null
      },
      "comments": {
        "value": "Hardness parameter=1.578"
      },
      "attached files": {
        "value": [
"Fe12Ta4_#136_1N.cif",
"CONTCAR_Fe12Ta4_#136_1N",
"Fe12Ta4_#136_1N.png"
]
      },
      "attached files info": {
        "value": null
      }
    }
  }
}
