{
  "confidential": {
  "value": false
  }, 
  "name": "NOVAMAG_theory_ICCRAM_Fe12Ta2_#194_1N",
  "properties": {
    "approach": {
      "value": "theory"
    },
    "summary": {
      "value": "crystal, energy, magnetization, MAE, coercivity, energy product"
    },
    "chemistry": {
      "chemical formula": {
        "value": "Fe12Ta2"
      },
      "production info": {
        "value": "initial POSCAR from NOVAMAG library http://crono.ubu.es/novamag/show_item_features?mafid=1421"
      }
    },
    "crystal": {
      "compound space group": {
        "value": 194
      },
      "unit cell volume": {
        "value": 173.484292
      },
      "lattice parameters": {
        "value": [
          4.62792,
          4.62792,
          9.35314
        ]
      },
      "lattice angles": {
        "value": [
          90.00000,
          90.00000,
          120.00000
        ]
      },
      "atomic positions": {
        "value": [
"Fe1(6g)",
0.50000,
0.00000,
0.00000,
"Fe2(4e)",
0.00000,
0.00000,
0.62757,
"Fe3(2d)",
0.33333,
0.66667,
0.75000,
"Ta1(2c)",
0.33333,
0.66667,
0.25000
]
      },
      "crystal info": {
        "value": "software VASP (vasp.5.4.4), k-points mesh 15x15x6, Ecut-off=401.823 eV, PAW_PBE, Fe:PAW_PBE:06Sep2000, Ta:PAW_PBE:17Jan2003, Pressure=0.0 kbar, temperature=0K"
      }
    },
    "thermodynamics": {
      "unit cell energy": {
        "value": -123.08848801
      },
      "unit cell formation enthalpy": {
        "value": -0.518213
      },
      "energy info": {
        "value": "software VASP (vasp.5.4.4), k-points mesh 15x15x6, Ecut-off=401.823 eV, PAW_PBE, Fe:PAW_PBE:06Sep2000, Ta:PAW_PBE:17Jan2003, Pressure=0.0 kbar, temperature=0K"
      },
      "interatomic potentials info": {
        "value": null
      },
      "magnetic free energy": {
        "value": null
      },
      "magnetic free energy info": {
        "value": null
      }
    },
    "magnetics": {
      "unit cell spin polarization": {
        "value": 24.102
      },
      "atomic spin specie": {
        "value": [
"1 Fe",
1.921,
"2 Fe",
1.922,
"3 Fe",
1.921,
"4 Fe",
1.922,
"5 Fe",
1.921,
"6 Fe",
1.922,
"7 Fe",
2.436,
"8 Fe",
2.436,
"9 Fe",
2.436,
"10 Fe",
2.436,
"11 Fe",
2.305,
"12 Fe",
2.305,
"13 Ta",
-0.890,
"14 Ta",
-0.890
]
      },
      "saturation magnetization": {
        "value": 1.618
      },
      "magnetization temperature": {
        "value": 0
      },
      "magnetization info": {
        "value": "software VASP (vasp.5.4.4), k-points mesh 15x15x6, Ecut-off=401.823 eV, PAW_PBE, Fe:PAW_PBE:06Sep2000, Ta:PAW_PBE:17Jan2003, Pressure=0.0 kbar, temperature=0K"
      },
      "magnetocrystalline anisotropy energy": {
        "value": [
0.0000000000000000,0,1.0000000000000000,-123.46497290,0.2588190451025207,0,0.9659258262890683,-123.46454139,0.5000000000000000,0,0.8660254037844386,-123.46334905,0.7071067811865476,0,0.7071067811865476,-123.46168745,0.8660254037844386,0,0.5000000000000000,-123.45995011,1.0000000000000000,0,0.0000000000000000,-123.45805626]
      },
      "anisotropy energy type": {
        "value": "uniaxial"
      },
      "magnetocrystalline anisotropy constants": {
        "value": [
5.766,0.596]
      },
      "kind of anisotropy": {
        "value": "easy axis"
      },
      "anisotropy info": {
        "value": "software VASP (vasp.5.4.4) with spin-orbit coupling, k-points mesh 15x15x6, Ecut-off=401.823 eV, PAW_PBE, Fe:PAW_PBE:06Sep2000, Ta:PAW_PBE:17Jan2003, Pressure=0.0 kbar, temperature=0K"
      },
      "exchange integrals": {
        "value": null
      },
      "exchange info": {
        "value": null
      },
      "magnetic order": {
        "value": null
      },
      "curie temperature": {
        "value": null
      },
      "curie temperature info": {
        "value": null
      },
      "anisotropy field": {
        "value": 10.808
      },
      "remanence": {
        "value": 1.618
      },
      "coercivity": {
        "value": 10.808
      },
      "energy product": {
        "value": 520.819
      },
      "hysteresis info": {
        "value": "Stoner-Wohlfarth model without shape anisotropy, perfectly rectangular hysteresis loop, temperature = 0 K. Remanence equals to saturation magnetization (Ms). Anisotropy field: mu_0*Hk=(2*K_1+4*K_2)/Ms, where mu_0 is the vacuum permeability. Coercivity: Hc=Hk. Maximum energy product (upper limit)=(1/4)*mu_0*Ms^2, note this value can only be reached if the demagnetization factor is D=0.5 and Hc>0.5*Ms."
      },
      "domain wall width": {
        "value": null
      },
      "domain wall info": {
        "value": null
      },
      "exchange stiffness": {
        "value": null
      },
      "exchange stiffness info": {
        "value": null
      }
    },
    "additional information": {
      "authors": {
        "value": ["ICCRAM"]
      },
      "reference": {
        "value": null
      },
      "comments": {
        "value": "Hardness parameter=1.664"
      },
      "attached files": {
        "value": [
"Fe12Ta2_#194_1N.cif",
"CONTCAR_Fe12Ta2_#194_1N",
"Fe12Ta2_#194_1N.png"
]
      },
      "attached files info": {
        "value": null
      }
    }
  }
}
