{
  "confidential": {
  "value": false
  }, 
  "name": "NOVAMAG_theory_ICCRAM_Fe12Ta4_#123_1N",
  "properties": {
    "approach": {
      "value": "theory"
    },
    "summary": {
      "value": "crystal, energy, magnetization, MAE"
    },
    "chemistry": {
      "chemical formula": {
        "value": "Fe12Ta4"
      },
      "production info": {
        "value": "initial POSCAR from NOVAMAG library http://crono.ubu.es/novamag/show_item_features?mafid=1389"
      }
    },
    "crystal": {
      "compound space group": {
        "value": 123
      },
      "unit cell volume": {
        "value": 204.817589
      },
      "lattice parameters": {
        "value": [
          5.96756,
          5.96756,
          5.75141
        ]
      },
      "lattice angles": {
        "value": [
          90.00000,
          90.00000,
          90.00000
        ]
      },
      "atomic positions": {
        "value": [
"Fe1(8r)",
0.24758,
0.24758,
0.25690,
"Fe2(2e)",
0.00000,
0.50000,
0.50000,
"Fe3(1b)",
0.00000,
0.00000,
0.50000,
"Fe4(1c)",
0.50000,
0.50000,
0.00000,
"Ta1(2f)",
0.00000,
0.50000,
0.00000,
"Ta2(1d)",
0.50000,
0.50000,
0.50000,
"Ta3(1a)",
0.00000,
0.00000,
0.00000
]
      },
      "crystal info": {
        "value": "software VASP (vasp.5.4.4), k-points mesh 10x10x10, Ecut-off=401.823 eV, PAW_PBE, Fe:PAW_PBE:06Sep2000, Ta:PAW_PBE:17Jan2003, Pressure=0.0 kbar, temperature=0K"
      }
    },
    "thermodynamics": {
      "unit cell energy": {
        "value": -147.97827889
      },
      "unit cell formation enthalpy": {
        "value": -1.684024
      },
      "energy info": {
        "value": "software VASP (vasp.5.4.4), k-points mesh 10x10x10, Ecut-off=401.823 eV, PAW_PBE, Fe:PAW_PBE:06Sep2000, Ta:PAW_PBE:17Jan2003, Pressure=0.0 kbar, temperature=0K"
      },
      "interatomic potentials info": {
        "value": null
      },
      "magnetic free energy": {
        "value": null
      },
      "magnetic free energy info": {
        "value": null
      }
    },
    "magnetics": {
      "unit cell spin polarization": {
        "value": 19.941
      },
      "atomic spin specie": {
        "value": [
"1 Fe",
1.510,
"2 Fe",
1.511,
"3 Fe",
1.511,
"4 Fe",
1.510,
"5 Fe",
1.510,
"6 Fe",
1.511,
"7 Fe",
1.511,
"8 Fe",
1.510,
"9 Fe",
2.607,
"10 Fe",
2.607,
"11 Fe",
2.545,
"12 Fe",
2.461,
"13 Ta",
-0.537,
"14 Ta",
-0.537,
"15 Ta",
-0.673,
"16 Ta",
-0.616
]
      },
      "saturation magnetization": {
        "value": 1.134
      },
      "magnetization temperature": {
        "value": 0
      },
      "magnetization info": {
        "value": "software VASP (vasp.5.4.4), k-points mesh 10x10x10, Ecut-off=401.823 eV, PAW_PBE, Fe:PAW_PBE:06Sep2000, Ta:PAW_PBE:17Jan2003, Pressure=0.0 kbar, temperature=0K"
      },
      "magnetocrystalline anisotropy energy": {
        "value": [
0.0000000000000000,0,1.0000000000000000,-148.68439537,0.2588190451025207,0,0.9659258262890683,-148.68449793,0.5000000000000000,0,0.8660254037844386,-148.68475015,0.7071067811865476,0,0.7071067811865476,-148.68507386,0.8660254037844386,0,0.5000000000000000,-148.68538498,1.0000000000000000,0,0.0000000000000000,-148.68569537]
      },
      "anisotropy energy type": {
        "value": "uniaxial"
      },
      "magnetocrystalline anisotropy constants": {
        "value": [
-1.115,0.101]
      },
      "kind of anisotropy": {
        "value": "easy plane"
      },
      "anisotropy info": {
        "value": "software VASP (vasp.5.4.4) with spin-orbit coupling, k-points mesh 10x10x10, Ecut-off=401.823 eV, PAW_PBE, Fe:PAW_PBE:06Sep2000, Ta:PAW_PBE:17Jan2003, Pressure=0.0 kbar, temperature=0K"
      },
      "exchange integrals": {
        "value": null
      },
      "exchange info": {
        "value": null
      },
      "magnetic order": {
        "value": null
      },
      "curie temperature": {
        "value": null
      },
      "curie temperature info": {
        "value": null
      },
      "anisotropy field": {
        "value": null
      },
      "remanence": {
        "value": null
      },
      "coercivity": {
        "value": null
      },
      "energy product": {
        "value": null
      },
      "hysteresis info": {
        "value": null
      },
      "domain wall width": {
        "value": null
      },
      "domain wall info": {
        "value": null
      },
      "exchange stiffness": {
        "value": null
      },
      "exchange stiffness info": {
        "value": null
      }
    },
    "additional information": {
      "authors": {
        "value": ["ICCRAM"]
      },
      "reference": {
        "value": null
      },
      "comments": {
        "value": null
      },
      "attached files": {
        "value": [
"Fe12Ta4_#123_1N.cif",
"CONTCAR_Fe12Ta4_#123_1N",
"Fe12Ta4_#123_1N.png"
]
      },
      "attached files info": {
        "value": null
      }
    }
  }
}
