{
  "confidential": {
  "value": false
  }, 
  "name": "NOVAMAG_theory_ICCRAM_Fe12Ta4_#139_1N",
  "properties": {
    "approach": {
      "value": "theory"
    },
    "summary": {
      "value": "crystal, energy, magnetization, MAE"
    },
    "chemistry": {
      "chemical formula": {
        "value": "Fe12Ta4"
      },
      "production info": {
        "value": "initial POSCAR from NOVAMAG library http://crono.ubu.es/novamag/show_item_features?mafid=1388"
      }
    },
    "crystal": {
      "compound space group": {
        "value": 139
      },
      "unit cell volume": {
        "value": 203.404506
      },
      "lattice parameters": {
        "value": [
          4.09975,
          4.09975,
          12.10166
        ]
      },
      "lattice angles": {
        "value": [
          90.00000,
          90.00000,
          90.00000
        ]
      },
      "atomic positions": {
        "value": [
"Fe1(4c)",
0.00000,
0.50000,
0.00000,
"Fe2(4e)",
0.00000,
0.00000,
0.12335,
"Fe3(4d)",
0.00000,
0.50000,
0.25000,
"Ta1(4e)",
0.00000,
0.00000,
0.62767
]
      },
      "crystal info": {
        "value": "software VASP (vasp.5.4.4), k-points mesh 15x15x5, Ecut-off=401.823 eV, PAW_PBE, Fe:PAW_PBE:06Sep2000, Ta:PAW_PBE:17Jan2003, Pressure=0.0 kbar, temperature=0K"
      }
    },
    "thermodynamics": {
      "unit cell energy": {
        "value": -148.07347089
      },
      "unit cell formation enthalpy": {
        "value": -1.779216
      },
      "energy info": {
        "value": "software VASP (vasp.5.4.4), k-points mesh 15x15x5, Ecut-off=401.823 eV, PAW_PBE, Fe:PAW_PBE:06Sep2000, Ta:PAW_PBE:17Jan2003, Pressure=0.0 kbar, temperature=0K"
      },
      "interatomic potentials info": {
        "value": null
      },
      "magnetic free energy": {
        "value": null
      },
      "magnetic free energy info": {
        "value": null
      }
    },
    "magnetics": {
      "unit cell spin polarization": {
        "value": 19.267
      },
      "atomic spin specie": {
        "value": [
"1 Fe",
1.379,
"2 Fe",
1.379,
"3 Fe",
1.379,
"4 Fe",
1.379,
"5 Fe",
2.524,
"6 Fe",
2.524,
"7 Fe",
2.524,
"8 Fe",
2.524,
"9 Fe",
1.466,
"10 Fe",
1.466,
"11 Fe",
1.466,
"12 Fe",
1.466,
"13 Ta",
-0.553,
"14 Ta",
-0.553,
"15 Ta",
-0.553,
"16 Ta",
-0.553
]
      },
      "saturation magnetization": {
        "value": 1.103
      },
      "magnetization temperature": {
        "value": 0
      },
      "magnetization info": {
        "value": "software VASP (vasp.5.4.4), k-points mesh 15x15x5, Ecut-off=401.823 eV, PAW_PBE, Fe:PAW_PBE:06Sep2000, Ta:PAW_PBE:17Jan2003, Pressure=0.0 kbar, temperature=0K"
      },
      "magnetocrystalline anisotropy energy": {
        "value": [
0.0000000000000000,0,1.0000000000000000,-148.77563548,0.2588190451025207,0,0.9659258262890683,-148.77570713,0.5000000000000000,0,0.8660254037844386,-148.77584572,0.7071067811865476,0,0.7071067811865476,-148.77602739,0.8660254037844386,0,0.5000000000000000,-148.77628984,1.0000000000000000,0,0.0000000000000000,-148.77660179]
      },
      "anisotropy energy type": {
        "value": "uniaxial"
      },
      "magnetocrystalline anisotropy constants": {
        "value": [
-0.530,-0.227]
      },
      "kind of anisotropy": {
        "value": "easy plane"
      },
      "anisotropy info": {
        "value": "software VASP (vasp.5.4.4) with spin-orbit coupling, k-points mesh 15x15x5, Ecut-off=401.823 eV, PAW_PBE, Fe:PAW_PBE:06Sep2000, Ta:PAW_PBE:17Jan2003, Pressure=0.0 kbar, temperature=0K"
      },
      "exchange integrals": {
        "value": null
      },
      "exchange info": {
        "value": null
      },
      "magnetic order": {
        "value": null
      },
      "curie temperature": {
        "value": null
      },
      "curie temperature info": {
        "value": null
      },
      "anisotropy field": {
        "value": null
      },
      "remanence": {
        "value": null
      },
      "coercivity": {
        "value": null
      },
      "energy product": {
        "value": null
      },
      "hysteresis info": {
        "value": null
      },
      "domain wall width": {
        "value": null
      },
      "domain wall info": {
        "value": null
      },
      "exchange stiffness": {
        "value": null
      },
      "exchange stiffness info": {
        "value": null
      }
    },
    "additional information": {
      "authors": {
        "value": ["ICCRAM"]
      },
      "reference": {
        "value": null
      },
      "comments": {
        "value": null
      },
      "attached files": {
        "value": [
"Fe12Ta4_#139_1N.cif",
"CONTCAR_Fe12Ta4_#139_1N",
"Fe12Ta4_#139_1N.png"
]
      },
      "attached files info": {
        "value": null
      }
    }
  }
}
