{
  "confidential": {
  "value": false
  }, 
  "name": "NOVAMAG_theory_ICCRAM_Fe12Ta4_#187_1N",
  "properties": {
    "approach": {
      "value": "theory"
    },
    "summary": {
      "value": "crystal, energy, magnetization, MAE, coercivity, energy product"
    },
    "chemistry": {
      "chemical formula": {
        "value": "Fe12Ta4"
      },
      "production info": {
        "value": "initial POSCAR from NOVAMAG library http://crono.ubu.es/novamag/show_item_features?mafid=1373"
      }
    },
    "crystal": {
      "compound space group": {
        "value": 187
      },
      "unit cell volume": {
        "value": 202.380959
      },
      "lattice parameters": {
        "value": [
          4.79425,
          4.79425,
          10.16717
        ]
      },
      "lattice angles": {
        "value": [
          90.00000,
          90.00000,
          120.00000
        ]
      },
      "atomic positions": {
        "value": [
"Fe1(6n)",
0.50091,
0.49909,
0.61667,
"Fe2(3j)",
0.16439,
0.83561,
0.00000,
"Fe3(2h)",
0.33333,
0.66667,
0.81105,
"Fe4(1b)",
0.00000,
0.00000,
0.50000,
"Ta1(2i)",
0.66667,
0.33333,
0.14318,
"Ta2(2g)",
0.00000,
0.00000,
0.24824
]
      },
      "crystal info": {
        "value": "software VASP (vasp.5.4.4), k-points mesh 14x14x6, Ecut-off=401.823 eV, PAW_PBE, Fe:PAW_PBE:06Sep2000, Ta:PAW_PBE:17Jan2003, Pressure=0.0 kbar, temperature=0K"
      }
    },
    "thermodynamics": {
      "unit cell energy": {
        "value": -148.11143893
      },
      "unit cell formation enthalpy": {
        "value": -1.817184
      },
      "energy info": {
        "value": "software VASP (vasp.5.4.4), k-points mesh 14x14x6, Ecut-off=401.823 eV, PAW_PBE, Fe:PAW_PBE:06Sep2000, Ta:PAW_PBE:17Jan2003, Pressure=0.0 kbar, temperature=0K"
      },
      "interatomic potentials info": {
        "value": null
      },
      "magnetic free energy": {
        "value": null
      },
      "magnetic free energy info": {
        "value": null
      }
    },
    "magnetics": {
      "unit cell spin polarization": {
        "value": 18.538
      },
      "atomic spin specie": {
        "value": [
"1 Fe",
1.853,
"2 Fe",
1.853,
"3 Fe",
1.853,
"4 Fe",
1.853,
"5 Fe",
1.853,
"6 Fe",
1.853,
"7 Fe",
1.461,
"8 Fe",
1.461,
"9 Fe",
1.461,
"10 Fe",
1.428,
"11 Fe",
1.428,
"12 Fe",
2.129,
"13 Ta",
-0.479,
"14 Ta",
-0.479,
"15 Ta",
-0.496,
"16 Ta",
-0.496
]
      },
      "saturation magnetization": {
        "value": 1.067
      },
      "magnetization temperature": {
        "value": 0
      },
      "magnetization info": {
        "value": "software VASP (vasp.5.4.4), k-points mesh 14x14x6, Ecut-off=401.823 eV, PAW_PBE, Fe:PAW_PBE:06Sep2000, Ta:PAW_PBE:17Jan2003, Pressure=0.0 kbar, temperature=0K"
      },
      "magnetocrystalline anisotropy energy": {
        "value": [
0.0000000000000000,0,1.0000000000000000,-148.79379657,0.2588190451025207,0,0.9659258262890683,-148.79332833,0.5000000000000000,0,0.8660254037844386,-148.79206880,0.7071067811865476,0,0.7071067811865476,-148.79024674,0.8660254037844386,0,0.5000000000000000,-148.78826380,1.0000000000000000,0,0.0000000000000000,-148.78607718]
      },
      "anisotropy energy type": {
        "value": "uniaxial"
      },
      "magnetocrystalline anisotropy constants": {
        "value": [
5.158,0.946]
      },
      "kind of anisotropy": {
        "value": "easy axis"
      },
      "anisotropy info": {
        "value": "software VASP (vasp.5.4.4) with spin-orbit coupling, k-points mesh 14x14x6, Ecut-off=401.823 eV, PAW_PBE, Fe:PAW_PBE:06Sep2000, Ta:PAW_PBE:17Jan2003, Pressure=0.0 kbar, temperature=0K"
      },
      "exchange integrals": {
        "value": null
      },
      "exchange info": {
        "value": null
      },
      "magnetic order": {
        "value": null
      },
      "curie temperature": {
        "value": null
      },
      "curie temperature info": {
        "value": null
      },
      "anisotropy field": {
        "value": 16.606
      },
      "remanence": {
        "value": 1.067
      },
      "coercivity": {
        "value": 16.606
      },
      "energy product": {
        "value": 226.495
      },
      "hysteresis info": {
        "value": "Stoner-Wohlfarth model without shape anisotropy, perfectly rectangular hysteresis loop, temperature = 0 K. Remanence equals to saturation magnetization (Ms). Anisotropy field: mu_0*Hk=(2*K_1+4*K_2)/Ms, where mu_0 is the vacuum permeability. Coercivity: Hc=Hk. Maximum energy product (upper limit)=(1/4)*mu_0*Ms^2, note this value can only be reached if the demagnetization factor is D=0.5 and Hc>0.5*Ms."
      },
      "domain wall width": {
        "value": null
      },
      "domain wall info": {
        "value": null
      },
      "exchange stiffness": {
        "value": null
      },
      "exchange stiffness info": {
        "value": null
      }
    },
    "additional information": {
      "authors": {
        "value": ["ICCRAM"]
      },
      "reference": {
        "value": null
      },
      "comments": {
        "value": "Hardness parameter=2.386"
      },
      "attached files": {
        "value": [
"Fe12Ta4_#187_1N.cif",
"CONTCAR_Fe12Ta4_#187_1N",
"Fe12Ta4_#187_1N.png"
]
      },
      "attached files info": {
        "value": null
      }
    }
  }
}
