{
  "confidential": {
  "value": false
  }, 
  "name": "NOVAMAG_theory_ICCRAM_Fe14Ta2_#139_1N",
  "properties": {
    "approach": {
      "value": "theory"
    },
    "summary": {
      "value": "crystal, energy, magnetization, MAE"
    },
    "chemistry": {
      "chemical formula": {
        "value": "Fe14Ta2"
      },
      "production info": {
        "value": "initial POSCAR from NOVAMAG library http://crono.ubu.es/novamag/show_item_features?mafid=1332"
      }
    },
    "crystal": {
      "compound space group": {
        "value": 139
      },
      "unit cell volume": {
        "value": 194.441406
      },
      "lattice parameters": {
        "value": [
          4.08507,
          4.08507,
          11.65168
        ]
      },
      "lattice angles": {
        "value": [
          90.00000,
          90.00000,
          90.00000
        ]
      },
      "atomic positions": {
        "value": [
"Fe1(8g)",
0.00000,
0.50000,
0.87038,
"Fe2(4e)",
0.00000,
0.00000,
0.75109,
"Fe3(2a)",
0.00000,
0.00000,
0.00000,
"Ta1(2b)",
0.00000,
0.00000,
0.50000
]
      },
      "crystal info": {
        "value": "software VASP (vasp.5.4.4), k-points mesh 15x15x5, Ecut-off=401.823 eV, PAW_PBE, Fe:PAW_PBE:06Sep2000, Ta:PAW_PBE:17Jan2003, Pressure=0.0 kbar, temperature=0K"
      }
    },
    "thermodynamics": {
      "unit cell energy": {
        "value": -140.20938208
      },
      "unit cell formation enthalpy": {
        "value": -1.164724
      },
      "energy info": {
        "value": "software VASP (vasp.5.4.4), k-points mesh 15x15x5, Ecut-off=401.823 eV, PAW_PBE, Fe:PAW_PBE:06Sep2000, Ta:PAW_PBE:17Jan2003, Pressure=0.0 kbar, temperature=0K"
      },
      "interatomic potentials info": {
        "value": null
      },
      "magnetic free energy": {
        "value": null
      },
      "magnetic free energy info": {
        "value": null
      }
    },
    "magnetics": {
      "unit cell spin polarization": {
        "value": 29.171
      },
      "atomic spin specie": {
        "value": [
"1 Fe",
1.991,
"2 Fe",
1.991,
"3 Fe",
1.991,
"4 Fe",
1.991,
"5 Fe",
1.991,
"6 Fe",
1.991,
"7 Fe",
1.991,
"8 Fe",
1.991,
"9 Fe",
2.533,
"10 Fe",
2.533,
"11 Fe",
2.533,
"12 Fe",
2.533,
"13 Fe",
2.325,
"14 Fe",
2.325,
"15 Ta",
-0.769,
"16 Ta",
-0.769
]
      },
      "saturation magnetization": {
        "value": 1.747
      },
      "magnetization temperature": {
        "value": 0
      },
      "magnetization info": {
        "value": "software VASP (vasp.5.4.4), k-points mesh 15x15x5, Ecut-off=401.823 eV, PAW_PBE, Fe:PAW_PBE:06Sep2000, Ta:PAW_PBE:17Jan2003, Pressure=0.0 kbar, temperature=0K"
      },
      "magnetocrystalline anisotropy energy": {
        "value": [
0.0000000000000000,0,1.0000000000000000,-140.60507323,0.2588190451025207,0,0.9659258262890683,-140.60508749,0.5000000000000000,0,0.8660254037844386,-140.60515375,0.7071067811865476,0,0.7071067811865476,-140.60523799,0.8660254037844386,0,0.5000000000000000,-140.60531463,1.0000000000000000,0,0.0000000000000000,-140.60540182]
      },
      "anisotropy energy type": {
        "value": "uniaxial"
      },
      "magnetocrystalline anisotropy constants": {
        "value": [
-0.262,-0.008]
      },
      "kind of anisotropy": {
        "value": "easy plane"
      },
      "anisotropy info": {
        "value": "software VASP (vasp.5.4.4) with spin-orbit coupling, k-points mesh 15x15x5, Ecut-off=401.823 eV, PAW_PBE, Fe:PAW_PBE:06Sep2000, Ta:PAW_PBE:17Jan2003, Pressure=0.0 kbar, temperature=0K"
      },
      "exchange integrals": {
        "value": null
      },
      "exchange info": {
        "value": null
      },
      "magnetic order": {
        "value": null
      },
      "curie temperature": {
        "value": null
      },
      "curie temperature info": {
        "value": null
      },
      "anisotropy field": {
        "value": null
      },
      "remanence": {
        "value": null
      },
      "coercivity": {
        "value": null
      },
      "energy product": {
        "value": null
      },
      "hysteresis info": {
        "value": null
      },
      "domain wall width": {
        "value": null
      },
      "domain wall info": {
        "value": null
      },
      "exchange stiffness": {
        "value": null
      },
      "exchange stiffness info": {
        "value": null
      }
    },
    "additional information": {
      "authors": {
        "value": ["ICCRAM"]
      },
      "reference": {
        "value": null
      },
      "comments": {
        "value": null
      },
      "attached files": {
        "value": [
"Fe14Ta2_#139_1N.cif",
"CONTCAR_Fe14Ta2_#139_1N",
"Fe14Ta2_#139_1N.png"
]
      },
      "attached files info": {
        "value": null
      }
    }
  }
}
