{
  "confidential": {
  "value": false
  }, 
  "name": "NOVAMAG_theory_ICCRAM_Fe14Ta2_#129_1N",
  "properties": {
    "approach": {
      "value": "theory"
    },
    "summary": {
      "value": "crystal, energy, magnetization, MAE"
    },
    "chemistry": {
      "chemical formula": {
        "value": "Fe14Ta2"
      },
      "production info": {
        "value": "initial POSCAR from NOVAMAG library http://crono.ubu.es/novamag/show_item_features?mafid=1315"
      }
    },
    "crystal": {
      "compound space group": {
        "value": 129
      },
      "unit cell volume": {
        "value": 194.054019
      },
      "lattice parameters": {
        "value": [
          4.09139,
          4.09139,
          11.59260
        ]
      },
      "lattice angles": {
        "value": [
          90.00000,
          90.00000,
          90.00000
        ]
      },
      "atomic positions": {
        "value": [
"Fe1(4f)",
0.75000,
0.25000,
0.75882,
"Fe2(2a)",
0.75000,
0.25000,
0.00000,
"Fe3(2b)",
0.75000,
0.25000,
0.50000,
"Fe4(2c)",
0.25000,
0.25000,
0.63102,
"Fe5(2c)",
0.25000,
0.25000,
0.87822,
"Fe6(2c)",
0.25000,
0.25000,
0.12087,
"Ta1(2c)",
0.25000,
0.25000,
0.37168
]
      },
      "crystal info": {
        "value": "software VASP (vasp.5.4.4), k-points mesh 15x15x5, Ecut-off=401.823 eV, PAW_PBE, Fe:PAW_PBE:06Sep2000, Ta:PAW_PBE:17Jan2003, Pressure=0.0 kbar, temperature=0K"
      }
    },
    "thermodynamics": {
      "unit cell energy": {
        "value": -140.06594627
      },
      "unit cell formation enthalpy": {
        "value": -1.021288
      },
      "energy info": {
        "value": "software VASP (vasp.5.4.4), k-points mesh 15x15x5, Ecut-off=401.823 eV, PAW_PBE, Fe:PAW_PBE:06Sep2000, Ta:PAW_PBE:17Jan2003, Pressure=0.0 kbar, temperature=0K"
      },
      "interatomic potentials info": {
        "value": null
      },
      "magnetic free energy": {
        "value": null
      },
      "magnetic free energy info": {
        "value": null
      }
    },
    "magnetics": {
      "unit cell spin polarization": {
        "value": 28.927
      },
      "atomic spin specie": {
        "value": [
"1 Fe",
1.933,
"2 Fe",
1.933,
"3 Fe",
1.933,
"4 Fe",
1.933,
"5 Fe",
2.392,
"6 Fe",
2.392,
"7 Fe",
1.554,
"8 Fe",
1.554,
"9 Fe",
2.401,
"10 Fe",
2.401,
"11 Fe",
2.410,
"12 Fe",
2.410,
"13 Fe",
2.504,
"14 Fe",
2.504,
"15 Ta",
-0.663,
"16 Ta",
-0.663
]
      },
      "saturation magnetization": {
        "value": 1.736
      },
      "magnetization temperature": {
        "value": 0
      },
      "magnetization info": {
        "value": "software VASP (vasp.5.4.4), k-points mesh 15x15x5, Ecut-off=401.823 eV, PAW_PBE, Fe:PAW_PBE:06Sep2000, Ta:PAW_PBE:17Jan2003, Pressure=0.0 kbar, temperature=0K"
      },
      "magnetocrystalline anisotropy energy": {
        "value": [
0.0000000000000000,0,1.0000000000000000,-140.46233960,0.2588190451025207,0,0.9659258262890683,-140.46235752,0.5000000000000000,0,0.8660254037844386,-140.46237605,0.7071067811865476,0,0.7071067811865476,-140.46239407,0.8660254037844386,0,0.5000000000000000,-140.46241632,1.0000000000000000,0,0.0000000000000000,-140.46245160]
      },
      "anisotropy energy type": {
        "value": "uniaxial"
      },
      "magnetocrystalline anisotropy constants": {
        "value": [
-0.101,0.014]
      },
      "kind of anisotropy": {
        "value": "easy plane"
      },
      "anisotropy info": {
        "value": "software VASP (vasp.5.4.4) with spin-orbit coupling, k-points mesh 15x15x5, Ecut-off=401.823 eV, PAW_PBE, Fe:PAW_PBE:06Sep2000, Ta:PAW_PBE:17Jan2003, Pressure=0.0 kbar, temperature=0K"
      },
      "exchange integrals": {
        "value": null
      },
      "exchange info": {
        "value": null
      },
      "magnetic order": {
        "value": null
      },
      "curie temperature": {
        "value": null
      },
      "curie temperature info": {
        "value": null
      },
      "anisotropy field": {
        "value": null
      },
      "remanence": {
        "value": null
      },
      "coercivity": {
        "value": null
      },
      "energy product": {
        "value": null
      },
      "hysteresis info": {
        "value": null
      },
      "domain wall width": {
        "value": null
      },
      "domain wall info": {
        "value": null
      },
      "exchange stiffness": {
        "value": null
      },
      "exchange stiffness info": {
        "value": null
      }
    },
    "additional information": {
      "authors": {
        "value": ["ICCRAM"]
      },
      "reference": {
        "value": null
      },
      "comments": {
        "value": null
      },
      "attached files": {
        "value": [
"Fe14Ta2_#129_1N.cif",
"CONTCAR_Fe14Ta2_#129_1N",
"Fe14Ta2_#129_1N.png"
]
      },
      "attached files info": {
        "value": null
      }
    }
  }
}
