{
  "confidential": {
  "value": false
  }, 
  "name": "NOVAMAG_theory_ICCRAM_Fe16Ta4_#129_1N",
  "properties": {
    "approach": {
      "value": "theory"
    },
    "summary": {
      "value": "crystal, energy, magnetization, MAE"
    },
    "chemistry": {
      "chemical formula": {
        "value": "Fe16Ta4"
      },
      "production info": {
        "value": "initial POSCAR from NOVAMAG library http://crono.ubu.es/novamag/show_item_features?mafid=1284"
      }
    },
    "crystal": {
      "compound space group": {
        "value": 129
      },
      "unit cell volume": {
        "value": 249.792802
      },
      "lattice parameters": {
        "value": [
          4.08037,
          4.08037,
          15.00307
        ]
      },
      "lattice angles": {
        "value": [
          90.00000,
          90.00000,
          90.00000
        ]
      },
      "atomic positions": {
        "value": [
"Fe1(4f)",
0.75000,
0.25000,
0.29688,
"Fe2(2b)",
0.75000,
0.25000,
0.50000,
"Fe3(2c)",
0.25000,
0.25000,
0.80547,
"Fe4(2c)",
0.25000,
0.25000,
0.60330,
"Fe5(4f)",
0.75000,
0.25000,
-0.09352,
"Fe6(2c)",
0.25000,
0.25000,
-0.00054,
"Ta1(2c)",
0.25000,
0.25000,
0.40067,
"Ta2(2c)",
0.25000,
0.25000,
0.19382
]
      },
      "crystal info": {
        "value": "software VASP (vasp.5.4.4), k-points mesh 15x15x4, Ecut-off=401.823 eV, PAW_PBE, Fe:PAW_PBE:06Sep2000, Ta:PAW_PBE:17Jan2003, Pressure=0.0 kbar, temperature=0K"
      }
    },
    "thermodynamics": {
      "unit cell energy": {
        "value": -181.18968280
      },
      "unit cell formation enthalpy": {
        "value": -1.946663
      },
      "energy info": {
        "value": "software VASP (vasp.5.4.4), k-points mesh 15x15x4, Ecut-off=401.823 eV, PAW_PBE, Fe:PAW_PBE:06Sep2000, Ta:PAW_PBE:17Jan2003, Pressure=0.0 kbar, temperature=0K"
      },
      "interatomic potentials info": {
        "value": null
      },
      "magnetic free energy": {
        "value": null
      },
      "magnetic free energy info": {
        "value": null
      }
    },
    "magnetics": {
      "unit cell spin polarization": {
        "value": 28.932
      },
      "atomic spin specie": {
        "value": [
"1 Fe",
1.474,
"2 Fe",
1.474,
"3 Fe",
1.474,
"4 Fe",
1.474,
"5 Fe",
1.501,
"6 Fe",
1.501,
"7 Fe",
2.396,
"8 Fe",
2.396,
"9 Fe",
2.498,
"10 Fe",
2.498,
"11 Fe",
1.925,
"12 Fe",
1.925,
"13 Fe",
1.925,
"14 Fe",
1.925,
"15 Fe",
2.538,
"16 Fe",
2.538,
"17 Ta",
-0.572,
"18 Ta",
-0.572,
"19 Ta",
-0.691,
"20 Ta",
-0.691
]
      },
      "saturation magnetization": {
        "value": 1.349
      },
      "magnetization temperature": {
        "value": 0
      },
      "magnetization info": {
        "value": "software VASP (vasp.5.4.4), k-points mesh 15x15x4, Ecut-off=401.823 eV, PAW_PBE, Fe:PAW_PBE:06Sep2000, Ta:PAW_PBE:17Jan2003, Pressure=0.0 kbar, temperature=0K"
      },
      "magnetocrystalline anisotropy energy": {
        "value": [
0.0000000000000000,0,1.0000000000000000,-181.91232201,0.2588190451025207,0,0.9659258262890683,-181.91237478,0.5000000000000000,0,0.8660254037844386,-181.91247469,0.7071067811865476,0,0.7071067811865476,-181.91255661,0.8660254037844386,0,0.5000000000000000,-181.91259817,1.0000000000000000,0,0.0000000000000000,-181.91268509]
      },
      "anisotropy energy type": {
        "value": "uniaxial"
      },
      "magnetocrystalline anisotropy constants": {
        "value": [
-0.374,0.152]
      },
      "kind of anisotropy": {
        "value": "easy plane"
      },
      "anisotropy info": {
        "value": "software VASP (vasp.5.4.4) with spin-orbit coupling, k-points mesh 15x15x4, Ecut-off=401.823 eV, PAW_PBE, Fe:PAW_PBE:06Sep2000, Ta:PAW_PBE:17Jan2003, Pressure=0.0 kbar, temperature=0K"
      },
      "exchange integrals": {
        "value": null
      },
      "exchange info": {
        "value": null
      },
      "magnetic order": {
        "value": null
      },
      "curie temperature": {
        "value": null
      },
      "curie temperature info": {
        "value": null
      },
      "anisotropy field": {
        "value": null
      },
      "remanence": {
        "value": null
      },
      "coercivity": {
        "value": null
      },
      "energy product": {
        "value": null
      },
      "hysteresis info": {
        "value": null
      },
      "domain wall width": {
        "value": null
      },
      "domain wall info": {
        "value": null
      },
      "exchange stiffness": {
        "value": null
      },
      "exchange stiffness info": {
        "value": null
      }
    },
    "additional information": {
      "authors": {
        "value": ["ICCRAM"]
      },
      "reference": {
        "value": null
      },
      "comments": {
        "value": null
      },
      "attached files": {
        "value": [
"Fe16Ta4_#129_1N.cif",
"CONTCAR_Fe16Ta4_#129_1N",
"Fe16Ta4_#129_1N.png"
]
      },
      "attached files info": {
        "value": null
      }
    }
  }
}
