{
  "confidential": {
  "value": false
  }, 
  "name": "NOVAMAG_theory_ICCRAM_Fe16Ta4_#83_1N",
  "properties": {
    "approach": {
      "value": "theory"
    },
    "summary": {
      "value": "crystal, energy, magnetization, MAE"
    },
    "chemistry": {
      "chemical formula": {
        "value": "Fe16Ta4"
      },
      "production info": {
        "value": "initial POSCAR from NOVAMAG library http://crono.ubu.es/novamag/show_item_features?mafid=1296"
      }
    },
    "crystal": {
      "compound space group": {
        "value": 83
      },
      "unit cell volume": {
        "value": 251.313662
      },
      "lattice parameters": {
        "value": [
          9.05035,
          9.05035,
          3.06821
        ]
      },
      "lattice angles": {
        "value": [
          90.00000,
          90.00000,
          90.00000
        ]
      },
      "atomic positions": {
        "value": [
"Fe1(1a)",
0.00000,
0.00000,
0.00000,
"Fe2(4j)",
0.70365,
0.09890,
0.00000,
"Fe3(4k)",
0.40026,
0.70044,
0.50000,
"Fe4(4k)",
0.19391,
0.09703,
0.50000,
"Fe5(2f)",
0.00000,
0.50000,
0.50000,
"Fe6(1c)",
0.50000,
0.50000,
0.00000,
"Ta1(4j)",
0.60191,
0.80139,
0.00000
]
      },
      "crystal info": {
        "value": "software VASP (vasp.5.4.4), k-points mesh 7x7x20, Ecut-off=401.823 eV, PAW_PBE, Fe:PAW_PBE:06Sep2000, Ta:PAW_PBE:17Jan2003, Pressure=0.0 kbar, temperature=0K"
      }
    },
    "thermodynamics": {
      "unit cell energy": {
        "value": -180.96610344
      },
      "unit cell formation enthalpy": {
        "value": -1.723083
      },
      "energy info": {
        "value": "software VASP (vasp.5.4.4), k-points mesh 7x7x20, Ecut-off=401.823 eV, PAW_PBE, Fe:PAW_PBE:06Sep2000, Ta:PAW_PBE:17Jan2003, Pressure=0.0 kbar, temperature=0K"
      },
      "interatomic potentials info": {
        "value": null
      },
      "magnetic free energy": {
        "value": null
      },
      "magnetic free energy info": {
        "value": null
      }
    },
    "magnetics": {
      "unit cell spin polarization": {
        "value": 29.688
      },
      "atomic spin specie": {
        "value": [
"1 Fe",
2.704,
"2 Fe",
2.499,
"3 Fe",
2.499,
"4 Fe",
2.499,
"5 Fe",
2.499,
"6 Fe",
1.550,
"7 Fe",
1.550,
"8 Fe",
1.550,
"9 Fe",
1.550,
"10 Fe",
1.968,
"11 Fe",
1.968,
"12 Fe",
1.967,
"13 Fe",
1.967,
"14 Fe",
1.539,
"15 Fe",
1.539,
"16 Fe",
2.474,
"17 Ta",
-0.659,
"18 Ta",
-0.659,
"19 Ta",
-0.659,
"20 Ta",
-0.659
]
      },
      "saturation magnetization": {
        "value": 1.376
      },
      "magnetization temperature": {
        "value": 0
      },
      "magnetization info": {
        "value": "software VASP (vasp.5.4.4), k-points mesh 7x7x20, Ecut-off=401.823 eV, PAW_PBE, Fe:PAW_PBE:06Sep2000, Ta:PAW_PBE:17Jan2003, Pressure=0.0 kbar, temperature=0K"
      },
      "magnetocrystalline anisotropy energy": {
        "value": [
0.0000000000000000,0,1.0000000000000000,-181.69496786,0.2588190451025207,0,0.9659258262890683,-181.69501997,0.5000000000000000,0,0.8660254037844386,-181.69521151,0.7071067811865476,0,0.7071067811865476,-181.69547307,0.8660254037844386,0,0.5000000000000000,-181.69568938,1.0000000000000000,0,0.0000000000000000,-181.69583966]
      },
      "anisotropy energy type": {
        "value": "uniaxial"
      },
      "magnetocrystalline anisotropy constants": {
        "value": [
-0.704,0.136]
      },
      "kind of anisotropy": {
        "value": "easy plane"
      },
      "anisotropy info": {
        "value": "software VASP (vasp.5.4.4) with spin-orbit coupling, k-points mesh 7x7x20, Ecut-off=401.823 eV, PAW_PBE, Fe:PAW_PBE:06Sep2000, Ta:PAW_PBE:17Jan2003, Pressure=0.0 kbar, temperature=0K"
      },
      "exchange integrals": {
        "value": null
      },
      "exchange info": {
        "value": null
      },
      "magnetic order": {
        "value": null
      },
      "curie temperature": {
        "value": null
      },
      "curie temperature info": {
        "value": null
      },
      "anisotropy field": {
        "value": null
      },
      "remanence": {
        "value": null
      },
      "coercivity": {
        "value": null
      },
      "energy product": {
        "value": null
      },
      "hysteresis info": {
        "value": null
      },
      "domain wall width": {
        "value": null
      },
      "domain wall info": {
        "value": null
      },
      "exchange stiffness": {
        "value": null
      },
      "exchange stiffness info": {
        "value": null
      }
    },
    "additional information": {
      "authors": {
        "value": ["ICCRAM"]
      },
      "reference": {
        "value": null
      },
      "comments": {
        "value": null
      },
      "attached files": {
        "value": [
"Fe16Ta4_#83_1N.cif",
"CONTCAR_Fe16Ta4_#83_1N",
"Fe16Ta4_#83_1N.png"
]
      },
      "attached files info": {
        "value": null
      }
    }
  }
}
