{
  "confidential": {
  "value": false
  }, 
  "name": "NOVAMAG_theory_ICCRAM_Fe18Ta6_#127_1N",
  "properties": {
    "approach": {
      "value": "theory"
    },
    "summary": {
      "value": "crystal, energy, magnetization, MAE"
    },
    "chemistry": {
      "chemical formula": {
        "value": "Fe18Ta6"
      },
      "production info": {
        "value": "initial POSCAR from NOVAMAG library http://crono.ubu.es/novamag/show_item_features?mafid=1398"
      }
    },
    "crystal": {
      "compound space group": {
        "value": 127
      },
      "unit cell volume": {
        "value": 296.126692
      },
      "lattice parameters": {
        "value": [
          8.07818,
          8.07818,
          4.53785
        ]
      },
      "lattice angles": {
        "value": [
          90.00000,
          90.00000,
          90.00000
        ]
      },
      "atomic positions": {
        "value": [
"Fe1(8k)",
0.32189,
0.82189,
0.75651,
"Fe2(8j)",
0.70066,
0.44357,
0.50000,
"Fe3(2c)",
0.00000,
0.50000,
0.50000,
"Ta1(4g)",
0.12472,
0.62472,
0.00000,
"Ta2(2a)",
0.00000,
0.00000,
0.00000
]
      },
      "crystal info": {
        "value": "software VASP (vasp.5.4.4), k-points mesh 7x7x13, Ecut-off=401.823 eV, PAW_PBE, Fe:PAW_PBE:06Sep2000, Ta:PAW_PBE:17Jan2003, Pressure=0.0 kbar, temperature=0K"
      }
    },
    "thermodynamics": {
      "unit cell energy": {
        "value": -221.58660093
      },
      "unit cell formation enthalpy": {
        "value": -2.145218
      },
      "energy info": {
        "value": "software VASP (vasp.5.4.4), k-points mesh 7x7x13, Ecut-off=401.823 eV, PAW_PBE, Fe:PAW_PBE:06Sep2000, Ta:PAW_PBE:17Jan2003, Pressure=0.0 kbar, temperature=0K"
      },
      "interatomic potentials info": {
        "value": null
      },
      "magnetic free energy": {
        "value": null
      },
      "magnetic free energy info": {
        "value": null
      }
    },
    "magnetics": {
      "unit cell spin polarization": {
        "value": 1.756
      },
      "atomic spin specie": {
        "value": [
"1 Fe",
0.978,
"2 Fe",
0.980,
"3 Fe",
0.980,
"4 Fe",
0.978,
"5 Fe",
0.978,
"6 Fe",
0.980,
"7 Fe",
0.980,
"8 Fe",
0.978,
"9 Fe",
-0.855,
"10 Fe",
-0.852,
"11 Fe",
-0.852,
"12 Fe",
-0.855,
"13 Fe",
-0.855,
"14 Fe",
-0.852,
"15 Fe",
-0.852,
"16 Fe",
-0.855,
"17 Fe",
0.321,
"18 Fe",
0.321,
"19 Ta",
-0.032,
"20 Ta",
-0.032,
"21 Ta",
-0.032,
"22 Ta",
-0.032,
"23 Ta",
0.121,
"24 Ta",
0.121
]
      },
      "saturation magnetization": {
        "value": 0.069
      },
      "magnetization temperature": {
        "value": 0
      },
      "magnetization info": {
        "value": "software VASP (vasp.5.4.4), k-points mesh 7x7x13, Ecut-off=401.823 eV, PAW_PBE, Fe:PAW_PBE:06Sep2000, Ta:PAW_PBE:17Jan2003, Pressure=0.0 kbar, temperature=0K"
      },
      "magnetocrystalline anisotropy energy": {
        "value": [
0.0000000000000000,0,1.0000000000000000,-222.56175367,0.2588190451025207,0,0.9659258262890683,-222.56180143,0.5000000000000000,0,0.8660254037844386,-222.56191719,0.7071067811865476,0,0.7071067811865476,-222.56206948,0.8660254037844386,0,0.5000000000000000,-222.56221503,1.0000000000000000,0,0.0000000000000000,-222.56234481]
      },
      "anisotropy energy type": {
        "value": "uniaxial"
      },
      "magnetocrystalline anisotropy constants": {
        "value": [
-0.366,0.045]
      },
      "kind of anisotropy": {
        "value": "easy plane"
      },
      "anisotropy info": {
        "value": "software VASP (vasp.5.4.4) with spin-orbit coupling, k-points mesh 7x7x13, Ecut-off=401.823 eV, PAW_PBE, Fe:PAW_PBE:06Sep2000, Ta:PAW_PBE:17Jan2003, Pressure=0.0 kbar, temperature=0K"
      },
      "exchange integrals": {
        "value": null
      },
      "exchange info": {
        "value": null
      },
      "magnetic order": {
        "value": null
      },
      "curie temperature": {
        "value": null
      },
      "curie temperature info": {
        "value": null
      },
      "anisotropy field": {
        "value": null
      },
      "remanence": {
        "value": null
      },
      "coercivity": {
        "value": null
      },
      "energy product": {
        "value": null
      },
      "hysteresis info": {
        "value": null
      },
      "domain wall width": {
        "value": null
      },
      "domain wall info": {
        "value": null
      },
      "exchange stiffness": {
        "value": null
      },
      "exchange stiffness info": {
        "value": null
      }
    },
    "additional information": {
      "authors": {
        "value": ["ICCRAM"]
      },
      "reference": {
        "value": null
      },
      "comments": {
        "value": null
      },
      "attached files": {
        "value": [
"Fe18Ta6_#127_1N.cif",
"CONTCAR_Fe18Ta6_#127_1N",
"Fe18Ta6_#127_1N.png"
]
      },
      "attached files info": {
        "value": null
      }
    }
  }
}
