{
  "confidential": {
  "value": false
  }, 
  "name": "NOVAMAG_theory_ICCRAM_Fe20Ta4_#141_1N",
  "properties": {
    "approach": {
      "value": "theory"
    },
    "summary": {
      "value": "crystal, energy, magnetization, MAE, coercivity, energy product"
    },
    "chemistry": {
      "chemical formula": {
        "value": "Fe20Ta4"
      },
      "production info": {
        "value": "initial POSCAR from NOVAMAG library http://crono.ubu.es/novamag/show_item_features?mafid=1303"
      }
    },
    "crystal": {
      "compound space group": {
        "value": 141
      },
      "unit cell volume": {
        "value": 296.889482
      },
      "lattice parameters": {
        "value": [
          4.09284,
          4.09284,
          17.72337
        ]
      },
      "lattice angles": {
        "value": [
          90.00000,
          90.00000,
          90.00000
        ]
      },
      "atomic positions": {
        "value": [
"Fe1(8e)",
0.00000,
0.25000,
0.04000,
"Fe2(8e)",
0.00000,
0.25000,
0.53885,
"Fe3(4b)",
0.00000,
0.25000,
0.37500,
"Ta1(4a)",
0.00000,
0.75000,
0.12500
]
      },
      "crystal info": {
        "value": "software VASP (vasp.5.4.4), k-points mesh 15x15x3, Ecut-off=401.823 eV, PAW_PBE, Fe:PAW_PBE:06Sep2000, Ta:PAW_PBE:17Jan2003, Pressure=0.0 kbar, temperature=0K"
      }
    },
    "thermodynamics": {
      "unit cell energy": {
        "value": -213.95914933
      },
      "unit cell formation enthalpy": {
        "value": -1.767364
      },
      "energy info": {
        "value": "software VASP (vasp.5.4.4), k-points mesh 15x15x3, Ecut-off=401.823 eV, PAW_PBE, Fe:PAW_PBE:06Sep2000, Ta:PAW_PBE:17Jan2003, Pressure=0.0 kbar, temperature=0K"
      },
      "interatomic potentials info": {
        "value": null
      },
      "magnetic free energy": {
        "value": null
      },
      "magnetic free energy info": {
        "value": null
      }
    },
    "magnetics": {
      "unit cell spin polarization": {
        "value": 38.826
      },
      "atomic spin specie": {
        "value": [
"1 Fe",
2.062,
"2 Fe",
2.061,
"3 Fe",
2.062,
"4 Fe",
2.061,
"5 Fe",
2.062,
"6 Fe",
2.061,
"7 Fe",
2.062,
"8 Fe",
2.061,
"9 Fe",
2.075,
"10 Fe",
2.074,
"11 Fe",
2.075,
"12 Fe",
2.074,
"13 Fe",
2.075,
"14 Fe",
2.074,
"15 Fe",
2.075,
"16 Fe",
2.074,
"17 Fe",
2.251,
"18 Fe",
2.251,
"19 Fe",
2.251,
"20 Fe",
2.251,
"21 Ta",
-0.817,
"22 Ta",
-0.816,
"23 Ta",
-0.817,
"24 Ta",
-0.816
]
      },
      "saturation magnetization": {
        "value": 1.523
      },
      "magnetization temperature": {
        "value": 0
      },
      "magnetization info": {
        "value": "software VASP (vasp.5.4.4), k-points mesh 15x15x3, Ecut-off=401.823 eV, PAW_PBE, Fe:PAW_PBE:06Sep2000, Ta:PAW_PBE:17Jan2003, Pressure=0.0 kbar, temperature=0K"
      },
      "magnetocrystalline anisotropy energy": {
        "value": [
0.0000000000000000,0,1.0000000000000000,-214.70188669,0.2588190451025207,0,0.9659258262890683,-214.70173979,0.5000000000000000,0,0.8660254037844386,-214.70142385,0.7071067811865476,0,0.7071067811865476,-214.70091933,0.8660254037844386,0,0.5000000000000000,-214.70042781,1.0000000000000000,0,0.0000000000000000,-214.69994615]
      },
      "anisotropy energy type": {
        "value": "uniaxial"
      },
      "magnetocrystalline anisotropy constants": {
        "value": [
1.033,0.014]
      },
      "kind of anisotropy": {
        "value": "easy axis"
      },
      "anisotropy info": {
        "value": "software VASP (vasp.5.4.4) with spin-orbit coupling, k-points mesh 15x15x3, Ecut-off=401.823 eV, PAW_PBE, Fe:PAW_PBE:06Sep2000, Ta:PAW_PBE:17Jan2003, Pressure=0.0 kbar, temperature=0K"
      },
      "exchange integrals": {
        "value": null
      },
      "exchange info": {
        "value": null
      },
      "magnetic order": {
        "value": null
      },
      "curie temperature": {
        "value": null
      },
      "curie temperature info": {
        "value": null
      },
      "anisotropy field": {
        "value": 1.751
      },
      "remanence": {
        "value": 1.523
      },
      "coercivity": {
        "value": 1.751
      },
      "energy product": {
        "value": 461.456
      },
      "hysteresis info": {
        "value": "Stoner-Wohlfarth model without shape anisotropy, perfectly rectangular hysteresis loop, temperature = 0 K. Remanence equals to saturation magnetization (Ms). Anisotropy field: mu_0*Hk=(2*K_1+4*K_2)/Ms, where mu_0 is the vacuum permeability. Coercivity: Hc=Hk. Maximum energy product (upper limit)=(1/4)*mu_0*Ms^2, note this value can only be reached if the demagnetization factor is D=0.5 and Hc>0.5*Ms."
      },
      "domain wall width": {
        "value": null
      },
      "domain wall info": {
        "value": null
      },
      "exchange stiffness": {
        "value": null
      },
      "exchange stiffness info": {
        "value": null
      }
    },
    "additional information": {
      "authors": {
        "value": ["ICCRAM"]
      },
      "reference": {
        "value": null
      },
      "comments": {
        "value": "Hardness parameter=0.748"
      },
      "attached files": {
        "value": [
"Fe20Ta4_#141_1N.cif",
"CONTCAR_Fe20Ta4_#141_1N",
"Fe20Ta4_#141_1N.png"
]
      },
      "attached files info": {
        "value": null
      }
    }
  }
}
