{
  "confidential": {
  "value": false
  }, 
  "name": "NOVAMAG_theory_ICCRAM_Fe20Ta4_#139_1N",
  "properties": {
    "approach": {
      "value": "theory"
    },
    "summary": {
      "value": "crystal, energy, magnetization, MAE, coercivity, energy product"
    },
    "chemistry": {
      "chemical formula": {
        "value": "Fe20Ta4"
      },
      "production info": {
        "value": "initial POSCAR from NOVAMAG library http://crono.ubu.es/novamag/show_item_features?mafid=1305"
      }
    },
    "crystal": {
      "compound space group": {
        "value": 139
      },
      "unit cell volume": {
        "value": 295.884576
      },
      "lattice parameters": {
        "value": [
          4.11107,
          4.11107,
          17.50700
        ]
      },
      "lattice angles": {
        "value": [
          90.00000,
          90.00000,
          90.00000
        ]
      },
      "atomic positions": {
        "value": [
"Fe1(4e)",
0.00000,
0.00000,
0.83633,
"Fe2(4d)",
0.00000,
0.50000,
0.25000,
"Fe3(2a)",
0.00000,
0.00000,
0.00000,
"Fe4(8g)",
0.00000,
0.50000,
-0.07954,
"Fe5(2b)",
0.00000,
0.00000,
0.50000,
"Ta1(4e)",
0.00000,
0.00000,
0.33453
]
      },
      "crystal info": {
        "value": "software VASP (vasp.5.4.4), k-points mesh 15x15x3, Ecut-off=401.823 eV, PAW_PBE, Fe:PAW_PBE:06Sep2000, Ta:PAW_PBE:17Jan2003, Pressure=0.0 kbar, temperature=0K"
      }
    },
    "thermodynamics": {
      "unit cell energy": {
        "value": -214.23025375
      },
      "unit cell formation enthalpy": {
        "value": -2.038468
      },
      "energy info": {
        "value": "software VASP (vasp.5.4.4), k-points mesh 15x15x3, Ecut-off=401.823 eV, PAW_PBE, Fe:PAW_PBE:06Sep2000, Ta:PAW_PBE:17Jan2003, Pressure=0.0 kbar, temperature=0K"
      },
      "interatomic potentials info": {
        "value": null
      },
      "magnetic free energy": {
        "value": null
      },
      "magnetic free energy info": {
        "value": null
      }
    },
    "magnetics": {
      "unit cell spin polarization": {
        "value": 38.750
      },
      "atomic spin specie": {
        "value": [
"1 Fe",
2.420,
"2 Fe",
2.420,
"3 Fe",
2.420,
"4 Fe",
2.420,
"5 Fe",
1.556,
"6 Fe",
1.556,
"7 Fe",
1.556,
"8 Fe",
1.556,
"9 Fe",
2.485,
"10 Fe",
2.485,
"11 Fe",
1.920,
"12 Fe",
1.920,
"13 Fe",
1.920,
"14 Fe",
1.920,
"15 Fe",
1.920,
"16 Fe",
1.920,
"17 Fe",
1.920,
"18 Fe",
1.920,
"19 Fe",
2.582,
"20 Fe",
2.582,
"21 Ta",
-0.662,
"22 Ta",
-0.662,
"23 Ta",
-0.662,
"24 Ta",
-0.662
]
      },
      "saturation magnetization": {
        "value": 1.525
      },
      "magnetization temperature": {
        "value": 0
      },
      "magnetization info": {
        "value": "software VASP (vasp.5.4.4), k-points mesh 15x15x3, Ecut-off=401.823 eV, PAW_PBE, Fe:PAW_PBE:06Sep2000, Ta:PAW_PBE:17Jan2003, Pressure=0.0 kbar, temperature=0K"
      },
      "magnetocrystalline anisotropy energy": {
        "value": [
0.0000000000000000,0,1.0000000000000000,-214.97672235,0.2588190451025207,0,0.9659258262890683,-214.97661010,0.5000000000000000,0,0.8660254037844386,-214.97636234,0.7071067811865476,0,0.7071067811865476,-214.97607371,0.8660254037844386,0,0.5000000000000000,-214.97587253,1.0000000000000000,0,0.0000000000000000,-214.97574858]
      },
      "anisotropy energy type": {
        "value": "uniaxial"
      },
      "magnetocrystalline anisotropy constants": {
        "value": [
0.876,-0.350]
      },
      "kind of anisotropy": {
        "value": "easy axis"
      },
      "anisotropy info": {
        "value": "software VASP (vasp.5.4.4) with spin-orbit coupling, k-points mesh 15x15x3, Ecut-off=401.823 eV, PAW_PBE, Fe:PAW_PBE:06Sep2000, Ta:PAW_PBE:17Jan2003, Pressure=0.0 kbar, temperature=0K"
      },
      "exchange integrals": {
        "value": null
      },
      "exchange info": {
        "value": null
      },
      "magnetic order": {
        "value": null
      },
      "curie temperature": {
        "value": null
      },
      "curie temperature info": {
        "value": null
      },
      "anisotropy field": {
        "value": 0.290
      },
      "remanence": {
        "value": 1.525
      },
      "coercivity": {
        "value": 0.290
      },
      "energy product": {
        "value": 462.668
      },
      "hysteresis info": {
        "value": "Stoner-Wohlfarth model without shape anisotropy, perfectly rectangular hysteresis loop, temperature = 0 K. Remanence equals to saturation magnetization (Ms). Anisotropy field: mu_0*Hk=(2*K_1+4*K_2)/Ms, where mu_0 is the vacuum permeability. Coercivity: Hc=Hk. Maximum energy product (upper limit)=(1/4)*mu_0*Ms^2, note this value can only be reached if the demagnetization factor is D=0.5 and Hc>0.5*Ms."
      },
      "domain wall width": {
        "value": null
      },
      "domain wall info": {
        "value": null
      },
      "exchange stiffness": {
        "value": null
      },
      "exchange stiffness info": {
        "value": null
      }
    },
    "additional information": {
      "authors": {
        "value": ["ICCRAM"]
      },
      "reference": {
        "value": null
      },
      "comments": {
        "value": "Hardness parameter=0.688"
      },
      "attached files": {
        "value": [
"Fe20Ta4_#139_1N.cif",
"CONTCAR_Fe20Ta4_#139_1N",
"Fe20Ta4_#139_1N.png"
]
      },
      "attached files info": {
        "value": null
      }
    }
  }
}
