{
  "confidential": {
  "value": false
  }, 
  "name": "NOVAMAG_theory_ICCRAM_Fe5Ta2_#166_1N",
  "properties": {
    "approach": {
      "value": "theory"
    },
    "summary": {
      "value": "crystal, energy, magnetization, MAE, coercivity, energy product"
    },
    "chemistry": {
      "chemical formula": {
        "value": "Fe5Ta2"
      },
      "production info": {
        "value": "initial POSCAR from NOVAMAG library http://crono.ubu.es/novamag/show_item_features?mafid=1347"
      }
    },
    "crystal": {
      "compound space group": {
        "value": 166
      },
      "unit cell volume": {
        "value": 91.907723
      },
      "lattice parameters": {
        "value": [
          4.19090,
          4.19090,
          18.12707
        ]
      },
      "lattice angles": {
        "value": [
          90.00000,
          90.00000,
          120.00000
        ]
      },
      "atomic positions": {
        "value": [
"Fe1(6c)",
0.00000,
0.00000,
0.43074,
"Fe2(6c)",
0.00000,
0.00000,
0.85995,
"Fe3(3a)",
0.00000,
0.00000,
0.00000,
"Ta1(6c)",
0.00000,
0.00000,
0.28097
]
      },
      "crystal info": {
        "value": "software VASP (vasp.5.4.4), k-points mesh 17x17x17, Ecut-off=401.823 eV, PAW_PBE, Fe:PAW_PBE:06Sep2000, Ta:PAW_PBE:17Jan2003, Pressure=0.0 kbar, temperature=0K"
      }
    },
    "thermodynamics": {
      "unit cell energy": {
        "value": -65.58531228
      },
      "unit cell formation enthalpy": {
        "value": -0.675376
      },
      "energy info": {
        "value": "software VASP (vasp.5.4.4), k-points mesh 17x17x17, Ecut-off=401.823 eV, PAW_PBE, Fe:PAW_PBE:06Sep2000, Ta:PAW_PBE:17Jan2003, Pressure=0.0 kbar, temperature=0K"
      },
      "interatomic potentials info": {
        "value": null
      },
      "magnetic free energy": {
        "value": null
      },
      "magnetic free energy info": {
        "value": null
      }
    },
    "magnetics": {
      "unit cell spin polarization": {
        "value": 8.531
      },
      "atomic spin specie": {
        "value": [
"1 Fe",
1.829,
"2 Fe",
1.829,
"3 Fe",
2.378,
"4 Fe",
2.378,
"5 Fe",
1.255,
"6 Ta",
-0.569,
"7 Ta",
-0.569
]
      },
      "saturation magnetization": {
        "value": 1.081
      },
      "magnetization temperature": {
        "value": 0
      },
      "magnetization info": {
        "value": "software VASP (vasp.5.4.4), k-points mesh 17x17x17, Ecut-off=401.823 eV, PAW_PBE, Fe:PAW_PBE:06Sep2000, Ta:PAW_PBE:17Jan2003, Pressure=0.0 kbar, temperature=0K"
      },
      "magnetocrystalline anisotropy energy": {
        "value": [
0.0000000000000000,0,1.0000000000000000,-65.92338598,0.2588190451025207,0,0.9659258262890683,-65.92333705,0.5000000000000000,0,0.8660254037844386,-65.92320784,0.7071067811865476,0,0.7071067811865476,-65.92303058,0.8660254037844386,0,0.5000000000000000,-65.92285247,1.0000000000000000,0,0.0000000000000000,-65.92267522]
      },
      "anisotropy energy type": {
        "value": "uniaxial"
      },
      "magnetocrystalline anisotropy constants": {
        "value": [
1.242,-0.002]
      },
      "kind of anisotropy": {
        "value": "easy axis"
      },
      "anisotropy info": {
        "value": "software VASP (vasp.5.4.4) with spin-orbit coupling, k-points mesh 17x17x17, Ecut-off=401.823 eV, PAW_PBE, Fe:PAW_PBE:06Sep2000, Ta:PAW_PBE:17Jan2003, Pressure=0.0 kbar, temperature=0K"
      },
      "exchange integrals": {
        "value": null
      },
      "exchange info": {
        "value": null
      },
      "magnetic order": {
        "value": null
      },
      "curie temperature": {
        "value": null
      },
      "curie temperature info": {
        "value": null
      },
      "anisotropy field": {
        "value": 2.878
      },
      "remanence": {
        "value": 1.081
      },
      "coercivity": {
        "value": 2.878
      },
      "energy product": {
        "value": 232.478
      },
      "hysteresis info": {
        "value": "Stoner-Wohlfarth model without shape anisotropy, perfectly rectangular hysteresis loop, temperature = 0 K. Remanence equals to saturation magnetization (Ms). Anisotropy field: mu_0*Hk=(2*K_1+4*K_2)/Ms, where mu_0 is the vacuum permeability. Coercivity: Hc=Hk. Maximum energy product (upper limit)=(1/4)*mu_0*Ms^2, note this value can only be reached if the demagnetization factor is D=0.5 and Hc>0.5*Ms."
      },
      "domain wall width": {
        "value": null
      },
      "domain wall info": {
        "value": null
      },
      "exchange stiffness": {
        "value": null
      },
      "exchange stiffness info": {
        "value": null
      }
    },
    "additional information": {
      "authors": {
        "value": ["ICCRAM"]
      },
      "reference": {
        "value": null
      },
      "comments": {
        "value": "Hardness parameter=1.156"
      },
      "attached files": {
        "value": [
"Fe5Ta2_#166_1N.cif",
"CONTCAR_Fe5Ta2_#166_1N",
"Fe5Ta2_#166_1N.png"
]
      },
      "attached files info": {
        "value": null
      }
    }
  }
}
