{
  "confidential": {
  "value": false
  }, 
  "name": "NOVAMAG_theory_ICCRAM_Fe5Ta2_#156_1N",
  "properties": {
    "approach": {
      "value": "theory"
    },
    "summary": {
      "value": "crystal, energy, magnetization, MAE, coercivity, energy product"
    },
    "chemistry": {
      "chemical formula": {
        "value": "Fe5Ta2"
      },
      "production info": {
        "value": "initial POSCAR from NOVAMAG library http://crono.ubu.es/novamag/show_item_features?mafid=1338"
      }
    },
    "crystal": {
      "compound space group": {
        "value": 156
      },
      "unit cell volume": {
        "value": 91.278017
      },
      "lattice parameters": {
        "value": [
          4.71328,
          4.71328,
          4.74449
        ]
      },
      "lattice angles": {
        "value": [
          90.00000,
          90.00000,
          120.00000
        ]
      },
      "atomic positions": {
        "value": [
"Fe1(1a)",
0.00000,
0.00000,
0.51388,
"Fe2(1b)",
0.33333,
0.66667,
0.74629,
"Fe3(3d)",
0.49820,
0.50180,
0.25842,
"Ta1(1c)",
0.66667,
0.33333,
0.74149,
"Ta2(1a)",
0.00000,
0.00000,
-0.00104
]
      },
      "crystal info": {
        "value": "software VASP (vasp.5.4.4), k-points mesh 15x15x13, Ecut-off=401.823 eV, PAW_PBE, Fe:PAW_PBE:06Sep2000, Ta:PAW_PBE:17Jan2003, Pressure=0.0 kbar, temperature=0K"
      }
    },
    "thermodynamics": {
      "unit cell energy": {
        "value": -65.71016019
      },
      "unit cell formation enthalpy": {
        "value": -0.800224
      },
      "energy info": {
        "value": "software VASP (vasp.5.4.4), k-points mesh 15x15x13, Ecut-off=401.823 eV, PAW_PBE, Fe:PAW_PBE:06Sep2000, Ta:PAW_PBE:17Jan2003, Pressure=0.0 kbar, temperature=0K"
      },
      "interatomic potentials info": {
        "value": null
      },
      "magnetic free energy": {
        "value": null
      },
      "magnetic free energy info": {
        "value": null
      }
    },
    "magnetics": {
      "unit cell spin polarization": {
        "value": 7.870
      },
      "atomic spin specie": {
        "value": [
"1 Fe",
1.456,
"2 Fe",
2.353,
"3 Fe",
1.707,
"4 Fe",
1.707,
"5 Fe",
1.707,
"6 Ta",
-0.536,
"7 Ta",
-0.524
]
      },
      "saturation magnetization": {
        "value": 1.004
      },
      "magnetization temperature": {
        "value": 0
      },
      "magnetization info": {
        "value": "software VASP (vasp.5.4.4), k-points mesh 15x15x13, Ecut-off=401.823 eV, PAW_PBE, Fe:PAW_PBE:06Sep2000, Ta:PAW_PBE:17Jan2003, Pressure=0.0 kbar, temperature=0K"
      },
      "magnetocrystalline anisotropy energy": {
        "value": [
0.0000000000000000,0,1.0000000000000000,-66.04935968,0.2588190451025207,0,0.9659258262890683,-66.04890180,0.5000000000000000,0,0.8660254037844386,-66.04757120,0.7071067811865476,0,0.7071067811865476,-66.04550913,0.8660254037844386,0,0.5000000000000000,-66.04298632,1.0000000000000000,0,0.0000000000000000,-66.03980625]
      },
      "anisotropy energy type": {
        "value": "uniaxial"
      },
      "magnetocrystalline anisotropy constants": {
        "value": [
10.429,6.223]
      },
      "kind of anisotropy": {
        "value": "easy axis"
      },
      "anisotropy info": {
        "value": "software VASP (vasp.5.4.4) with spin-orbit coupling, k-points mesh 15x15x13, Ecut-off=401.823 eV, PAW_PBE, Fe:PAW_PBE:06Sep2000, Ta:PAW_PBE:17Jan2003, Pressure=0.0 kbar, temperature=0K"
      },
      "exchange integrals": {
        "value": null
      },
      "exchange info": {
        "value": null
      },
      "magnetic order": {
        "value": null
      },
      "curie temperature": {
        "value": null
      },
      "curie temperature info": {
        "value": null
      },
      "anisotropy field": {
        "value": 57.262
      },
      "remanence": {
        "value": 1.004
      },
      "coercivity": {
        "value": 57.262
      },
      "energy product": {
        "value": 200.538
      },
      "hysteresis info": {
        "value": "Stoner-Wohlfarth model without shape anisotropy, perfectly rectangular hysteresis loop, temperature = 0 K. Remanence equals to saturation magnetization (Ms). Anisotropy field: mu_0*Hk=(2*K_1+4*K_2)/Ms, where mu_0 is the vacuum permeability. Coercivity: Hc=Hk. Maximum energy product (upper limit)=(1/4)*mu_0*Ms^2, note this value can only be reached if the demagnetization factor is D=0.5 and Hc>0.5*Ms."
      },
      "domain wall width": {
        "value": null
      },
      "domain wall info": {
        "value": null
      },
      "exchange stiffness": {
        "value": null
      },
      "exchange stiffness info": {
        "value": null
      }
    },
    "additional information": {
      "authors": {
        "value": ["ICCRAM"]
      },
      "reference": {
        "value": null
      },
      "comments": {
        "value": "Hardness parameter=3.606"
      },
      "attached files": {
        "value": [
"Fe5Ta2_#156_1N.cif",
"CONTCAR_Fe5Ta2_#156_1N",
"Fe5Ta2_#156_1N.png"
]
      },
      "attached files info": {
        "value": null
      }
    }
  }
}
