{
  "confidential": {
  "value": false
  }, 
  "name": "NOVAMAG_theory_ICCRAM_Fe6Ta4_#83_1N",
  "properties": {
    "approach": {
      "value": "theory"
    },
    "summary": {
      "value": "crystal, energy, magnetization, MAE"
    },
    "chemistry": {
      "chemical formula": {
        "value": "Fe6Ta4"
      },
      "production info": {
        "value": "initial POSCAR from NOVAMAG library http://crono.ubu.es/novamag/show_item_features?mafid=1425"
      }
    },
    "crystal": {
      "compound space group": {
        "value": 83
      },
      "unit cell volume": {
        "value": 137.229289
      },
      "lattice parameters": {
        "value": [
          6.70955,
          6.70955,
          3.04831
        ]
      },
      "lattice angles": {
        "value": [
          90.00000,
          90.00000,
          90.00000
        ]
      },
      "atomic positions": {
        "value": [
"Fe1(1c)",
0.50000,
0.50000,
0.00000,
"Fe2(4k)",
0.79322,
0.59737,
0.50000,
"Fe3(1b)",
0.00000,
0.00000,
0.50000,
"Ta1(4j)",
0.10764,
0.69631,
0.00000
]
      },
      "crystal info": {
        "value": "software VASP (vasp.5.4.4), k-points mesh 9x9x20, Ecut-off=401.823 eV, PAW_PBE, Fe:PAW_PBE:06Sep2000, Ta:PAW_PBE:17Jan2003, Pressure=0.0 kbar, temperature=0K"
      }
    },
    "thermodynamics": {
      "unit cell energy": {
        "value": -98.18054753
      },
      "unit cell formation enthalpy": {
        "value": -1.309440
      },
      "energy info": {
        "value": "software VASP (vasp.5.4.4), k-points mesh 9x9x20, Ecut-off=401.823 eV, PAW_PBE, Fe:PAW_PBE:06Sep2000, Ta:PAW_PBE:17Jan2003, Pressure=0.0 kbar, temperature=0K"
      },
      "interatomic potentials info": {
        "value": null
      },
      "magnetic free energy": {
        "value": null
      },
      "magnetic free energy info": {
        "value": null
      }
    },
    "magnetics": {
      "unit cell spin polarization": {
        "value": 7.438
      },
      "atomic spin specie": {
        "value": [
"1 Fe",
2.681,
"2 Fe",
1.301,
"3 Fe",
1.301,
"4 Fe",
1.301,
"5 Fe",
1.301,
"6 Fe",
1.090,
"7 Ta",
-0.384,
"8 Ta",
-0.384,
"9 Ta",
-0.384,
"10 Ta",
-0.384
]
      },
      "saturation magnetization": {
        "value": 0.631
      },
      "magnetization temperature": {
        "value": 0
      },
      "magnetization info": {
        "value": "software VASP (vasp.5.4.4), k-points mesh 9x9x20, Ecut-off=401.823 eV, PAW_PBE, Fe:PAW_PBE:06Sep2000, Ta:PAW_PBE:17Jan2003, Pressure=0.0 kbar, temperature=0K"
      },
      "magnetocrystalline anisotropy energy": {
        "value": [
0.0000000000000000,0,1.0000000000000000,-98.84752048,0.2588190451025207,0,0.9659258262890683,-98.84755801,0.5000000000000000,0,0.8660254037844386,-98.84763199,0.7071067811865476,0,0.7071067811865476,-98.84773910,0.8660254037844386,0,0.5000000000000000,-98.84778657,1.0000000000000000,0,0.0000000000000000,-98.84778865]
      },
      "anisotropy energy type": {
        "value": "uniaxial"
      },
      "magnetocrystalline anisotropy constants": {
        "value": [
-0.678,0.368]
      },
      "kind of anisotropy": {
        "value": "easy cone"
      },
      "anisotropy info": {
        "value": "software VASP (vasp.5.4.4) with spin-orbit coupling, k-points mesh 9x9x20, Ecut-off=401.823 eV, PAW_PBE, Fe:PAW_PBE:06Sep2000, Ta:PAW_PBE:17Jan2003, Pressure=0.0 kbar, temperature=0K"
      },
      "exchange integrals": {
        "value": null
      },
      "exchange info": {
        "value": null
      },
      "magnetic order": {
        "value": null
      },
      "curie temperature": {
        "value": null
      },
      "curie temperature info": {
        "value": null
      },
      "anisotropy field": {
        "value": null
      },
      "remanence": {
        "value": null
      },
      "coercivity": {
        "value": null
      },
      "energy product": {
        "value": null
      },
      "hysteresis info": {
        "value": null
      },
      "domain wall width": {
        "value": null
      },
      "domain wall info": {
        "value": null
      },
      "exchange stiffness": {
        "value": null
      },
      "exchange stiffness info": {
        "value": null
      }
    },
    "additional information": {
      "authors": {
        "value": ["ICCRAM"]
      },
      "reference": {
        "value": null
      },
      "comments": {
        "value": null
      },
      "attached files": {
        "value": [
"Fe6Ta4_#83_1N.cif",
"CONTCAR_Fe6Ta4_#83_1N",
"Fe6Ta4_#83_1N.png"
]
      },
      "attached files info": {
        "value": null
      }
    }
  }
}
