{
  "confidential": {
  "value": false
  }, 
  "name": "NOVAMAG_theory_ICCRAM_Fe6Ta4_#166_1N",
  "properties": {
    "approach": {
      "value": "theory"
    },
    "summary": {
      "value": "crystal, energy, magnetization, MAE, coercivity, energy product"
    },
    "chemistry": {
      "chemical formula": {
        "value": "Fe6Ta4"
      },
      "production info": {
        "value": "initial POSCAR from NOVAMAG library http://crono.ubu.es/novamag/show_item_features?mafid=1426"
      }
    },
    "crystal": {
      "compound space group": {
        "value": 166
      },
      "unit cell volume": {
        "value": 136.826110
      },
      "lattice parameters": {
        "value": [
          4.24968,
          4.24968,
          26.24507
        ]
      },
      "lattice angles": {
        "value": [
          90.00000,
          90.00000,
          120.00000
        ]
      },
      "atomic positions": {
        "value": [
"Fe1(3b)",
0.00000,
0.00000,
0.50000,
"Fe2(3a)",
0.00000,
0.00000,
0.00000,
"Fe3(6c)",
0.00000,
0.00000,
0.69992,
"Fe4(6c)",
0.00000,
0.00000,
0.09823,
"Ta1(6c)",
0.00000,
0.00000,
0.60408,
"Ta2(6c)",
0.00000,
0.00000,
0.20081
]
      },
      "crystal info": {
        "value": "software VASP (vasp.5.4.4), k-points mesh 16x16x16, Ecut-off=401.823 eV, PAW_PBE, Fe:PAW_PBE:06Sep2000, Ta:PAW_PBE:17Jan2003, Pressure=0.0 kbar, temperature=0K"
      }
    },
    "thermodynamics": {
      "unit cell energy": {
        "value": -98.25965748
      },
      "unit cell formation enthalpy": {
        "value": -1.388550
      },
      "energy info": {
        "value": "software VASP (vasp.5.4.4), k-points mesh 16x16x16, Ecut-off=401.823 eV, PAW_PBE, Fe:PAW_PBE:06Sep2000, Ta:PAW_PBE:17Jan2003, Pressure=0.0 kbar, temperature=0K"
      },
      "interatomic potentials info": {
        "value": null
      },
      "magnetic free energy": {
        "value": null
      },
      "magnetic free energy info": {
        "value": null
      }
    },
    "magnetics": {
      "unit cell spin polarization": {
        "value": 7.408
      },
      "atomic spin specie": {
        "value": [
"1 Fe",
0.993,
"2 Fe",
2.712,
"3 Fe",
1.379,
"4 Fe",
1.379,
"5 Fe",
1.181,
"6 Fe",
1.181,
"7 Ta",
-0.407,
"8 Ta",
-0.407,
"9 Ta",
-0.302,
"10 Ta",
-0.302
]
      },
      "saturation magnetization": {
        "value": 0.631
      },
      "magnetization temperature": {
        "value": 0
      },
      "magnetization info": {
        "value": "software VASP (vasp.5.4.4), k-points mesh 16x16x16, Ecut-off=401.823 eV, PAW_PBE, Fe:PAW_PBE:06Sep2000, Ta:PAW_PBE:17Jan2003, Pressure=0.0 kbar, temperature=0K"
      },
      "magnetocrystalline anisotropy energy": {
        "value": [
0.0000000000000000,0,1.0000000000000000,-98.92700618,0.2588190451025207,0,0.9659258262890683,-98.92697374,0.5000000000000000,0,0.8660254037844386,-98.92689214,0.7071067811865476,0,0.7071067811865476,-98.92675114,0.8660254037844386,0,0.5000000000000000,-98.92658430,1.0000000000000000,0,0.0000000000000000,-98.92638806]
      },
      "anisotropy energy type": {
        "value": "uniaxial"
      },
      "magnetocrystalline anisotropy constants": {
        "value": [
0.472,0.252]
      },
      "kind of anisotropy": {
        "value": "easy axis"
      },
      "anisotropy info": {
        "value": "software VASP (vasp.5.4.4) with spin-orbit coupling, k-points mesh 16x16x16, Ecut-off=401.823 eV, PAW_PBE, Fe:PAW_PBE:06Sep2000, Ta:PAW_PBE:17Jan2003, Pressure=0.0 kbar, temperature=0K"
      },
      "exchange integrals": {
        "value": null
      },
      "exchange info": {
        "value": null
      },
      "magnetic order": {
        "value": null
      },
      "curie temperature": {
        "value": null
      },
      "curie temperature info": {
        "value": null
      },
      "anisotropy field": {
        "value": 3.887
      },
      "remanence": {
        "value": 0.631
      },
      "coercivity": {
        "value": 3.887
      },
      "energy product": {
        "value": 79.212
      },
      "hysteresis info": {
        "value": "Stoner-Wohlfarth model without shape anisotropy, perfectly rectangular hysteresis loop, temperature = 0 K. Remanence equals to saturation magnetization (Ms). Anisotropy field: mu_0*Hk=(2*K_1+4*K_2)/Ms, where mu_0 is the vacuum permeability. Coercivity: Hc=Hk. Maximum energy product (upper limit)=(1/4)*mu_0*Ms^2, note this value can only be reached if the demagnetization factor is D=0.5 and Hc>0.5*Ms."
      },
      "domain wall width": {
        "value": null
      },
      "domain wall info": {
        "value": null
      },
      "exchange stiffness": {
        "value": null
      },
      "exchange stiffness info": {
        "value": null
      }
    },
    "additional information": {
      "authors": {
        "value": ["ICCRAM"]
      },
      "reference": {
        "value": null
      },
      "comments": {
        "value": "Hardness parameter=1.221"
      },
      "attached files": {
        "value": [
"Fe6Ta4_#166_1N.cif",
"CONTCAR_Fe6Ta4_#166_1N",
"Fe6Ta4_#166_1N.png"
]
      },
      "attached files info": {
        "value": null
      }
    }
  }
}
