{
  "confidential": {
  "value": false
  }, 
  "name": "NOVAMAG_theory_ICCRAM_Fe6Ta4_#139_1N",
  "properties": {
    "approach": {
      "value": "theory"
    },
    "summary": {
      "value": "crystal, energy, magnetization, MAE, coercivity, energy product"
    },
    "chemistry": {
      "chemical formula": {
        "value": "Fe6Ta4"
      },
      "production info": {
        "value": "initial POSCAR from NOVAMAG library http://crono.ubu.es/novamag/show_item_features?mafid=1429"
      }
    },
    "crystal": {
      "compound space group": {
        "value": 139
      },
      "unit cell volume": {
        "value": 137.053270
      },
      "lattice parameters": {
        "value": [
          3.07054,
          3.07054,
          14.53652
        ]
      },
      "lattice angles": {
        "value": [
          90.00000,
          90.00000,
          90.00000
        ]
      },
      "atomic positions": {
        "value": [
"Fe1(4e)",
0.00000,
0.00000,
0.79590,
"Fe2(2a)",
0.00000,
0.00000,
0.00000,
"Ta1(4e)",
0.00000,
0.00000,
0.60455
]
      },
      "crystal info": {
        "value": "software VASP (vasp.5.4.4), k-points mesh 20x20x4, Ecut-off=401.823 eV, PAW_PBE, Fe:PAW_PBE:06Sep2000, Ta:PAW_PBE:17Jan2003, Pressure=0.0 kbar, temperature=0K"
      }
    },
    "thermodynamics": {
      "unit cell energy": {
        "value": -98.14659290
      },
      "unit cell formation enthalpy": {
        "value": -1.275486
      },
      "energy info": {
        "value": "software VASP (vasp.5.4.4), k-points mesh 20x20x4, Ecut-off=401.823 eV, PAW_PBE, Fe:PAW_PBE:06Sep2000, Ta:PAW_PBE:17Jan2003, Pressure=0.0 kbar, temperature=0K"
      },
      "interatomic potentials info": {
        "value": null
      },
      "magnetic free energy": {
        "value": null
      },
      "magnetic free energy info": {
        "value": null
      }
    },
    "magnetics": {
      "unit cell spin polarization": {
        "value": 5.575
      },
      "atomic spin specie": {
        "value": [
"1 Fe",
1.952,
"2 Fe",
1.953,
"3 Fe",
1.950,
"4 Fe",
1.949,
"5 Fe",
-0.824,
"6 Fe",
-0.828,
"7 Ta",
-0.146,
"8 Ta",
-0.145,
"9 Ta",
-0.143,
"10 Ta",
-0.143
]
      },
      "saturation magnetization": {
        "value": 0.474
      },
      "magnetization temperature": {
        "value": 0
      },
      "magnetization info": {
        "value": "software VASP (vasp.5.4.4), k-points mesh 20x20x4, Ecut-off=401.823 eV, PAW_PBE, Fe:PAW_PBE:06Sep2000, Ta:PAW_PBE:17Jan2003, Pressure=0.0 kbar, temperature=0K"
      },
      "magnetocrystalline anisotropy energy": {
        "value": [
0.0000000000000000,0,1.0000000000000000,-98.81886180,0.2588190451025207,0,0.9659258262890683,-98.81867626,0.5000000000000000,0,0.8660254037844386,-98.81817368,0.7071067811865476,0,0.7071067811865476,-98.81750209,0.8660254037844386,0,0.5000000000000000,-98.81681873,1.0000000000000000,0,0.0000000000000000,-98.81608767]
      },
      "anisotropy energy type": {
        "value": "uniaxial"
      },
      "magnetocrystalline anisotropy constants": {
        "value": [
3.129,0.102]
      },
      "kind of anisotropy": {
        "value": "easy axis"
      },
      "anisotropy info": {
        "value": "software VASP (vasp.5.4.4) with spin-orbit coupling, k-points mesh 20x20x4, Ecut-off=401.823 eV, PAW_PBE, Fe:PAW_PBE:06Sep2000, Ta:PAW_PBE:17Jan2003, Pressure=0.0 kbar, temperature=0K"
      },
      "exchange integrals": {
        "value": null
      },
      "exchange info": {
        "value": null
      },
      "magnetic order": {
        "value": null
      },
      "curie temperature": {
        "value": null
      },
      "curie temperature info": {
        "value": null
      },
      "anisotropy field": {
        "value": 17.672
      },
      "remanence": {
        "value": 0.474
      },
      "coercivity": {
        "value": 17.672
      },
      "energy product": {
        "value": 44.698
      },
      "hysteresis info": {
        "value": "Stoner-Wohlfarth model without shape anisotropy, perfectly rectangular hysteresis loop, temperature = 0 K. Remanence equals to saturation magnetization (Ms). Anisotropy field: mu_0*Hk=(2*K_1+4*K_2)/Ms, where mu_0 is the vacuum permeability. Coercivity: Hc=Hk. Maximum energy product (upper limit)=(1/4)*mu_0*Ms^2, note this value can only be reached if the demagnetization factor is D=0.5 and Hc>0.5*Ms."
      },
      "domain wall width": {
        "value": null
      },
      "domain wall info": {
        "value": null
      },
      "exchange stiffness": {
        "value": null
      },
      "exchange stiffness info": {
        "value": null
      }
    },
    "additional information": {
      "authors": {
        "value": ["ICCRAM"]
      },
      "reference": {
        "value": null
      },
      "comments": {
        "value": "Hardness parameter=4.183"
      },
      "attached files": {
        "value": [
"Fe6Ta4_#139_1N.cif",
"CONTCAR_Fe6Ta4_#139_1N",
"Fe6Ta4_#139_1N.png"
]
      },
      "attached files info": {
        "value": null
      }
    }
  }
}
