{
  "confidential": {
  "value": false
  }, 
  "name": "NOVAMAG_theory_ICCRAM_Fe7Ta1_#123_1N",
  "properties": {
    "approach": {
      "value": "theory"
    },
    "summary": {
      "value": "crystal, energy, magnetization, MAE"
    },
    "chemistry": {
      "chemical formula": {
        "value": "Fe7Ta1"
      },
      "production info": {
        "value": "initial POSCAR from NOVAMAG library http://crono.ubu.es/novamag/show_item_features?mafid=1325"
      }
    },
    "crystal": {
      "compound space group": {
        "value": 123
      },
      "unit cell volume": {
        "value": 97.130131
      },
      "lattice parameters": {
        "value": [
          4.08663,
          4.08663,
          5.81598
        ]
      },
      "lattice angles": {
        "value": [
          90.00000,
          90.00000,
          90.00000
        ]
      },
      "atomic positions": {
        "value": [
"Fe1(4i)",
0.00000,
0.50000,
0.74042,
"Fe2(1c)",
0.50000,
0.50000,
0.00000,
"Fe3(1d)",
0.50000,
0.50000,
0.50000,
"Fe4(1b)",
0.00000,
0.00000,
0.50000,
"Ta1(1a)",
0.00000,
0.00000,
0.00000
]
      },
      "crystal info": {
        "value": "software VASP (vasp.5.4.4), k-points mesh 15x15x10, Ecut-off=401.823 eV, PAW_PBE, Fe:PAW_PBE:06Sep2000, Ta:PAW_PBE:17Jan2003, Pressure=0.0 kbar, temperature=0K"
      }
    },
    "thermodynamics": {
      "unit cell energy": {
        "value": -70.01407232
      },
      "unit cell formation enthalpy": {
        "value": -0.491743
      },
      "energy info": {
        "value": "software VASP (vasp.5.4.4), k-points mesh 15x15x10, Ecut-off=401.823 eV, PAW_PBE, Fe:PAW_PBE:06Sep2000, Ta:PAW_PBE:17Jan2003, Pressure=0.0 kbar, temperature=0K"
      },
      "interatomic potentials info": {
        "value": null
      },
      "magnetic free energy": {
        "value": null
      },
      "magnetic free energy info": {
        "value": null
      }
    },
    "magnetics": {
      "unit cell spin polarization": {
        "value": 14.468
      },
      "atomic spin specie": {
        "value": [
"1 Fe",
1.972,
"2 Fe",
1.972,
"3 Fe",
1.972,
"4 Fe",
1.972,
"5 Fe",
2.318,
"6 Fe",
2.486,
"7 Fe",
2.521,
"8 Ta",
-0.744
]
      },
      "saturation magnetization": {
        "value": 1.735
      },
      "magnetization temperature": {
        "value": 0
      },
      "magnetization info": {
        "value": "software VASP (vasp.5.4.4), k-points mesh 15x15x10, Ecut-off=401.823 eV, PAW_PBE, Fe:PAW_PBE:06Sep2000, Ta:PAW_PBE:17Jan2003, Pressure=0.0 kbar, temperature=0K"
      },
      "magnetocrystalline anisotropy energy": {
        "value": [
0.0000000000000000,0,1.0000000000000000,-70.21309800,0.2588190451025207,0,0.9659258262890683,-70.21310329,0.5000000000000000,0,0.8660254037844386,-70.21312118,0.7071067811865476,0,0.7071067811865476,-70.21315072,0.8660254037844386,0,0.5000000000000000,-70.21318911,1.0000000000000000,0,0.0000000000000000,-70.21323304]
      },
      "anisotropy energy type": {
        "value": "uniaxial"
      },
      "magnetocrystalline anisotropy constants": {
        "value": [
-0.129,-0.094]
      },
      "kind of anisotropy": {
        "value": "easy plane"
      },
      "anisotropy info": {
        "value": "software VASP (vasp.5.4.4) with spin-orbit coupling, k-points mesh 15x15x10, Ecut-off=401.823 eV, PAW_PBE, Fe:PAW_PBE:06Sep2000, Ta:PAW_PBE:17Jan2003, Pressure=0.0 kbar, temperature=0K"
      },
      "exchange integrals": {
        "value": null
      },
      "exchange info": {
        "value": null
      },
      "magnetic order": {
        "value": null
      },
      "curie temperature": {
        "value": null
      },
      "curie temperature info": {
        "value": null
      },
      "anisotropy field": {
        "value": null
      },
      "remanence": {
        "value": null
      },
      "coercivity": {
        "value": null
      },
      "energy product": {
        "value": null
      },
      "hysteresis info": {
        "value": null
      },
      "domain wall width": {
        "value": null
      },
      "domain wall info": {
        "value": null
      },
      "exchange stiffness": {
        "value": null
      },
      "exchange stiffness info": {
        "value": null
      }
    },
    "additional information": {
      "authors": {
        "value": ["ICCRAM"]
      },
      "reference": {
        "value": null
      },
      "comments": {
        "value": null
      },
      "attached files": {
        "value": [
"Fe7Ta1_#123_1N.cif",
"CONTCAR_Fe7Ta1_#123_1N",
"Fe7Ta1_#123_1N.png"
]
      },
      "attached files info": {
        "value": null
      }
    }
  }
}
