{
  "confidential": {
  "value": false
  }, 
  "name": "NOVAMAG_theory_ICCRAM_Fe7Ta1_#166_1N",
  "properties": {
    "approach": {
      "value": "theory"
    },
    "summary": {
      "value": "crystal, energy, magnetization, MAE"
    },
    "chemistry": {
      "chemical formula": {
        "value": "Fe7Ta1"
      },
      "production info": {
        "value": "initial POSCAR from NOVAMAG library http://crono.ubu.es/novamag/show_item_features?mafid=1329"
      }
    },
    "crystal": {
      "compound space group": {
        "value": 166
      },
      "unit cell volume": {
        "value": 96.882672
      },
      "lattice parameters": {
        "value": [
          4.09053,
          4.09053,
          20.05748
        ]
      },
      "lattice angles": {
        "value": [
          90.00000,
          90.00000,
          120.00000
        ]
      },
      "atomic positions": {
        "value": [
"Fe1(3b)",
0.00000,
0.00000,
0.50000,
"Fe2(6c)",
0.00000,
0.00000,
0.12771,
"Fe3(6c)",
0.00000,
0.00000,
0.37837,
"Fe4(6c)",
0.00000,
0.00000,
0.24851,
"Ta1(3a)",
0.00000,
0.00000,
0.00000
]
      },
      "crystal info": {
        "value": "software VASP (vasp.5.4.4), k-points mesh 17x17x17, Ecut-off=401.823 eV, PAW_PBE, Fe:PAW_PBE:06Sep2000, Ta:PAW_PBE:17Jan2003, Pressure=0.0 kbar, temperature=0K"
      }
    },
    "thermodynamics": {
      "unit cell energy": {
        "value": -70.01835568
      },
      "unit cell formation enthalpy": {
        "value": -0.496027
      },
      "energy info": {
        "value": "software VASP (vasp.5.4.4), k-points mesh 17x17x17, Ecut-off=401.823 eV, PAW_PBE, Fe:PAW_PBE:06Sep2000, Ta:PAW_PBE:17Jan2003, Pressure=0.0 kbar, temperature=0K"
      },
      "interatomic potentials info": {
        "value": null
      },
      "magnetic free energy": {
        "value": null
      },
      "magnetic free energy info": {
        "value": null
      }
    },
    "magnetics": {
      "unit cell spin polarization": {
        "value": 14.173
      },
      "atomic spin specie": {
        "value": [
"1 Fe",
2.421,
"2 Fe",
2.058,
"3 Fe",
2.058,
"4 Fe",
1.788,
"5 Fe",
1.788,
"6 Fe",
2.401,
"7 Fe",
2.401,
"8 Ta",
-0.743
]
      },
      "saturation magnetization": {
        "value": 1.704
      },
      "magnetization temperature": {
        "value": 0
      },
      "magnetization info": {
        "value": "software VASP (vasp.5.4.4), k-points mesh 17x17x17, Ecut-off=401.823 eV, PAW_PBE, Fe:PAW_PBE:06Sep2000, Ta:PAW_PBE:17Jan2003, Pressure=0.0 kbar, temperature=0K"
      },
      "magnetocrystalline anisotropy energy": {
        "value": [
0.0000000000000000,0,1.0000000000000000,-70.21643980,0.2588190451025207,0,0.9659258262890683,-70.21644663,0.5000000000000000,0,0.8660254037844386,-70.21646550,0.7071067811865476,0,0.7071067811865476,-70.21649181,0.8660254037844386,0,0.5000000000000000,-70.21652005,1.0000000000000000,0,0.0000000000000000,-70.21655057]
      },
      "anisotropy energy type": {
        "value": "uniaxial"
      },
      "magnetocrystalline anisotropy constants": {
        "value": [
-0.162,-0.021]
      },
      "kind of anisotropy": {
        "value": "easy plane"
      },
      "anisotropy info": {
        "value": "software VASP (vasp.5.4.4) with spin-orbit coupling, k-points mesh 17x17x17, Ecut-off=401.823 eV, PAW_PBE, Fe:PAW_PBE:06Sep2000, Ta:PAW_PBE:17Jan2003, Pressure=0.0 kbar, temperature=0K"
      },
      "exchange integrals": {
        "value": null
      },
      "exchange info": {
        "value": null
      },
      "magnetic order": {
        "value": null
      },
      "curie temperature": {
        "value": null
      },
      "curie temperature info": {
        "value": null
      },
      "anisotropy field": {
        "value": null
      },
      "remanence": {
        "value": null
      },
      "coercivity": {
        "value": null
      },
      "energy product": {
        "value": null
      },
      "hysteresis info": {
        "value": null
      },
      "domain wall width": {
        "value": null
      },
      "domain wall info": {
        "value": null
      },
      "exchange stiffness": {
        "value": null
      },
      "exchange stiffness info": {
        "value": null
      }
    },
    "additional information": {
      "authors": {
        "value": ["ICCRAM"]
      },
      "reference": {
        "value": null
      },
      "comments": {
        "value": null
      },
      "attached files": {
        "value": [
"Fe7Ta1_#166_1N.cif",
"CONTCAR_Fe7Ta1_#166_1N",
"Fe7Ta1_#166_1N.png"
]
      },
      "attached files info": {
        "value": null
      }
    }
  }
}
