{
  "confidential": {
  "value": false
  }, 
  "name": "NOVAMAG_theory_ICCRAM_Fe8Ta4_#194_1N",
  "properties": {
    "approach": {
      "value": "theory"
    },
    "summary": {
      "value": "crystal, energy, magnetization, MAE"
    },
    "chemistry": {
      "chemical formula": {
        "value": "Fe8Ta4"
      },
      "production info": {
        "value": "initial POSCAR from NOVAMAG library http://crono.ubu.es/novamag/show_item_features?mafid=1358"
      }
    },
    "crystal": {
      "compound space group": {
        "value": 194
      },
      "unit cell volume": {
        "value": 154.542769
      },
      "lattice parameters": {
        "value": [
          4.77585,
          4.77585,
          7.82380
        ]
      },
      "lattice angles": {
        "value": [
          90.00000,
          90.00000,
          120.00000
        ]
      },
      "atomic positions": {
        "value": [
"Fe1(6h)",
0.16843,
0.33685,
0.25000,
"Fe2(2a)",
0.00000,
0.00000,
0.00000,
"Ta1(4f)",
0.33333,
0.66667,
-0.06403
]
      },
      "crystal info": {
        "value": "software VASP (vasp.5.4.4), k-points mesh 15x15x8, Ecut-off=401.823 eV, PAW_PBE, Fe:PAW_PBE:06Sep2000, Ta:PAW_PBE:17Jan2003, Pressure=0.0 kbar, temperature=0K"
      }
    },
    "thermodynamics": {
      "unit cell energy": {
        "value": -115.80934607
      },
      "unit cell formation enthalpy": {
        "value": -2.463856
      },
      "energy info": {
        "value": "software VASP (vasp.5.4.4), k-points mesh 15x15x8, Ecut-off=401.823 eV, PAW_PBE, Fe:PAW_PBE:06Sep2000, Ta:PAW_PBE:17Jan2003, Pressure=0.0 kbar, temperature=0K"
      },
      "interatomic potentials info": {
        "value": null
      },
      "magnetic free energy": {
        "value": null
      },
      "magnetic free energy info": {
        "value": null
      }
    },
    "magnetics": {
      "unit cell spin polarization": {
        "value": 8.340
      },
      "atomic spin specie": {
        "value": [
"1 Fe",
1.351,
"2 Fe",
1.351,
"3 Fe",
1.351,
"4 Fe",
1.351,
"5 Fe",
1.351,
"6 Fe",
1.351,
"7 Fe",
0.790,
"8 Fe",
0.789,
"9 Ta",
-0.337,
"10 Ta",
-0.337,
"11 Ta",
-0.337,
"12 Ta",
-0.337
]
      },
      "saturation magnetization": {
        "value": 0.629
      },
      "magnetization temperature": {
        "value": 0
      },
      "magnetization info": {
        "value": "software VASP (vasp.5.4.4), k-points mesh 15x15x8, Ecut-off=401.823 eV, PAW_PBE, Fe:PAW_PBE:06Sep2000, Ta:PAW_PBE:17Jan2003, Pressure=0.0 kbar, temperature=0K"
      },
      "magnetocrystalline anisotropy energy": {
        "value": [
0.0000000000000000,0,1.0000000000000000,-116.47527894,0.2588190451025207,0,0.9659258262890683,-116.47531410,0.5000000000000000,0,0.8660254037844386,-116.47535660,0.7071067811865476,0,0.7071067811865476,-116.47527245,0.8660254037844386,0,0.5000000000000000,-116.47501306,1.0000000000000000,0,0.0000000000000000,-116.47454592]
      },
      "anisotropy energy type": {
        "value": "uniaxial"
      },
      "magnetocrystalline anisotropy constants": {
        "value": [
-0.729,1.482]
      },
      "kind of anisotropy": {
        "value": "easy cone"
      },
      "anisotropy info": {
        "value": "software VASP (vasp.5.4.4) with spin-orbit coupling, k-points mesh 15x15x8, Ecut-off=401.823 eV, PAW_PBE, Fe:PAW_PBE:06Sep2000, Ta:PAW_PBE:17Jan2003, Pressure=0.0 kbar, temperature=0K"
      },
      "exchange integrals": {
        "value": null
      },
      "exchange info": {
        "value": null
      },
      "magnetic order": {
        "value": null
      },
      "curie temperature": {
        "value": null
      },
      "curie temperature info": {
        "value": null
      },
      "anisotropy field": {
        "value": null
      },
      "remanence": {
        "value": null
      },
      "coercivity": {
        "value": null
      },
      "energy product": {
        "value": null
      },
      "hysteresis info": {
        "value": null
      },
      "domain wall width": {
        "value": null
      },
      "domain wall info": {
        "value": null
      },
      "exchange stiffness": {
        "value": null
      },
      "exchange stiffness info": {
        "value": null
      }
    },
    "additional information": {
      "authors": {
        "value": ["ICCRAM"]
      },
      "reference": {
        "value": null
      },
      "comments": {
        "value": null
      },
      "attached files": {
        "value": [
"Fe8Ta4_#194_1N.cif",
"CONTCAR_Fe8Ta4_#194_1N",
"Fe8Ta4_#194_1N.png"
]
      },
      "attached files info": {
        "value": null
      }
    }
  }
}
