{
  "confidential": {
  "value": false
  }, 
  "name": "NOVAMAG_theory_ICCRAM_Fe8Ta2_#166_1N",
  "properties": {
    "approach": {
      "value": "theory"
    },
    "summary": {
      "value": "crystal, energy, magnetization, MAE, coercivity, energy product"
    },
    "chemistry": {
      "chemical formula": {
        "value": "Fe8Ta2"
      },
      "production info": {
        "value": "initial POSCAR from NOVAMAG library http://crono.ubu.es/novamag/show_item_features?mafid=1286"
      }
    },
    "crystal": {
      "compound space group": {
        "value": 166
      },
      "unit cell volume": {
        "value": 124.665919
      },
      "lattice parameters": {
        "value": [
          4.13062,
          4.13062,
          25.31087
        ]
      },
      "lattice angles": {
        "value": [
          90.00000,
          90.00000,
          120.00000
        ]
      },
      "atomic positions": {
        "value": [
"Fe1(3a)",
0.00000,
0.00000,
0.00000,
"Fe2(3b)",
0.00000,
0.00000,
0.50000,
"Fe3(6c)",
0.00000,
0.00000,
0.89749,
"Fe4(6c)",
0.00000,
0.00000,
0.80133,
"Fe5(6c)",
0.00000,
0.00000,
0.29999,
"Ta1(6c)",
0.00000,
0.00000,
0.59942
]
      },
      "crystal info": {
        "value": "software VASP (vasp.5.4.4), k-points mesh 17x17x17, Ecut-off=401.823 eV, PAW_PBE, Fe:PAW_PBE:06Sep2000, Ta:PAW_PBE:17Jan2003, Pressure=0.0 kbar, temperature=0K"
      }
    },
    "thermodynamics": {
      "unit cell energy": {
        "value": -90.61209661
      },
      "unit cell formation enthalpy": {
        "value": -0.990586
      },
      "energy info": {
        "value": "software VASP (vasp.5.4.4), k-points mesh 17x17x17, Ecut-off=401.823 eV, PAW_PBE, Fe:PAW_PBE:06Sep2000, Ta:PAW_PBE:17Jan2003, Pressure=0.0 kbar, temperature=0K"
      },
      "interatomic potentials info": {
        "value": null
      },
      "magnetic free energy": {
        "value": null
      },
      "magnetic free energy info": {
        "value": null
      }
    },
    "magnetics": {
      "unit cell spin polarization": {
        "value": 14.401
      },
      "atomic spin specie": {
        "value": [
"1 Fe",
2.480,
"2 Fe",
1.758,
"3 Fe",
1.684,
"4 Fe",
1.684,
"5 Fe",
2.485,
"6 Fe",
2.485,
"7 Fe",
1.560,
"8 Fe",
1.560,
"9 Ta",
-0.647,
"10 Ta",
-0.647
]
      },
      "saturation magnetization": {
        "value": 1.346
      },
      "magnetization temperature": {
        "value": 0
      },
      "magnetization info": {
        "value": "software VASP (vasp.5.4.4), k-points mesh 17x17x17, Ecut-off=401.823 eV, PAW_PBE, Fe:PAW_PBE:06Sep2000, Ta:PAW_PBE:17Jan2003, Pressure=0.0 kbar, temperature=0K"
      },
      "magnetocrystalline anisotropy energy": {
        "value": [
0.0000000000000000,0,1.0000000000000000,-90.97412793,0.2588190451025207,0,0.9659258262890683,-90.97407582,0.5000000000000000,0,0.8660254037844386,-90.97393734,0.7071067811865476,0,0.7071067811865476,-90.97375692,0.8660254037844386,0,0.5000000000000000,-90.97358670,1.0000000000000000,0,0.0000000000000000,-90.97341724]
      },
      "anisotropy energy type": {
        "value": "uniaxial"
      },
      "magnetocrystalline anisotropy constants": {
        "value": [
0.993,-0.082]
      },
      "kind of anisotropy": {
        "value": "easy axis"
      },
      "anisotropy info": {
        "value": "software VASP (vasp.5.4.4) with spin-orbit coupling, k-points mesh 17x17x17, Ecut-off=401.823 eV, PAW_PBE, Fe:PAW_PBE:06Sep2000, Ta:PAW_PBE:17Jan2003, Pressure=0.0 kbar, temperature=0K"
      },
      "exchange integrals": {
        "value": null
      },
      "exchange info": {
        "value": null
      },
      "magnetic order": {
        "value": null
      },
      "curie temperature": {
        "value": null
      },
      "curie temperature info": {
        "value": null
      },
      "anisotropy field": {
        "value": 1.548
      },
      "remanence": {
        "value": 1.346
      },
      "coercivity": {
        "value": 1.548
      },
      "energy product": {
        "value": 360.429
      },
      "hysteresis info": {
        "value": "Stoner-Wohlfarth model without shape anisotropy, perfectly rectangular hysteresis loop, temperature = 0 K. Remanence equals to saturation magnetization (Ms). Anisotropy field: mu_0*Hk=(2*K_1+4*K_2)/Ms, where mu_0 is the vacuum permeability. Coercivity: Hc=Hk. Maximum energy product (upper limit)=(1/4)*mu_0*Ms^2, note this value can only be reached if the demagnetization factor is D=0.5 and Hc>0.5*Ms."
      },
      "domain wall width": {
        "value": null
      },
      "domain wall info": {
        "value": null
      },
      "exchange stiffness": {
        "value": null
      },
      "exchange stiffness info": {
        "value": null
      }
    },
    "additional information": {
      "authors": {
        "value": ["ICCRAM"]
      },
      "reference": {
        "value": null
      },
      "comments": {
        "value": "Hardness parameter=0.830"
      },
      "attached files": {
        "value": [
"Fe8Ta2_#166_1N.cif",
"CONTCAR_Fe8Ta2_#166_1N",
"Fe8Ta2_#166_1N.png"
]
      },
      "attached files info": {
        "value": null
      }
    }
  }
}
