{
  "confidential": {
  "value": false
  }, 
  "name": "NOVAMAG_theory_ICCRAM_Fe8Ta1_#164_1N",
  "properties": {
    "approach": {
      "value": "theory"
    },
    "summary": {
      "value": "crystal, energy, magnetization, MAE"
    },
    "chemistry": {
      "chemical formula": {
        "value": "Fe8Ta1"
      },
      "production info": {
        "value": "initial POSCAR from NOVAMAG library http://crono.ubu.es/novamag/show_item_features?mafid=1356"
      }
    },
    "crystal": {
      "compound space group": {
        "value": 164
      },
      "unit cell volume": {
        "value": 108.423860
      },
      "lattice parameters": {
        "value": [
          4.08028,
          4.08028,
          7.51998
        ]
      },
      "lattice angles": {
        "value": [
          90.00000,
          90.00000,
          120.00000
        ]
      },
      "atomic positions": {
        "value": [
"Fe1(2c)",
0.00000,
0.00000,
0.33993,
"Fe2(2d)",
0.33333,
0.66667,
0.44552,
"Fe3(2d)",
0.33333,
0.66667,
0.77208,
"Fe4(2d)",
0.33333,
0.66667,
0.12102,
"Ta1(1a)",
0.00000,
0.00000,
0.00000
]
      },
      "crystal info": {
        "value": "software VASP (vasp.5.4.4), k-points mesh 17x17x8, Ecut-off=401.823 eV, PAW_PBE, Fe:PAW_PBE:06Sep2000, Ta:PAW_PBE:17Jan2003, Pressure=0.0 kbar, temperature=0K"
      }
    },
    "thermodynamics": {
      "unit cell energy": {
        "value": -78.27202903
      },
      "unit cell formation enthalpy": {
        "value": -0.512509
      },
      "energy info": {
        "value": "software VASP (vasp.5.4.4), k-points mesh 17x17x8, Ecut-off=401.823 eV, PAW_PBE, Fe:PAW_PBE:06Sep2000, Ta:PAW_PBE:17Jan2003, Pressure=0.0 kbar, temperature=0K"
      },
      "interatomic potentials info": {
        "value": null
      },
      "magnetic free energy": {
        "value": null
      },
      "magnetic free energy info": {
        "value": null
      }
    },
    "magnetics": {
      "unit cell spin polarization": {
        "value": 16.551
      },
      "atomic spin specie": {
        "value": [
"1 Fe",
2.132,
"2 Fe",
2.132,
"3 Fe",
2.361,
"4 Fe",
2.361,
"5 Fe",
2.358,
"6 Fe",
2.358,
"7 Fe",
1.799,
"8 Fe",
1.799,
"9 Ta",
-0.746
]
      },
      "saturation magnetization": {
        "value": 1.778
      },
      "magnetization temperature": {
        "value": 0
      },
      "magnetization info": {
        "value": "software VASP (vasp.5.4.4), k-points mesh 17x17x8, Ecut-off=401.823 eV, PAW_PBE, Fe:PAW_PBE:06Sep2000, Ta:PAW_PBE:17Jan2003, Pressure=0.0 kbar, temperature=0K"
      },
      "magnetocrystalline anisotropy energy": {
        "value": [
0.0000000000000000,0,1.0000000000000000,-78.47728875,0.2588190451025207,0,0.9659258262890683,-78.47738295,0.5000000000000000,0,0.8660254037844386,-78.47764159,0.7071067811865476,0,0.7071067811865476,-78.47798811,0.8660254037844386,0,0.5000000000000000,-78.47833304,1.0000000000000000,0,0.0000000000000000,-78.47868153]
      },
      "anisotropy energy type": {
        "value": "uniaxial"
      },
      "magnetocrystalline anisotropy constants": {
        "value": [
-2.078,0.023]
      },
      "kind of anisotropy": {
        "value": "easy plane"
      },
      "anisotropy info": {
        "value": "software VASP (vasp.5.4.4) with spin-orbit coupling, k-points mesh 17x17x8, Ecut-off=401.823 eV, PAW_PBE, Fe:PAW_PBE:06Sep2000, Ta:PAW_PBE:17Jan2003, Pressure=0.0 kbar, temperature=0K"
      },
      "exchange integrals": {
        "value": null
      },
      "exchange info": {
        "value": null
      },
      "magnetic order": {
        "value": null
      },
      "curie temperature": {
        "value": null
      },
      "curie temperature info": {
        "value": null
      },
      "anisotropy field": {
        "value": null
      },
      "remanence": {
        "value": null
      },
      "coercivity": {
        "value": null
      },
      "energy product": {
        "value": null
      },
      "hysteresis info": {
        "value": null
      },
      "domain wall width": {
        "value": null
      },
      "domain wall info": {
        "value": null
      },
      "exchange stiffness": {
        "value": null
      },
      "exchange stiffness info": {
        "value": null
      }
    },
    "additional information": {
      "authors": {
        "value": ["ICCRAM"]
      },
      "reference": {
        "value": null
      },
      "comments": {
        "value": null
      },
      "attached files": {
        "value": [
"Fe8Ta1_#164_1N.cif",
"CONTCAR_Fe8Ta1_#164_1N",
"Fe8Ta1_#164_1N.png"
]
      },
      "attached files info": {
        "value": null
      }
    }
  }
}
