{
  "confidential": {
  "value": false
  }, 
  "name": "NOVAMAG_theory_ICCRAM_Fe12Rh3_#166_1A",
  "properties": {
    "approach": {
      "value": "theory"
    },
    "summary": {
      "value": "crystal, energy, magnetization, MAE"
    },
    "chemistry": {
      "chemical formula": {
        "value": "Fe12Rh3"
      },
      "production info": {
        "value": "initial POSCAR from AFLOW library http://aflow.org/material.php?id=Fe_pvRh_pv/b33"
      }
    },
    "crystal": {
      "compound space group": {
        "value": 166
      },
      "unit cell volume": {
        "value": 187.070389
      },
      "lattice parameters": {
        "value": [
          4.12814,
          4.12814,
          12.67552
        ]
      },
      "lattice angles": {
        "value": [
          90.00000,
          90.00000,
          120.00000
        ]
      },
      "atomic positions": {
        "value": [
"Fe1(6c)",
0.00000,
0.00000,
0.70036,
"Fe2(6c)",
0.00000,
0.00000,
-0.09679,
"Rh1(3b)",
0.00000,
0.00000,
0.50000
]
      },
      "crystal info": {
        "value": "software VASP (vasp.5.4.4), k-points mesh 17x17x5, Ecut-off=401.823 eV, PAW_PBE, Fe:PAW_PBE:06Sep2000, Rh:PAW_PBE:04Feb2005, Pressure=0.0 kbar, temperature=0K"
      }
    },
    "thermodynamics": {
      "unit cell energy": {
        "value": -120.95215162
      },
      "unit cell formation enthalpy": {
        "value": -0.279646
      },
      "energy info": {
        "value": "software VASP (vasp.5.4.4), k-points mesh 17x17x5, Ecut-off=401.823 eV, PAW_PBE, Fe:PAW_PBE:06Sep2000, Rh:PAW_PBE:04Feb2005, Pressure=0.0 kbar, temperature=0K"
      },
      "interatomic potentials info": {
        "value": null
      },
      "magnetic free energy": {
        "value": null
      },
      "magnetic free energy info": {
        "value": null
      }
    },
    "magnetics": {
      "unit cell spin polarization": {
        "value": 34.954
      },
      "atomic spin specie": {
        "value": [
"1 Fe",
2.665,
"2 Fe",
2.665,
"3 Fe",
2.666,
"4 Fe",
2.665,
"5 Fe",
2.665,
"6 Fe",
2.666,
"7 Fe",
2.735,
"8 Fe",
2.735,
"9 Fe",
2.735,
"10 Fe",
2.735,
"11 Fe",
2.735,
"12 Fe",
2.735,
"13 Rh",
0.850,
"14 Rh",
0.850,
"15 Rh",
0.850
]
      },
      "saturation magnetization": {
        "value": 2.176
      },
      "magnetization temperature": {
        "value": 0
      },
      "magnetization info": {
        "value": "software VASP (vasp.5.4.4), k-points mesh 17x17x5, Ecut-off=401.823 eV, PAW_PBE, Fe:PAW_PBE:06Sep2000, Rh:PAW_PBE:04Feb2005, Pressure=0.0 kbar, temperature=0K"
      },
      "magnetocrystalline anisotropy energy": {
        "value": [
0.0000000000000000,0,1.0000000000000000,-121.14338335,0.2588190451025207,0,0.9659258262890683,-121.14341038,0.5000000000000000,0,0.8660254037844386,-121.14348674,0.7071067811865476,0,0.7071067811865476,-121.14358843,0.8660254037844386,0,0.5000000000000000,-121.14368597,1.0000000000000000,0,0.0000000000000000,-121.14377895]
      },
      "anisotropy energy type": {
        "value": "uniaxial"
      },
      "magnetocrystalline anisotropy constants": {
        "value": [
-0.363,0.024]
      },
      "kind of anisotropy": {
        "value": "easy plane"
      },
      "anisotropy info": {
        "value": "software VASP (vasp.5.4.4) with spin-orbit coupling, k-points mesh 17x17x5, Ecut-off=401.823 eV, PAW_PBE, Fe:PAW_PBE:06Sep2000, Rh:PAW_PBE:04Feb2005, Pressure=0.0 kbar, temperature=0K"
      },
      "exchange integrals": {
        "value": null
      },
      "exchange info": {
        "value": null
      },
      "magnetic order": {
        "value": null
      },
      "curie temperature": {
        "value": null
      },
      "curie temperature info": {
        "value": null
      },
      "anisotropy field": {
        "value": null
      },
      "remanence": {
        "value": null
      },
      "coercivity": {
        "value": null
      },
      "energy product": {
        "value": null
      },
      "hysteresis info": {
        "value": null
      },
      "domain wall width": {
        "value": null
      },
      "domain wall info": {
        "value": null
      },
      "exchange stiffness": {
        "value": null
      },
      "exchange stiffness info": {
        "value": null
      }
    },
    "additional information": {
      "authors": {
        "value": ["ICCRAM"]
      },
      "reference": {
        "value": "S. Curtarolo et al. Computational Materials Science 58 (2012) 218-226"
      },
      "comments": {
        "value": null
      },
      "attached files": {
        "value": [
"Fe12Rh3_#166_1A.cif",
"CONTCAR_Fe12Rh3_#166_1A",
"Fe12Rh3_#166_1A.png"
]
      },
      "attached files info": {
        "value": null
      }
    }
  }
}
