{
  "confidential": {
  "value": false
  }, 
  "name": "NOVAMAG_theory_ICCRAM_Fe3Rh3_#99_1A",
  "properties": {
    "approach": {
      "value": "theory"
    },
    "summary": {
      "value": "crystal, energy, magnetization, MAE"
    },
    "chemistry": {
      "chemical formula": {
        "value": "Fe3Rh3"
      },
      "production info": {
        "value": "initial POSCAR from AFLOW library http://aflow.org/material.php?id=Fe_pvRh_pv/b101"
      }
    },
    "crystal": {
      "compound space group": {
        "value": 99
      },
      "unit cell volume": {
        "value": 80.587200
      },
      "lattice parameters": {
        "value": [
          2.94508,
          2.94508,
          9.29123
        ]
      },
      "lattice angles": {
        "value": [
          90.00000,
          90.00000,
          90.00000
        ]
      },
      "atomic positions": {
        "value": [
"Fe1(1a)",
0.00000,
0.00000,
0.00947,
"Fe2(1b)",
0.50000,
0.50000,
0.16249,
"Fe3(1b)",
0.50000,
0.50000,
0.49660,
"Rh1(1a)",
0.00000,
0.00000,
0.32751,
"Rh2(1a)",
0.00000,
0.00000,
0.65190,
"Rh3(1b)",
0.50000,
0.50000,
0.85203
]
      },
      "crystal info": {
        "value": "software VASP (vasp.5.4.4), k-points mesh 20x20x6, Ecut-off=401.823 eV, PAW_PBE, Fe:PAW_PBE:06Sep2000, Rh:PAW_PBE:04Feb2005, Pressure=0.0 kbar, temperature=0K"
      }
    },
    "thermodynamics": {
      "unit cell energy": {
        "value": -46.48562888
      },
      "unit cell formation enthalpy": {
        "value": 0.052155
      },
      "energy info": {
        "value": "software VASP (vasp.5.4.4), k-points mesh 20x20x6, Ecut-off=401.823 eV, PAW_PBE, Fe:PAW_PBE:06Sep2000, Rh:PAW_PBE:04Feb2005, Pressure=0.0 kbar, temperature=0K"
      },
      "interatomic potentials info": {
        "value": null
      },
      "magnetic free energy": {
        "value": null
      },
      "magnetic free energy info": {
        "value": null
      }
    },
    "magnetics": {
      "unit cell spin polarization": {
        "value": 11.686
      },
      "atomic spin specie": {
        "value": [
"1 Fe",
2.861,
"2 Fe",
2.938,
"3 Fe",
3.135,
"4 Rh",
0.980,
"5 Rh",
0.919,
"6 Rh",
0.853
]
      },
      "saturation magnetization": {
        "value": 1.689
      },
      "magnetization temperature": {
        "value": 0
      },
      "magnetization info": {
        "value": "software VASP (vasp.5.4.4), k-points mesh 20x20x6, Ecut-off=401.823 eV, PAW_PBE, Fe:PAW_PBE:06Sep2000, Rh:PAW_PBE:04Feb2005, Pressure=0.0 kbar, temperature=0K"
      },
      "magnetocrystalline anisotropy energy": {
        "value": [
0.0000000000000000,0,1.0000000000000000,-46.62155038,0.2588190451025207,0,0.9659258262890683,-46.62158416,0.5000000000000000,0,0.8660254037844386,-46.62167876,0.7071067811865476,0,0.7071067811865476,-46.62181325,0.8660254037844386,0,0.5000000000000000,-46.62195467,1.0000000000000000,0,0.0000000000000000,-46.62209692]
      },
      "anisotropy energy type": {
        "value": "uniaxial"
      },
      "magnetocrystalline anisotropy constants": {
        "value": [
-1.006,-0.083]
      },
      "kind of anisotropy": {
        "value": "easy plane"
      },
      "anisotropy info": {
        "value": "software VASP (vasp.5.4.4) with spin-orbit coupling, k-points mesh 20x20x6, Ecut-off=401.823 eV, PAW_PBE, Fe:PAW_PBE:06Sep2000, Rh:PAW_PBE:04Feb2005, Pressure=0.0 kbar, temperature=0K"
      },
      "exchange integrals": {
        "value": null
      },
      "exchange info": {
        "value": null
      },
      "magnetic order": {
        "value": null
      },
      "curie temperature": {
        "value": null
      },
      "curie temperature info": {
        "value": null
      },
      "anisotropy field": {
        "value": null
      },
      "remanence": {
        "value": null
      },
      "coercivity": {
        "value": null
      },
      "energy product": {
        "value": null
      },
      "hysteresis info": {
        "value": null
      },
      "domain wall width": {
        "value": null
      },
      "domain wall info": {
        "value": null
      },
      "exchange stiffness": {
        "value": null
      },
      "exchange stiffness info": {
        "value": null
      }
    },
    "additional information": {
      "authors": {
        "value": ["ICCRAM"]
      },
      "reference": {
        "value": "S. Curtarolo et al. Computational Materials Science 58 (2012) 218-226"
      },
      "comments": {
        "value": null
      },
      "attached files": {
        "value": [
"Fe3Rh3_#99_1A.cif",
"CONTCAR_Fe3Rh3_#99_1A",
"Fe3Rh3_#99_1A.png"
]
      },
      "attached files info": {
        "value": null
      }
    }
  }
}
