{
  "confidential": {
  "value": false
  }, 
  "name": "NOVAMAG_theory_ICCRAM_Fe4Rh2_#129_1A",
  "properties": {
    "approach": {
      "value": "theory"
    },
    "summary": {
      "value": "crystal, energy, magnetization, MAE"
    },
    "chemistry": {
      "chemical formula": {
        "value": "Fe4Rh2"
      },
      "production info": {
        "value": "initial POSCAR from AFLOW library http://aflow.org/material.php?id=Fe_pvRh_pv/f73"
      }
    },
    "crystal": {
      "compound space group": {
        "value": 129
      },
      "unit cell volume": {
        "value": 75.501881
      },
      "lattice parameters": {
        "value": [
          2.84872,
          2.84872,
          9.30378
        ]
      },
      "lattice angles": {
        "value": [
          90.00000,
          90.00000,
          90.00000
        ]
      },
      "atomic positions": {
        "value": [
"Fe1(2c)",
0.25000,
0.25000,
0.76935,
"Fe2(2c)",
0.25000,
0.25000,
0.07627,
"Rh1(2c)",
0.25000,
0.25000,
0.39772
]
      },
      "crystal info": {
        "value": "software VASP (vasp.5.4.4), k-points mesh 21x21x6, Ecut-off=401.823 eV, PAW_PBE, Fe:PAW_PBE:06Sep2000, Rh:PAW_PBE:04Feb2005, Pressure=0.0 kbar, temperature=0K"
      }
    },
    "thermodynamics": {
      "unit cell energy": {
        "value": -47.48336304
      },
      "unit cell formation enthalpy": {
        "value": 0.016209
      },
      "energy info": {
        "value": "software VASP (vasp.5.4.4), k-points mesh 21x21x6, Ecut-off=401.823 eV, PAW_PBE, Fe:PAW_PBE:06Sep2000, Rh:PAW_PBE:04Feb2005, Pressure=0.0 kbar, temperature=0K"
      },
      "interatomic potentials info": {
        "value": null
      },
      "magnetic free energy": {
        "value": null
      },
      "magnetic free energy info": {
        "value": null
      }
    },
    "magnetics": {
      "unit cell spin polarization": {
        "value": 11.130
      },
      "atomic spin specie": {
        "value": [
"1 Fe",
2.685,
"2 Fe",
2.685,
"3 Fe",
2.429,
"4 Fe",
2.429,
"5 Rh",
0.451,
"6 Rh",
0.451
]
      },
      "saturation magnetization": {
        "value": 1.717
      },
      "magnetization temperature": {
        "value": 0
      },
      "magnetization info": {
        "value": "software VASP (vasp.5.4.4), k-points mesh 21x21x6, Ecut-off=401.823 eV, PAW_PBE, Fe:PAW_PBE:06Sep2000, Rh:PAW_PBE:04Feb2005, Pressure=0.0 kbar, temperature=0K"
      },
      "magnetocrystalline anisotropy energy": {
        "value": [
0.0000000000000000,0,1.0000000000000000,-47.58989081,0.2588190451025207,0,0.9659258262890683,-47.58992312,0.5000000000000000,0,0.8660254037844386,-47.59000262,0.7071067811865476,0,0.7071067811865476,-47.59011001,0.8660254037844386,0,0.5000000000000000,-47.59021911,1.0000000000000000,0,0.0000000000000000,-47.59033356]
      },
      "anisotropy energy type": {
        "value": "uniaxial"
      },
      "magnetocrystalline anisotropy constants": {
        "value": [
-0.931,-0.004]
      },
      "kind of anisotropy": {
        "value": "easy plane"
      },
      "anisotropy info": {
        "value": "software VASP (vasp.5.4.4) with spin-orbit coupling, k-points mesh 21x21x6, Ecut-off=401.823 eV, PAW_PBE, Fe:PAW_PBE:06Sep2000, Rh:PAW_PBE:04Feb2005, Pressure=0.0 kbar, temperature=0K"
      },
      "exchange integrals": {
        "value": null
      },
      "exchange info": {
        "value": null
      },
      "magnetic order": {
        "value": null
      },
      "curie temperature": {
        "value": null
      },
      "curie temperature info": {
        "value": null
      },
      "anisotropy field": {
        "value": null
      },
      "remanence": {
        "value": null
      },
      "coercivity": {
        "value": null
      },
      "energy product": {
        "value": null
      },
      "hysteresis info": {
        "value": null
      },
      "domain wall width": {
        "value": null
      },
      "domain wall info": {
        "value": null
      },
      "exchange stiffness": {
        "value": null
      },
      "exchange stiffness info": {
        "value": null
      }
    },
    "additional information": {
      "authors": {
        "value": ["ICCRAM"]
      },
      "reference": {
        "value": "S. Curtarolo et al. Computational Materials Science 58 (2012) 218-226"
      },
      "comments": {
        "value": null
      },
      "attached files": {
        "value": [
"Fe4Rh2_#129_1A.cif",
"CONTCAR_Fe4Rh2_#129_1A",
"Fe4Rh2_#129_1A.png"
]
      },
      "attached files info": {
        "value": null
      }
    }
  }
}
