{
  "confidential": {
  "value": false
  }, 
  "name": "NOVAMAG_theory_ICCRAM_Fe6Rh2_#123_1A",
  "properties": {
    "approach": {
      "value": "theory"
    },
    "summary": {
      "value": "crystal, energy, magnetization, MAE, coercivity, energy product"
    },
    "chemistry": {
      "chemical formula": {
        "value": "Fe6Rh2"
      },
      "production info": {
        "value": "initial POSCAR from AFLOW library http://aflow.org/material.php?id=Fe_pvRh_pv/12"
      }
    },
    "crystal": {
      "compound space group": {
        "value": 123
      },
      "unit cell volume": {
        "value": 101.618953
      },
      "lattice parameters": {
        "value": [
          4.15691,
          4.15691,
          2.94038
        ]
      },
      "lattice angles": {
        "value": [
          90.00000,
          90.00000,
          90.00000
        ]
      },
      "atomic positions": {
        "value": [
"Fe1(1a)",
0.00000,
0.00000,
0.00000,
"Fe2(2e)",
0.00000,
0.50000,
0.50000,
"Rh1(1c)",
0.50000,
0.50000,
0.00000
]
      },
      "crystal info": {
        "value": "software VASP (vasp.5.4.4), k-points mesh 10x10x20, Ecut-off=401.823 eV, PAW_PBE, Fe:PAW_PBE:06Sep2000, Rh:PAW_PBE:04Feb2005, Pressure=0.0 kbar, temperature=0K"
      }
    },
    "thermodynamics": {
      "unit cell energy": {
        "value": -64.19302546
      },
      "unit cell formation enthalpy": {
        "value": -0.219071
      },
      "energy info": {
        "value": "software VASP (vasp.5.4.4), k-points mesh 10x10x20, Ecut-off=401.823 eV, PAW_PBE, Fe:PAW_PBE:06Sep2000, Rh:PAW_PBE:04Feb2005, Pressure=0.0 kbar, temperature=0K"
      },
      "interatomic potentials info": {
        "value": null
      },
      "magnetic free energy": {
        "value": null
      },
      "magnetic free energy info": {
        "value": null
      }
    },
    "magnetics": {
      "unit cell spin polarization": {
        "value": 18.401
      },
      "atomic spin specie": {
        "value": [
"1 Fe",
2.631,
"2 Fe",
2.631,
"3 Fe",
2.861,
"4 Fe",
2.862,
"5 Fe",
2.862,
"6 Fe",
2.861,
"7 Rh",
0.846,
"8 Rh",
0.846
]
      },
      "saturation magnetization": {
        "value": 2.109
      },
      "magnetization temperature": {
        "value": 0
      },
      "magnetization info": {
        "value": "software VASP (vasp.5.4.4), k-points mesh 10x10x20, Ecut-off=401.823 eV, PAW_PBE, Fe:PAW_PBE:06Sep2000, Rh:PAW_PBE:04Feb2005, Pressure=0.0 kbar, temperature=0K"
      },
      "magnetocrystalline anisotropy energy": {
        "value": [
0.0000000000000000,0,1.0000000000000000,-64.30734986,0.2588190451025207,0,0.9659258262890683,-64.30732222,0.5000000000000000,0,0.8660254037844386,-64.30724313,0.7071067811865476,0,0.7071067811865476,-64.30712915,0.8660254037844386,0,0.5000000000000000,-64.30701138,1.0000000000000000,0,0.0000000000000000,-64.30689058]
      },
      "anisotropy energy type": {
        "value": "uniaxial"
      },
      "magnetocrystalline anisotropy constants": {
        "value": [
0.664,0.061]
      },
      "kind of anisotropy": {
        "value": "easy axis"
      },
      "anisotropy info": {
        "value": "software VASP (vasp.5.4.4) with spin-orbit coupling, k-points mesh 10x10x20, Ecut-off=401.823 eV, PAW_PBE, Fe:PAW_PBE:06Sep2000, Rh:PAW_PBE:04Feb2005, Pressure=0.0 kbar, temperature=0K"
      },
      "exchange integrals": {
        "value": null
      },
      "exchange info": {
        "value": null
      },
      "magnetic order": {
        "value": null
      },
      "curie temperature": {
        "value": null
      },
      "curie temperature info": {
        "value": null
      },
      "anisotropy field": {
        "value": 0.937
      },
      "remanence": {
        "value": 2.109
      },
      "coercivity": {
        "value": 0.937
      },
      "energy product": {
        "value": 884.878
      },
      "hysteresis info": {
        "value": "Stoner-Wohlfarth model without shape anisotropy, perfectly rectangular hysteresis loop, temperature = 0 K. Remanence equals to saturation magnetization (Ms). Anisotropy field: mu_0*Hk=(2*K_1+4*K_2)/Ms, where mu_0 is the vacuum permeability. Coercivity: Hc=Hk. Maximum energy product (upper limit)=(1/4)*mu_0*Ms^2, note this value can only be reached if the demagnetization factor is D=0.5 and Hc>0.5*Ms."
      },
      "domain wall width": {
        "value": null
      },
      "domain wall info": {
        "value": null
      },
      "exchange stiffness": {
        "value": null
      },
      "exchange stiffness info": {
        "value": null
      }
    },
    "additional information": {
      "authors": {
        "value": ["ICCRAM"]
      },
      "reference": {
        "value": "S. Curtarolo et al. Computational Materials Science 58 (2012) 218-226"
      },
      "comments": {
        "value": "Hardness parameter=0.433"
      },
      "attached files": {
        "value": [
"Fe6Rh2_#123_1A.cif",
"CONTCAR_Fe6Rh2_#123_1A",
"Fe6Rh2_#123_1A.png"
]
      },
      "attached files info": {
        "value": null
      }
    }
  }
}
