{
  "confidential": {
  "value": false
  }, 
  "name": "NOVAMAG_theory_ICCRAM_Fe6Rh9_#166_1A",
  "properties": {
    "approach": {
      "value": "theory"
    },
    "summary": {
      "value": "crystal, energy, magnetization, MAE, coercivity, energy product"
    },
    "chemistry": {
      "chemical formula": {
        "value": "Fe6Rh9"
      },
      "production info": {
        "value": "initial POSCAR from AFLOW library http://aflow.org/material.php?id=Fe_pvRh_pv/f46"
      }
    },
    "crystal": {
      "compound space group": {
        "value": 166
      },
      "unit cell volume": {
        "value": 199.830268
      },
      "lattice parameters": {
        "value": [
          2.67985,
          2.67985,
          32.12995
        ]
      },
      "lattice angles": {
        "value": [
          90.00000,
          90.00000,
          120.00000
        ]
      },
      "atomic positions": {
        "value": [
"Fe1(6c)",
0.00000,
0.00000,
0.89981,
"Rh1(3b)",
0.00000,
0.00000,
0.50000,
"Rh2(6c)",
0.00000,
0.00000,
0.70224
]
      },
      "crystal info": {
        "value": "software VASP (vasp.5.4.4), k-points mesh 26x26x2, Ecut-off=401.823 eV, PAW_PBE, Fe:PAW_PBE:06Sep2000, Rh:PAW_PBE:04Feb2005, Pressure=0.0 kbar, temperature=0K"
      }
    },
    "thermodynamics": {
      "unit cell energy": {
        "value": -114.86822154
      },
      "unit cell formation enthalpy": {
        "value": 0.033556
      },
      "energy info": {
        "value": "software VASP (vasp.5.4.4), k-points mesh 26x26x2, Ecut-off=401.823 eV, PAW_PBE, Fe:PAW_PBE:06Sep2000, Rh:PAW_PBE:04Feb2005, Pressure=0.0 kbar, temperature=0K"
      },
      "interatomic potentials info": {
        "value": null
      },
      "magnetic free energy": {
        "value": null
      },
      "magnetic free energy info": {
        "value": null
      }
    },
    "magnetics": {
      "unit cell spin polarization": {
        "value": 17.522
      },
      "atomic spin specie": {
        "value": [
"1 Fe",
2.732,
"2 Fe",
2.732,
"3 Fe",
2.732,
"4 Fe",
2.733,
"5 Fe",
2.733,
"6 Fe",
2.732,
"7 Rh",
0.338,
"8 Rh",
0.341,
"9 Rh",
0.340,
"10 Rh",
0.020,
"11 Rh",
0.019,
"12 Rh",
0.017,
"13 Rh",
0.017,
"14 Rh",
0.017,
"15 Rh",
0.019
]
      },
      "saturation magnetization": {
        "value": 1.021
      },
      "magnetization temperature": {
        "value": 0
      },
      "magnetization info": {
        "value": "software VASP (vasp.5.4.4), k-points mesh 26x26x2, Ecut-off=401.823 eV, PAW_PBE, Fe:PAW_PBE:06Sep2000, Rh:PAW_PBE:04Feb2005, Pressure=0.0 kbar, temperature=0K"
      },
      "magnetocrystalline anisotropy energy": {
        "value": [
0.0000000000000000,0,1.0000000000000000,-115.26748293,0.2588190451025207,0,0.9659258262890683,-115.26748458,0.5000000000000000,0,0.8660254037844386,-115.26747768,0.7071067811865476,0,0.7071067811865476,-115.26746139,0.8660254037844386,0,0.5000000000000000,-115.26744811,1.0000000000000000,0,0.0000000000000000,-115.26743490]
      },
      "anisotropy energy type": {
        "value": "uniaxial"
      },
      "magnetocrystalline anisotropy constants": {
        "value": [
0.023,0.017]
      },
      "kind of anisotropy": {
        "value": "easy axis"
      },
      "anisotropy info": {
        "value": "software VASP (vasp.5.4.4) with spin-orbit coupling, k-points mesh 26x26x2, Ecut-off=401.823 eV, PAW_PBE, Fe:PAW_PBE:06Sep2000, Rh:PAW_PBE:04Feb2005, Pressure=0.0 kbar, temperature=0K"
      },
      "exchange integrals": {
        "value": null
      },
      "exchange info": {
        "value": null
      },
      "magnetic order": {
        "value": null
      },
      "curie temperature": {
        "value": null
      },
      "curie temperature info": {
        "value": null
      },
      "anisotropy field": {
        "value": 0.140
      },
      "remanence": {
        "value": 1.021
      },
      "coercivity": {
        "value": 0.140
      },
      "energy product": {
        "value": 207.387
      },
      "hysteresis info": {
        "value": "Stoner-Wohlfarth model without shape anisotropy, perfectly rectangular hysteresis loop, temperature = 0 K. Remanence equals to saturation magnetization (Ms). Anisotropy field: mu_0*Hk=(2*K_1+4*K_2)/Ms, where mu_0 is the vacuum permeability. Coercivity: Hc=Hk. Maximum energy product (upper limit)=(1/4)*mu_0*Ms^2, note this value can only be reached if the demagnetization factor is D=0.5 and Hc>0.5*Ms."
      },
      "domain wall width": {
        "value": null
      },
      "domain wall info": {
        "value": null
      },
      "exchange stiffness": {
        "value": null
      },
      "exchange stiffness info": {
        "value": null
      }
    },
    "additional information": {
      "authors": {
        "value": ["ICCRAM"]
      },
      "reference": {
        "value": "S. Curtarolo et al. Computational Materials Science 58 (2012) 218-226"
      },
      "comments": {
        "value": "Hardness parameter=0.167"
      },
      "attached files": {
        "value": [
"Fe6Rh9_#166_1A.cif",
"CONTCAR_Fe6Rh9_#166_1A",
"Fe6Rh9_#166_1A.png"
]
      },
      "attached files info": {
        "value": null
      }
    }
  }
}
