{
  "confidential": {
  "value": false
  }, 
  "name": "NOVAMAG_theory_ICCRAM_Fe8Rh16_#141_1A",
  "properties": {
    "approach": {
      "value": "theory"
    },
    "summary": {
      "value": "crystal, energy, magnetization, MAE"
    },
    "chemistry": {
      "chemical formula": {
        "value": "Fe8Rh16"
      },
      "production info": {
        "value": "initial POSCAR from AFLOW library http://aflow.org/material.php?id=Fe_pvRh_pv/382"
      }
    },
    "crystal": {
      "compound space group": {
        "value": 141
      },
      "unit cell volume": {
        "value": 324.518671
      },
      "lattice parameters": {
        "value": [
          3.76164,
          3.76164,
          22.93435
        ]
      },
      "lattice angles": {
        "value": [
          90.00000,
          90.00000,
          90.00000
        ]
      },
      "atomic positions": {
        "value": [
"Fe1(8e)",
0.00000,
0.25000,
0.79241,
"Rh1(8e)",
0.00000,
0.25000,
0.62568,
"Rh2(8e)",
0.00000,
0.25000,
0.45849
]
      },
      "crystal info": {
        "value": "software VASP (vasp.5.4.4), k-points mesh 16x16x3, Ecut-off=401.823 eV, PAW_PBE, Fe:PAW_PBE:06Sep2000, Rh:PAW_PBE:04Feb2005, Pressure=0.0 kbar, temperature=0K"
      }
    },
    "thermodynamics": {
      "unit cell energy": {
        "value": -182.87007974
      },
      "unit cell formation enthalpy": {
        "value": -0.566097
      },
      "energy info": {
        "value": "software VASP (vasp.5.4.4), k-points mesh 16x16x3, Ecut-off=401.823 eV, PAW_PBE, Fe:PAW_PBE:06Sep2000, Rh:PAW_PBE:04Feb2005, Pressure=0.0 kbar, temperature=0K"
      },
      "interatomic potentials info": {
        "value": null
      },
      "magnetic free energy": {
        "value": null
      },
      "magnetic free energy info": {
        "value": null
      }
    },
    "magnetics": {
      "unit cell spin polarization": {
        "value": 26.929
      },
      "atomic spin specie": {
        "value": [
"1 Fe",
2.940,
"2 Fe",
2.940,
"3 Fe",
2.940,
"4 Fe",
2.940,
"5 Fe",
2.940,
"6 Fe",
2.939,
"7 Fe",
2.940,
"8 Fe",
2.939,
"9 Rh",
0.185,
"10 Rh",
0.186,
"11 Rh",
0.187,
"12 Rh",
0.186,
"13 Rh",
0.187,
"14 Rh",
0.186,
"15 Rh",
0.185,
"16 Rh",
0.186,
"17 Rh",
0.240,
"18 Rh",
0.240,
"19 Rh",
0.241,
"20 Rh",
0.240,
"21 Rh",
0.241,
"22 Rh",
0.241,
"23 Rh",
0.240,
"24 Rh",
0.241
]
      },
      "saturation magnetization": {
        "value": 0.967
      },
      "magnetization temperature": {
        "value": 0
      },
      "magnetization info": {
        "value": "software VASP (vasp.5.4.4), k-points mesh 16x16x3, Ecut-off=401.823 eV, PAW_PBE, Fe:PAW_PBE:06Sep2000, Rh:PAW_PBE:04Feb2005, Pressure=0.0 kbar, temperature=0K"
      },
      "magnetocrystalline anisotropy energy": {
        "value": [
0.0000000000000000,0,1.0000000000000000,-183.55690464,0.2588190451025207,0,0.9659258262890683,-183.55697480,0.5000000000000000,0,0.8660254037844386,-183.55719701,0.7071067811865476,0,0.7071067811865476,-183.55751745,0.8660254037844386,0,0.5000000000000000,-183.55785532,1.0000000000000000,0,0.0000000000000000,-183.55819919]
      },
      "anisotropy energy type": {
        "value": "uniaxial"
      },
      "magnetocrystalline anisotropy constants": {
        "value": [
-0.567,-0.075]
      },
      "kind of anisotropy": {
        "value": "easy plane"
      },
      "anisotropy info": {
        "value": "software VASP (vasp.5.4.4) with spin-orbit coupling, k-points mesh 16x16x3, Ecut-off=401.823 eV, PAW_PBE, Fe:PAW_PBE:06Sep2000, Rh:PAW_PBE:04Feb2005, Pressure=0.0 kbar, temperature=0K"
      },
      "exchange integrals": {
        "value": null
      },
      "exchange info": {
        "value": null
      },
      "magnetic order": {
        "value": null
      },
      "curie temperature": {
        "value": null
      },
      "curie temperature info": {
        "value": null
      },
      "anisotropy field": {
        "value": null
      },
      "remanence": {
        "value": null
      },
      "coercivity": {
        "value": null
      },
      "energy product": {
        "value": null
      },
      "hysteresis info": {
        "value": null
      },
      "domain wall width": {
        "value": null
      },
      "domain wall info": {
        "value": null
      },
      "exchange stiffness": {
        "value": null
      },
      "exchange stiffness info": {
        "value": null
      }
    },
    "additional information": {
      "authors": {
        "value": ["ICCRAM"]
      },
      "reference": {
        "value": "S. Curtarolo et al. Computational Materials Science 58 (2012) 218-226"
      },
      "comments": {
        "value": null
      },
      "attached files": {
        "value": [
"Fe8Rh16_#141_1A.cif",
"CONTCAR_Fe8Rh16_#141_1A",
"Fe8Rh16_#141_1A.png"
]
      },
      "attached files info": {
        "value": null
      }
    }
  }
}
