{
  "confidential": {
  "value": false
  }, 
  "name": "NOVAMAG_theory_ICCRAM_Fe9Rh6_#166_1A",
  "properties": {
    "approach": {
      "value": "theory"
    },
    "summary": {
      "value": "crystal, energy, magnetization, MAE"
    },
    "chemistry": {
      "chemical formula": {
        "value": "Fe9Rh6"
      },
      "production info": {
        "value": "initial POSCAR from AFLOW library http://aflow.org/material.php?id=Fe_pvRh_pv/b37"
      }
    },
    "crystal": {
      "compound space group": {
        "value": 166
      },
      "unit cell volume": {
        "value": 197.162958
      },
      "lattice parameters": {
        "value": [
          4.19329,
          4.19329,
          12.94747
        ]
      },
      "lattice angles": {
        "value": [
          90.00000,
          90.00000,
          120.00000
        ]
      },
      "atomic positions": {
        "value": [
"Fe1(6c)",
0.00000,
0.00000,
0.69468,
"Fe2(3b)",
0.00000,
0.00000,
0.50000,
"Rh1(6c)",
0.00000,
0.00000,
0.10354
]
      },
      "crystal info": {
        "value": "software VASP (vasp.5.4.4), k-points mesh 17x17x5, Ecut-off=401.823 eV, PAW_PBE, Fe:PAW_PBE:06Sep2000, Rh:PAW_PBE:04Feb2005, Pressure=0.0 kbar, temperature=0K"
      }
    },
    "thermodynamics": {
      "unit cell energy": {
        "value": -117.89652673
      },
      "unit cell formation enthalpy": {
        "value": -0.109385
      },
      "energy info": {
        "value": "software VASP (vasp.5.4.4), k-points mesh 17x17x5, Ecut-off=401.823 eV, PAW_PBE, Fe:PAW_PBE:06Sep2000, Rh:PAW_PBE:04Feb2005, Pressure=0.0 kbar, temperature=0K"
      },
      "interatomic potentials info": {
        "value": null
      },
      "magnetic free energy": {
        "value": null
      },
      "magnetic free energy info": {
        "value": null
      }
    },
    "magnetics": {
      "unit cell spin polarization": {
        "value": 31.641
      },
      "atomic spin specie": {
        "value": [
"1 Fe",
2.869,
"2 Fe",
2.869,
"3 Fe",
2.868,
"4 Fe",
2.868,
"5 Fe",
2.868,
"6 Fe",
2.868,
"7 Fe",
2.965,
"8 Fe",
2.965,
"9 Fe",
2.965,
"10 Rh",
0.923,
"11 Rh",
0.923,
"12 Rh",
0.922,
"13 Rh",
0.922,
"14 Rh",
0.922,
"15 Rh",
0.922
]
      },
      "saturation magnetization": {
        "value": 1.869
      },
      "magnetization temperature": {
        "value": 0
      },
      "magnetization info": {
        "value": "software VASP (vasp.5.4.4), k-points mesh 17x17x5, Ecut-off=401.823 eV, PAW_PBE, Fe:PAW_PBE:06Sep2000, Rh:PAW_PBE:04Feb2005, Pressure=0.0 kbar, temperature=0K"
      },
      "magnetocrystalline anisotropy energy": {
        "value": [
0.0000000000000000,0,1.0000000000000000,-118.18751299,0.2588190451025207,0,0.9659258262890683,-118.18757617,0.5000000000000000,0,0.8660254037844386,-118.18773156,0.7071067811865476,0,0.7071067811865476,-118.18793101,0.8660254037844386,0,0.5000000000000000,-118.18811153,1.0000000000000000,0,0.0000000000000000,-118.18827221]
      },
      "anisotropy energy type": {
        "value": "uniaxial"
      },
      "magnetocrystalline anisotropy constants": {
        "value": [
-0.743,0.125]
      },
      "kind of anisotropy": {
        "value": "easy plane"
      },
      "anisotropy info": {
        "value": "software VASP (vasp.5.4.4) with spin-orbit coupling, k-points mesh 17x17x5, Ecut-off=401.823 eV, PAW_PBE, Fe:PAW_PBE:06Sep2000, Rh:PAW_PBE:04Feb2005, Pressure=0.0 kbar, temperature=0K"
      },
      "exchange integrals": {
        "value": null
      },
      "exchange info": {
        "value": null
      },
      "magnetic order": {
        "value": null
      },
      "curie temperature": {
        "value": null
      },
      "curie temperature info": {
        "value": null
      },
      "anisotropy field": {
        "value": null
      },
      "remanence": {
        "value": null
      },
      "coercivity": {
        "value": null
      },
      "energy product": {
        "value": null
      },
      "hysteresis info": {
        "value": null
      },
      "domain wall width": {
        "value": null
      },
      "domain wall info": {
        "value": null
      },
      "exchange stiffness": {
        "value": null
      },
      "exchange stiffness info": {
        "value": null
      }
    },
    "additional information": {
      "authors": {
        "value": ["ICCRAM"]
      },
      "reference": {
        "value": "S. Curtarolo et al. Computational Materials Science 58 (2012) 218-226"
      },
      "comments": {
        "value": null
      },
      "attached files": {
        "value": [
"Fe9Rh6_#166_1A.cif",
"CONTCAR_Fe9Rh6_#166_1A",
"Fe9Rh6_#166_1A.png"
]
      },
      "attached files info": {
        "value": null
      }
    }
  }
}
