{
  "confidential": {
  "value": false
  }, 
  "name": "NOVAMAG_theory_ICCRAM_Fe12V4_#139_1A",
  "properties": {
    "approach": {
      "value": "theory"
    },
    "summary": {
      "value": "crystal, energy, magnetization, MAE"
    },
    "chemistry": {
      "chemical formula": {
        "value": "Fe12V4"
      },
      "production info": {
        "value": "initial POSCAR from AFLOW library http://aflow.org/material.php?id=Fe_pvV_sv/279"
      }
    },
    "crystal": {
      "compound space group": {
        "value": 139
      },
      "unit cell volume": {
        "value": 179.795972
      },
      "lattice parameters": {
        "value": [
          3.52233,
          3.52233,
          14.49171
        ]
      },
      "lattice angles": {
        "value": [
          90.00000,
          90.00000,
          90.00000
        ]
      },
      "atomic positions": {
        "value": [
"Fe1(4c)",
0.00000,
0.50000,
0.00000,
"Fe2(4e)",
0.00000,
0.00000,
0.87820,
"Fe3(4d)",
0.00000,
0.50000,
0.25000,
"V1(4e)",
0.00000,
0.00000,
0.61879
]
      },
      "crystal info": {
        "value": "software VASP (vasp.5.4.4), k-points mesh 17x17x4, Ecut-off=401.823 eV, PAW_PBE, Fe:PAW_PBE:06Sep2000, V:PAW_PBE:08Apr2002, Pressure=0.0 kbar, temperature=0K"
      }
    },
    "thermodynamics": {
      "unit cell energy": {
        "value": -135.10864181
      },
      "unit cell formation enthalpy": {
        "value": -0.497502
      },
      "energy info": {
        "value": "software VASP (vasp.5.4.4), k-points mesh 17x17x4, Ecut-off=401.823 eV, PAW_PBE, Fe:PAW_PBE:06Sep2000, V:PAW_PBE:08Apr2002, Pressure=0.0 kbar, temperature=0K"
      },
      "interatomic potentials info": {
        "value": null
      },
      "magnetic free energy": {
        "value": null
      },
      "magnetic free energy info": {
        "value": null
      }
    },
    "magnetics": {
      "unit cell spin polarization": {
        "value": 12.494
      },
      "atomic spin specie": {
        "value": [
"1 Fe",
0.799,
"2 Fe",
0.799,
"3 Fe",
0.810,
"4 Fe",
0.810,
"5 Fe",
1.267,
"6 Fe",
1.271,
"7 Fe",
1.275,
"8 Fe",
1.271,
"9 Fe",
1.846,
"10 Fe",
1.843,
"11 Fe",
1.843,
"12 Fe",
1.846,
"13 V",
-0.798,
"14 V",
-0.798,
"15 V",
-0.794,
"16 V",
-0.795
]
      },
      "saturation magnetization": {
        "value": 0.809
      },
      "magnetization temperature": {
        "value": 0
      },
      "magnetization info": {
        "value": "software VASP (vasp.5.4.4), k-points mesh 17x17x4, Ecut-off=401.823 eV, PAW_PBE, Fe:PAW_PBE:06Sep2000, V:PAW_PBE:08Apr2002, Pressure=0.0 kbar, temperature=0K"
      },
      "magnetocrystalline anisotropy energy": {
        "value": [
0.0000000000000000,0,1.0000000000000000,-135.19986921,0.2588190451025207,0,0.9659258262890683,-135.19988741,0.5000000000000000,0,0.8660254037844386,-135.19993679,0.7071067811865476,0,0.7071067811865476,-135.20000191,0.8660254037844386,0,0.5000000000000000,-135.20006457,1.0000000000000000,0,0.0000000000000000,-135.20012489]
      },
      "anisotropy energy type": {
        "value": "uniaxial"
      },
      "magnetocrystalline anisotropy constants": {
        "value": [
-0.245,0.017]
      },
      "kind of anisotropy": {
        "value": "easy plane"
      },
      "anisotropy info": {
        "value": "software VASP (vasp.5.4.4) with spin-orbit coupling, k-points mesh 17x17x4, Ecut-off=401.823 eV, PAW_PBE, Fe:PAW_PBE:06Sep2000, V:PAW_PBE:08Apr2002, Pressure=0.0 kbar, temperature=0K"
      },
      "exchange integrals": {
        "value": null
      },
      "exchange info": {
        "value": null
      },
      "magnetic order": {
        "value": null
      },
      "curie temperature": {
        "value": null
      },
      "curie temperature info": {
        "value": null
      },
      "anisotropy field": {
        "value": null
      },
      "remanence": {
        "value": null
      },
      "coercivity": {
        "value": null
      },
      "energy product": {
        "value": null
      },
      "hysteresis info": {
        "value": null
      },
      "domain wall width": {
        "value": null
      },
      "domain wall info": {
        "value": null
      },
      "exchange stiffness": {
        "value": null
      },
      "exchange stiffness info": {
        "value": null
      }
    },
    "additional information": {
      "authors": {
        "value": ["ICCRAM"]
      },
      "reference": {
        "value": "S. Curtarolo et al. Computational Materials Science 58 (2012) 218-226"
      },
      "comments": {
        "value": null
      },
      "attached files": {
        "value": [
"Fe12V4_#139_1A.cif",
"CONTCAR_Fe12V4_#139_1A",
"Fe12V4_#139_1A.png"
]
      },
      "attached files info": {
        "value": null
      }
    }
  }
}
