{
  "confidential": {
  "value": false
  }, 
  "name": "NOVAMAG_theory_ICCRAM_Fe20V10_#136_1A",
  "properties": {
    "approach": {
      "value": "theory"
    },
    "summary": {
      "value": "crystal, energy, magnetization, MAE, coercivity, energy product"
    },
    "chemistry": {
      "chemical formula": {
        "value": "Fe20V10"
      },
      "production info": {
        "value": "initial POSCAR from AFLOW library http://aflow.org/material.php?id=Fe_pvV_sv/136c"
      }
    },
    "crystal": {
      "compound space group": {
        "value": 136
      },
      "unit cell volume": {
        "value": 351.611412
      },
      "lattice parameters": {
        "value": [
          8.77793,
          8.77793,
          4.56330
        ]
      },
      "lattice angles": {
        "value": [
          90.00000,
          90.00000,
          90.00000
        ]
      },
      "atomic positions": {
        "value": [
"Fe1(8i)",
0.05645,
0.25810,
0.00000,
"Fe2(8i)",
0.12808,
0.53168,
0.00000,
"Fe3(4g)",
0.40001,
0.59999,
0.00000,
"V1(2a)",
0.00000,
0.00000,
0.00000,
"V2(8j)",
0.30677,
0.30677,
0.24713
]
      },
      "crystal info": {
        "value": "software VASP (vasp.5.4.4), k-points mesh 7x7x13, Ecut-off=401.823 eV, PAW_PBE, Fe:PAW_PBE:06Sep2000, V:PAW_PBE:08Apr2002, Pressure=0.0 kbar, temperature=0K"
      }
    },
    "thermodynamics": {
      "unit cell energy": {
        "value": -255.28369231
      },
      "unit cell formation enthalpy": {
        "value": -1.127757
      },
      "energy info": {
        "value": "software VASP (vasp.5.4.4), k-points mesh 7x7x13, Ecut-off=401.823 eV, PAW_PBE, Fe:PAW_PBE:06Sep2000, V:PAW_PBE:08Apr2002, Pressure=0.0 kbar, temperature=0K"
      },
      "interatomic potentials info": {
        "value": null
      },
      "magnetic free energy": {
        "value": null
      },
      "magnetic free energy info": {
        "value": null
      }
    },
    "magnetics": {
      "unit cell spin polarization": {
        "value": 29.272
      },
      "atomic spin specie": {
        "value": [
"1 Fe",
1.240,
"2 Fe",
1.240,
"3 Fe",
1.240,
"4 Fe",
1.240,
"5 Fe",
1.240,
"6 Fe",
1.240,
"7 Fe",
1.240,
"8 Fe",
1.240,
"9 Fe",
1.961,
"10 Fe",
1.960,
"11 Fe",
1.960,
"12 Fe",
1.961,
"13 Fe",
1.961,
"14 Fe",
1.960,
"15 Fe",
1.960,
"16 Fe",
1.961,
"17 Fe",
2.298,
"18 Fe",
2.298,
"19 Fe",
2.298,
"20 Fe",
2.298,
"21 V",
-0.734,
"22 V",
-0.734,
"23 V",
-0.506,
"24 V",
-0.506,
"25 V",
-0.506,
"26 V",
-0.507,
"27 V",
-0.506,
"28 V",
-0.506,
"29 V",
-0.506,
"30 V",
-0.507
]
      },
      "saturation magnetization": {
        "value": 0.970
      },
      "magnetization temperature": {
        "value": 0
      },
      "magnetization info": {
        "value": "software VASP (vasp.5.4.4), k-points mesh 7x7x13, Ecut-off=401.823 eV, PAW_PBE, Fe:PAW_PBE:06Sep2000, V:PAW_PBE:08Apr2002, Pressure=0.0 kbar, temperature=0K"
      },
      "magnetocrystalline anisotropy energy": {
        "value": [
0.0000000000000000,0,1.0000000000000000,-255.44805512,0.2588190451025207,0,0.9659258262890683,-255.44786117,0.5000000000000000,0,0.8660254037844386,-255.44733535,0.7071067811865476,0,0.7071067811865476,-255.44663252,0.8660254037844386,0,0.5000000000000000,-255.44593489,1.0000000000000000,0,0.0000000000000000,-255.44523646]
      },
      "anisotropy energy type": {
        "value": "uniaxial"
      },
      "magnetocrystalline anisotropy constants": {
        "value": [
1.311,-0.027]
      },
      "kind of anisotropy": {
        "value": "easy axis"
      },
      "anisotropy info": {
        "value": "software VASP (vasp.5.4.4) with spin-orbit coupling, k-points mesh 7x7x13, Ecut-off=401.823 eV, PAW_PBE, Fe:PAW_PBE:06Sep2000, V:PAW_PBE:08Apr2002, Pressure=0.0 kbar, temperature=0K"
      },
      "exchange integrals": {
        "value": null
      },
      "exchange info": {
        "value": null
      },
      "magnetic order": {
        "value": null
      },
      "curie temperature": {
        "value": null
      },
      "curie temperature info": {
        "value": null
      },
      "anisotropy field": {
        "value": 3.257
      },
      "remanence": {
        "value": 0.970
      },
      "coercivity": {
        "value": 3.257
      },
      "energy product": {
        "value": 187.186
      },
      "hysteresis info": {
        "value": "Stoner-Wohlfarth model without shape anisotropy, perfectly rectangular hysteresis loop, temperature = 0 K. Remanence equals to saturation magnetization (Ms). Anisotropy field: mu_0*Hk=(2*K_1+4*K_2)/Ms, where mu_0 is the vacuum permeability. Coercivity: Hc=Hk. Maximum energy product (upper limit)=(1/4)*mu_0*Ms^2, note this value can only be reached if the demagnetization factor is D=0.5 and Hc>0.5*Ms."
      },
      "domain wall width": {
        "value": null
      },
      "domain wall info": {
        "value": null
      },
      "exchange stiffness": {
        "value": null
      },
      "exchange stiffness info": {
        "value": null
      }
    },
    "additional information": {
      "authors": {
        "value": ["ICCRAM"]
      },
      "reference": {
        "value": "S. Curtarolo et al. Computational Materials Science 58 (2012) 218-226"
      },
      "comments": {
        "value": "Hardness parameter=1.323"
      },
      "attached files": {
        "value": [
"Fe20V10_#136_1A.cif",
"CONTCAR_Fe20V10_#136_1A",
"Fe20V10_#136_1A.png"
]
      },
      "attached files info": {
        "value": null
      }
    }
  }
}
