{
  "confidential": {
  "value": false
  }, 
  "name": "NOVAMAG_theory_ICCRAM_Fe22V8_#136_1A",
  "properties": {
    "approach": {
      "value": "theory"
    },
    "summary": {
      "value": "crystal, energy, magnetization, MAE, coercivity, energy product"
    },
    "chemistry": {
      "chemical formula": {
        "value": "Fe22V8"
      },
      "production info": {
        "value": "initial POSCAR from AFLOW library http://aflow.org/material.php?id=Fe_pvV_sv/136b"
      }
    },
    "crystal": {
      "compound space group": {
        "value": 136
      },
      "unit cell volume": {
        "value": 354.282751
      },
      "lattice parameters": {
        "value": [
          8.75418,
          8.75418,
          4.62295
        ]
      },
      "lattice angles": {
        "value": [
          90.00000,
          90.00000,
          90.00000
        ]
      },
      "atomic positions": {
        "value": [
"Fe1(8j)",
0.81122,
0.81122,
0.24725,
"Fe2(8i)",
0.63260,
0.03502,
0.00000,
"Fe3(4g)",
-0.09801,
0.09801,
0.00000,
"Fe4(2b)",
0.00000,
0.00000,
0.50000,
"V1(8i)",
0.55608,
0.76222,
0.00000
]
      },
      "crystal info": {
        "value": "software VASP (vasp.5.4.4), k-points mesh 7x7x13, Ecut-off=401.823 eV, PAW_PBE, Fe:PAW_PBE:06Sep2000, V:PAW_PBE:08Apr2002, Pressure=0.0 kbar, temperature=0K"
      }
    },
    "thermodynamics": {
      "unit cell energy": {
        "value": -253.56007895
      },
      "unit cell formation enthalpy": {
        "value": -0.812182
      },
      "energy info": {
        "value": "software VASP (vasp.5.4.4), k-points mesh 7x7x13, Ecut-off=401.823 eV, PAW_PBE, Fe:PAW_PBE:06Sep2000, V:PAW_PBE:08Apr2002, Pressure=0.0 kbar, temperature=0K"
      },
      "interatomic potentials info": {
        "value": null
      },
      "magnetic free energy": {
        "value": null
      },
      "magnetic free energy info": {
        "value": null
      }
    },
    "magnetics": {
      "unit cell spin polarization": {
        "value": 34.771
      },
      "atomic spin specie": {
        "value": [
"1 Fe",
2.022,
"2 Fe",
2.022,
"3 Fe",
2.022,
"4 Fe",
2.022,
"5 Fe",
2.022,
"6 Fe",
2.022,
"7 Fe",
2.022,
"8 Fe",
2.022,
"9 Fe",
1.929,
"10 Fe",
1.929,
"11 Fe",
1.929,
"12 Fe",
1.929,
"13 Fe",
1.929,
"14 Fe",
1.929,
"15 Fe",
1.929,
"16 Fe",
1.929,
"17 Fe",
2.259,
"18 Fe",
2.260,
"19 Fe",
2.260,
"20 Fe",
2.259,
"21 Fe",
1.434,
"22 Fe",
1.434,
"23 V",
-1.093,
"24 V",
-1.093,
"25 V",
-1.093,
"26 V",
-1.093,
"27 V",
-1.093,
"28 V",
-1.093,
"29 V",
-1.093,
"30 V",
-1.093
]
      },
      "saturation magnetization": {
        "value": 1.143
      },
      "magnetization temperature": {
        "value": 0
      },
      "magnetization info": {
        "value": "software VASP (vasp.5.4.4), k-points mesh 7x7x13, Ecut-off=401.823 eV, PAW_PBE, Fe:PAW_PBE:06Sep2000, V:PAW_PBE:08Apr2002, Pressure=0.0 kbar, temperature=0K"
      },
      "magnetocrystalline anisotropy energy": {
        "value": [
0.0000000000000000,0,1.0000000000000000,-253.73247361,0.2588190451025207,0,0.9659258262890683,-253.73220172,0.5000000000000000,0,0.8660254037844386,-253.73147846,0.7071067811865476,0,0.7071067811865476,-253.73049447,0.8660254037844386,0,0.5000000000000000,-253.72949815,1.0000000000000000,0,0.0000000000000000,-253.72849553]
      },
      "anisotropy energy type": {
        "value": "uniaxial"
      },
      "magnetocrystalline anisotropy constants": {
        "value": [
1.789,0.008]
      },
      "kind of anisotropy": {
        "value": "easy axis"
      },
      "anisotropy info": {
        "value": "software VASP (vasp.5.4.4) with spin-orbit coupling, k-points mesh 7x7x13, Ecut-off=401.823 eV, PAW_PBE, Fe:PAW_PBE:06Sep2000, V:PAW_PBE:08Apr2002, Pressure=0.0 kbar, temperature=0K"
      },
      "exchange integrals": {
        "value": null
      },
      "exchange info": {
        "value": null
      },
      "magnetic order": {
        "value": null
      },
      "curie temperature": {
        "value": null
      },
      "curie temperature info": {
        "value": null
      },
      "anisotropy field": {
        "value": 3.969
      },
      "remanence": {
        "value": 1.143
      },
      "coercivity": {
        "value": 3.969
      },
      "energy product": {
        "value": 259.910
      },
      "hysteresis info": {
        "value": "Stoner-Wohlfarth model without shape anisotropy, perfectly rectangular hysteresis loop, temperature = 0 K. Remanence equals to saturation magnetization (Ms). Anisotropy field: mu_0*Hk=(2*K_1+4*K_2)/Ms, where mu_0 is the vacuum permeability. Coercivity: Hc=Hk. Maximum energy product (upper limit)=(1/4)*mu_0*Ms^2, note this value can only be reached if the demagnetization factor is D=0.5 and Hc>0.5*Ms."
      },
      "domain wall width": {
        "value": null
      },
      "domain wall info": {
        "value": null
      },
      "exchange stiffness": {
        "value": null
      },
      "exchange stiffness info": {
        "value": null
      }
    },
    "additional information": {
      "authors": {
        "value": ["ICCRAM"]
      },
      "reference": {
        "value": "S. Curtarolo et al. Computational Materials Science 58 (2012) 218-226"
      },
      "comments": {
        "value": "Hardness parameter=1.312"
      },
      "attached files": {
        "value": [
"Fe22V8_#136_1A.cif",
"CONTCAR_Fe22V8_#136_1A",
"Fe22V8_#136_1A.png"
]
      },
      "attached files info": {
        "value": null
      }
    }
  }
}
