{
  "confidential": {
  "value": false
  }, 
  "name": "NOVAMAG_theory_ICCRAM_Fe26V4_#136_1A",
  "properties": {
    "approach": {
      "value": "theory"
    },
    "summary": {
      "value": "crystal, energy, magnetization, MAE, coercivity, energy product"
    },
    "chemistry": {
      "chemical formula": {
        "value": "Fe26V4"
      },
      "production info": {
        "value": "initial POSCAR from AFLOW library http://aflow.org/material.php?id=Fe_pvV_sv/136"
      }
    },
    "crystal": {
      "compound space group": {
        "value": 136
      },
      "unit cell volume": {
        "value": 350.758934
      },
      "lattice parameters": {
        "value": [
          8.72454,
          8.72454,
          4.60811
        ]
      },
      "lattice angles": {
        "value": [
          90.00000,
          90.00000,
          90.00000
        ]
      },
      "atomic positions": {
        "value": [
"Fe1(8j)",
0.81715,
0.81715,
0.24879,
"Fe2(8i)",
0.56471,
0.76149,
0.00000,
"Fe3(8i)",
0.63151,
0.03565,
0.00000,
"Fe4(2b)",
0.00000,
0.00000,
0.50000,
"V1(4g)",
0.89084,
0.10916,
0.00000
]
      },
      "crystal info": {
        "value": "software VASP (vasp.5.4.4), k-points mesh 7x7x13, Ecut-off=401.823 eV, PAW_PBE, Fe:PAW_PBE:06Sep2000, V:PAW_PBE:08Apr2002, Pressure=0.0 kbar, temperature=0K"
      }
    },
    "thermodynamics": {
      "unit cell energy": {
        "value": -250.14749306
      },
      "unit cell formation enthalpy": {
        "value": -0.215675
      },
      "energy info": {
        "value": "software VASP (vasp.5.4.4), k-points mesh 7x7x13, Ecut-off=401.823 eV, PAW_PBE, Fe:PAW_PBE:06Sep2000, V:PAW_PBE:08Apr2002, Pressure=0.0 kbar, temperature=0K"
      },
      "interatomic potentials info": {
        "value": null
      },
      "magnetic free energy": {
        "value": null
      },
      "magnetic free energy info": {
        "value": null
      }
    },
    "magnetics": {
      "unit cell spin polarization": {
        "value": 50.526
      },
      "atomic spin specie": {
        "value": [
"1 Fe",
2.258,
"2 Fe",
2.257,
"3 Fe",
2.257,
"4 Fe",
2.257,
"5 Fe",
2.258,
"6 Fe",
2.257,
"7 Fe",
2.257,
"8 Fe",
2.257,
"9 Fe",
2.140,
"10 Fe",
2.140,
"11 Fe",
2.140,
"12 Fe",
2.140,
"13 Fe",
2.140,
"14 Fe",
2.140,
"15 Fe",
2.140,
"16 Fe",
2.140,
"17 Fe",
2.209,
"18 Fe",
2.209,
"19 Fe",
2.209,
"20 Fe",
2.209,
"21 Fe",
2.209,
"22 Fe",
2.209,
"23 Fe",
2.209,
"24 Fe",
2.209,
"25 Fe",
1.672,
"26 Fe",
1.673,
"27 V",
-1.418,
"28 V",
-1.418,
"29 V",
-1.418,
"30 V",
-1.418
]
      },
      "saturation magnetization": {
        "value": 1.678
      },
      "magnetization temperature": {
        "value": 0
      },
      "magnetization info": {
        "value": "software VASP (vasp.5.4.4), k-points mesh 7x7x13, Ecut-off=401.823 eV, PAW_PBE, Fe:PAW_PBE:06Sep2000, V:PAW_PBE:08Apr2002, Pressure=0.0 kbar, temperature=0K"
      },
      "magnetocrystalline anisotropy energy": {
        "value": [
0.0000000000000000,0,1.0000000000000000,-250.33897396,0.2588190451025207,0,0.9659258262890683,-250.33872667,0.5000000000000000,0,0.8660254037844386,-250.33804282,0.7071067811865476,0,0.7071067811865476,-250.33709893,0.8660254037844386,0,0.5000000000000000,-250.33616370,1.0000000000000000,0,0.0000000000000000,-250.33519975]
      },
      "anisotropy energy type": {
        "value": "uniaxial"
      },
      "magnetocrystalline anisotropy constants": {
        "value": [
1.695,0.027]
      },
      "kind of anisotropy": {
        "value": "easy axis"
      },
      "anisotropy info": {
        "value": "software VASP (vasp.5.4.4) with spin-orbit coupling, k-points mesh 7x7x13, Ecut-off=401.823 eV, PAW_PBE, Fe:PAW_PBE:06Sep2000, V:PAW_PBE:08Apr2002, Pressure=0.0 kbar, temperature=0K"
      },
      "exchange integrals": {
        "value": null
      },
      "exchange info": {
        "value": null
      },
      "magnetic order": {
        "value": null
      },
      "curie temperature": {
        "value": null
      },
      "curie temperature info": {
        "value": null
      },
      "anisotropy field": {
        "value": 2.620
      },
      "remanence": {
        "value": 1.678
      },
      "coercivity": {
        "value": 2.620
      },
      "energy product": {
        "value": 560.163
      },
      "hysteresis info": {
        "value": "Stoner-Wohlfarth model without shape anisotropy, perfectly rectangular hysteresis loop, temperature = 0 K. Remanence equals to saturation magnetization (Ms). Anisotropy field: mu_0*Hk=(2*K_1+4*K_2)/Ms, where mu_0 is the vacuum permeability. Coercivity: Hc=Hk. Maximum energy product (upper limit)=(1/4)*mu_0*Ms^2, note this value can only be reached if the demagnetization factor is D=0.5 and Hc>0.5*Ms."
      },
      "domain wall width": {
        "value": null
      },
      "domain wall info": {
        "value": null
      },
      "exchange stiffness": {
        "value": null
      },
      "exchange stiffness info": {
        "value": null
      }
    },
    "additional information": {
      "authors": {
        "value": ["ICCRAM"]
      },
      "reference": {
        "value": "S. Curtarolo et al. Computational Materials Science 58 (2012) 218-226"
      },
      "comments": {
        "value": "Hardness parameter=0.870"
      },
      "attached files": {
        "value": [
"Fe26V4_#136_1A.cif",
"CONTCAR_Fe26V4_#136_1A",
"Fe26V4_#136_1A.png"
]
      },
      "attached files info": {
        "value": null
      }
    }
  }
}
