{
  "confidential": {
  "value": false
  }, 
  "name": "NOVAMAG_theory_ICCRAM_Fe3V1_#123_1A",
  "properties": {
    "approach": {
      "value": "theory"
    },
    "summary": {
      "value": "crystal, energy, magnetization, MAE"
    },
    "chemistry": {
      "chemical formula": {
        "value": "Fe3V1"
      },
      "production info": {
        "value": "initial POSCAR from AFLOW library http://aflow.org/material.php?id=Fe_pvV_sv/78"
      }
    },
    "crystal": {
      "compound space group": {
        "value": 123
      },
      "unit cell volume": {
        "value": 46.678321
      },
      "lattice parameters": {
        "value": [
          2.89254,
          2.89254,
          5.57899
        ]
      },
      "lattice angles": {
        "value": [
          90.00000,
          90.00000,
          90.00000
        ]
      },
      "atomic positions": {
        "value": [
"Fe1(2g)",
0.00000,
0.00000,
0.74724,
"Fe2(1c)",
0.50000,
0.50000,
0.00000,
"V1(1d)",
0.50000,
0.50000,
0.50000
]
      },
      "crystal info": {
        "value": "software VASP (vasp.5.4.4), k-points mesh 21x21x11, Ecut-off=401.823 eV, PAW_PBE, Fe:PAW_PBE:06Sep2000, V:PAW_PBE:08Apr2002, Pressure=0.0 kbar, temperature=0K"
      }
    },
    "thermodynamics": {
      "unit cell energy": {
        "value": -34.11335728
      },
      "unit cell formation enthalpy": {
        "value": -0.460572
      },
      "energy info": {
        "value": "software VASP (vasp.5.4.4), k-points mesh 21x21x11, Ecut-off=401.823 eV, PAW_PBE, Fe:PAW_PBE:06Sep2000, V:PAW_PBE:08Apr2002, Pressure=0.0 kbar, temperature=0K"
      },
      "interatomic potentials info": {
        "value": null
      },
      "magnetic free energy": {
        "value": null
      },
      "magnetic free energy info": {
        "value": null
      }
    },
    "magnetics": {
      "unit cell spin polarization": {
        "value": 5.113
      },
      "atomic spin specie": {
        "value": [
"1 Fe",
1.739,
"2 Fe",
1.739,
"3 Fe",
2.591,
"4 V",
-0.955
]
      },
      "saturation magnetization": {
        "value": 1.276
      },
      "magnetization temperature": {
        "value": 0
      },
      "magnetization info": {
        "value": "software VASP (vasp.5.4.4), k-points mesh 21x21x11, Ecut-off=401.823 eV, PAW_PBE, Fe:PAW_PBE:06Sep2000, V:PAW_PBE:08Apr2002, Pressure=0.0 kbar, temperature=0K"
      },
      "magnetocrystalline anisotropy energy": {
        "value": [
0.0000000000000000,0,1.0000000000000000,-34.13485251,0.2588190451025207,0,0.9659258262890683,-34.13487016,0.5000000000000000,0,0.8660254037844386,-34.13491796,0.7071067811865476,0,0.7071067811865476,-34.13498228,0.8660254037844386,0,0.5000000000000000,-34.13504379,1.0000000000000000,0,0.0000000000000000,-34.13510183]
      },
      "anisotropy energy type": {
        "value": "uniaxial"
      },
      "magnetocrystalline anisotropy constants": {
        "value": [
-0.924,0.068]
      },
      "kind of anisotropy": {
        "value": "easy plane"
      },
      "anisotropy info": {
        "value": "software VASP (vasp.5.4.4) with spin-orbit coupling, k-points mesh 21x21x11, Ecut-off=401.823 eV, PAW_PBE, Fe:PAW_PBE:06Sep2000, V:PAW_PBE:08Apr2002, Pressure=0.0 kbar, temperature=0K"
      },
      "exchange integrals": {
        "value": null
      },
      "exchange info": {
        "value": null
      },
      "magnetic order": {
        "value": null
      },
      "curie temperature": {
        "value": null
      },
      "curie temperature info": {
        "value": null
      },
      "anisotropy field": {
        "value": null
      },
      "remanence": {
        "value": null
      },
      "coercivity": {
        "value": null
      },
      "energy product": {
        "value": null
      },
      "hysteresis info": {
        "value": null
      },
      "domain wall width": {
        "value": null
      },
      "domain wall info": {
        "value": null
      },
      "exchange stiffness": {
        "value": null
      },
      "exchange stiffness info": {
        "value": null
      }
    },
    "additional information": {
      "authors": {
        "value": ["ICCRAM"]
      },
      "reference": {
        "value": "S. Curtarolo et al. Computational Materials Science 58 (2012) 218-226"
      },
      "comments": {
        "value": null
      },
      "attached files": {
        "value": [
"Fe3V1_#123_1A.cif",
"CONTCAR_Fe3V1_#123_1A",
"Fe3V1_#123_1A.png"
]
      },
      "attached files info": {
        "value": null
      }
    }
  }
}
