{
  "confidential": {
  "value": false
  }, 
  "name": "NOVAMAG_theory_ICCRAM_Fe8V4_#139_1A",
  "properties": {
    "approach": {
      "value": "theory"
    },
    "summary": {
      "value": "crystal, energy, magnetization, MAE"
    },
    "chemistry": {
      "chemical formula": {
        "value": "Fe8V4"
      },
      "production info": {
        "value": "initial POSCAR from AFLOW library http://aflow.org/material.php?id=Fe_pvV_sv/595"
      }
    },
    "crystal": {
      "compound space group": {
        "value": 139
      },
      "unit cell volume": {
        "value": 142.231549
      },
      "lattice parameters": {
        "value": [
          2.91273,
          2.91273,
          8.38235
        ]
      },
      "lattice angles": {
        "value": [
          90.00000,
          90.00000,
          90.00000
        ]
      },
      "atomic positions": {
        "value": [
"Fe1(4e)",
0.00000,
0.00000,
0.33477,
"V1(2a)",
0.00000,
0.00000,
0.00000
]
      },
      "crystal info": {
        "value": "software VASP (vasp.5.4.4), k-points mesh 15x15x7, Ecut-off=401.823 eV, PAW_PBE, Fe:PAW_PBE:06Sep2000, V:PAW_PBE:08Apr2002, Pressure=0.0 kbar, temperature=0K"
      }
    },
    "thermodynamics": {
      "unit cell energy": {
        "value": -103.23927735
      },
      "unit cell formation enthalpy": {
        "value": -1.576903
      },
      "energy info": {
        "value": "software VASP (vasp.5.4.4), k-points mesh 15x15x7, Ecut-off=401.823 eV, PAW_PBE, Fe:PAW_PBE:06Sep2000, V:PAW_PBE:08Apr2002, Pressure=0.0 kbar, temperature=0K"
      },
      "interatomic potentials info": {
        "value": null
      },
      "magnetic free energy": {
        "value": null
      },
      "magnetic free energy info": {
        "value": null
      }
    },
    "magnetics": {
      "unit cell spin polarization": {
        "value": 12.888
      },
      "atomic spin specie": {
        "value": [
"1 Fe",
2.075,
"2 Fe",
2.075,
"3 Fe",
2.075,
"4 Fe",
2.075,
"5 Fe",
2.075,
"6 Fe",
2.075,
"7 Fe",
2.075,
"8 Fe",
2.075,
"9 V",
-0.928,
"10 V",
-0.928,
"11 V",
-0.928,
"12 V",
-0.928
]
      },
      "saturation magnetization": {
        "value": 1.055
      },
      "magnetization temperature": {
        "value": 0
      },
      "magnetization info": {
        "value": "software VASP (vasp.5.4.4), k-points mesh 15x15x7, Ecut-off=401.823 eV, PAW_PBE, Fe:PAW_PBE:06Sep2000, V:PAW_PBE:08Apr2002, Pressure=0.0 kbar, temperature=0K"
      },
      "magnetocrystalline anisotropy energy": {
        "value": [
0.0000000000000000,0,1.0000000000000000,-103.29960651,0.2588190451025207,0,0.9659258262890683,-103.29965411,0.5000000000000000,0,0.8660254037844386,-103.29978688,0.7071067811865476,0,0.7071067811865476,-103.29997006,0.8660254037844386,0,0.5000000000000000,-103.30015569,1.0000000000000000,0,0.0000000000000000,-103.30034448]
      },
      "anisotropy energy type": {
        "value": "uniaxial"
      },
      "magnetocrystalline anisotropy constants": {
        "value": [
-0.806,-0.025]
      },
      "kind of anisotropy": {
        "value": "easy plane"
      },
      "anisotropy info": {
        "value": "software VASP (vasp.5.4.4) with spin-orbit coupling, k-points mesh 15x15x7, Ecut-off=401.823 eV, PAW_PBE, Fe:PAW_PBE:06Sep2000, V:PAW_PBE:08Apr2002, Pressure=0.0 kbar, temperature=0K"
      },
      "exchange integrals": {
        "value": null
      },
      "exchange info": {
        "value": null
      },
      "magnetic order": {
        "value": null
      },
      "curie temperature": {
        "value": null
      },
      "curie temperature info": {
        "value": null
      },
      "anisotropy field": {
        "value": null
      },
      "remanence": {
        "value": null
      },
      "coercivity": {
        "value": null
      },
      "energy product": {
        "value": null
      },
      "hysteresis info": {
        "value": null
      },
      "domain wall width": {
        "value": null
      },
      "domain wall info": {
        "value": null
      },
      "exchange stiffness": {
        "value": null
      },
      "exchange stiffness info": {
        "value": null
      }
    },
    "additional information": {
      "authors": {
        "value": ["ICCRAM"]
      },
      "reference": {
        "value": "S. Curtarolo et al. Computational Materials Science 58 (2012) 218-226"
      },
      "comments": {
        "value": null
      },
      "attached files": {
        "value": [
"Fe8V4_#139_1A.cif",
"CONTCAR_Fe8V4_#139_1A",
"Fe8V4_#139_1A.png"
]
      },
      "attached files info": {
        "value": null
      }
    }
  }
}
