{
  "confidential": {
  "value": false
  }, 
  "name": "NOVAMAG_theory_ICCRAM_Co3V1_#123_1A",
  "properties": {
    "approach": {
      "value": "theory"
    },
    "summary": {
      "value": "crystal, energy, magnetization, MAE, coercivity, energy product"
    },
    "chemistry": {
      "chemical formula": {
        "value": "Co3V1"
      },
      "production info": {
        "value": "initial POSCAR from AFLOW library http://aflow.org/material.php?id=CoV_sv/15"
      }
    },
    "crystal": {
      "compound space group": {
        "value": 123
      },
      "unit cell volume": {
        "value": 44.825523
      },
      "lattice parameters": {
        "value": [
          2.51096,
          2.51096,
          7.10959
        ]
      },
      "lattice angles": {
        "value": [
          90.00000,
          90.00000,
          90.00000
        ]
      },
      "atomic positions": {
        "value": [
"Co1(2g)",
0.00000,
0.00000,
0.73967,
"Co2(1d)",
0.50000,
0.50000,
0.50000,
"V1(1c)",
0.50000,
0.50000,
0.00000
]
      },
      "crystal info": {
        "value": "software VASP (vasp.5.4.4), k-points mesh 24x24x8, Ecut-off=401.952 eV, PAW_PBE, Co:PAW_PBE:02Aug2007, V:PAW_PBE:08Apr2002, Pressure=0.0 kbar, temperature=0K"
      }
    },
    "thermodynamics": {
      "unit cell energy": {
        "value": -30.08417980
      },
      "unit cell formation enthalpy": {
        "value": -0.035010
      },
      "energy info": {
        "value": "software VASP (vasp.5.4.4), k-points mesh 24x24x8, Ecut-off=401.952 eV, PAW_PBE, Co:PAW_PBE:02Aug2007, V:PAW_PBE:08Apr2002, Pressure=0.0 kbar, temperature=0K"
      },
      "interatomic potentials info": {
        "value": null
      },
      "magnetic free energy": {
        "value": null
      },
      "magnetic free energy info": {
        "value": null
      }
    },
    "magnetics": {
      "unit cell spin polarization": {
        "value": 3.500
      },
      "atomic spin specie": {
        "value": [
"1 Co",
1.099,
"2 Co",
1.099,
"3 Co",
1.595,
"4 V",
-0.292
]
      },
      "saturation magnetization": {
        "value": 0.909
      },
      "magnetization temperature": {
        "value": 0
      },
      "magnetization info": {
        "value": "software VASP (vasp.5.4.4), k-points mesh 24x24x8, Ecut-off=401.952 eV, PAW_PBE, Co:PAW_PBE:02Aug2007, V:PAW_PBE:08Apr2002, Pressure=0.0 kbar, temperature=0K"
      },
      "magnetocrystalline anisotropy energy": {
        "value": [
0.0000000000000000,0,1.0000000000000000,-30.11229974,0.2588190451025207,0,0.9659258262890683,-30.11229114,0.5000000000000000,0,0.8660254037844386,-30.11226959,0.7071067811865476,0,0.7071067811865476,-30.11224115,0.8660254037844386,0,0.5000000000000000,-30.11221324,1.0000000000000000,0,0.0000000000000000,-30.11218417]
      },
      "anisotropy energy type": {
        "value": "uniaxial"
      },
      "magnetocrystalline anisotropy constants": {
        "value": [
0.427,-0.016]
      },
      "kind of anisotropy": {
        "value": "easy axis"
      },
      "anisotropy info": {
        "value": "software VASP (vasp.5.4.4) with spin-orbit coupling, k-points mesh 24x24x8, Ecut-off=401.952 eV, PAW_PBE, Co:PAW_PBE:02Aug2007, V:PAW_PBE:08Apr2002, Pressure=0.0 kbar, temperature=0K"
      },
      "exchange integrals": {
        "value": null
      },
      "exchange info": {
        "value": null
      },
      "magnetic order": {
        "value": null
      },
      "curie temperature": {
        "value": null
      },
      "curie temperature info": {
        "value": null
      },
      "anisotropy field": {
        "value": 1.092
      },
      "remanence": {
        "value": 0.909
      },
      "coercivity": {
        "value": 1.092
      },
      "energy product": {
        "value": 164.383
      },
      "hysteresis info": {
        "value": "Stoner-Wohlfarth model without shape anisotropy, perfectly rectangular hysteresis loop, temperature = 0 K. Remanence equals to saturation magnetization (Ms). Anisotropy field: mu_0*Hk=(2*K_1+4*K_2)/Ms, where mu_0 is the vacuum permeability. Coercivity: Hc=Hk. Maximum energy product (upper limit)=(1/4)*mu_0*Ms^2, note this value can only be reached if the demagnetization factor is D=0.5 and Hc>0.5*Ms."
      },
      "domain wall width": {
        "value": null
      },
      "domain wall info": {
        "value": null
      },
      "exchange stiffness": {
        "value": null
      },
      "exchange stiffness info": {
        "value": null
      }
    },
    "additional information": {
      "authors": {
        "value": ["ICCRAM"]
      },
      "reference": {
        "value": "S. Curtarolo et al. Computational Materials Science 58 (2012) 218-226"
      },
      "comments": {
        "value": "Hardness parameter=0.806"
      },
      "attached files": {
        "value": [
"Co3V1_#123_1A.cif",
"CONTCAR_Co3V1_#123_1A",
"Co3V1_#123_1A.png"
]
      },
      "attached files info": {
        "value": null
      }
    }
  }
}
