{
  "confidential": {
  "value": false
  }, 
  "name": "NOVAMAG_theory_ICCRAM_Co4V2_#139_1A",
  "properties": {
    "approach": {
      "value": "theory"
    },
    "summary": {
      "value": "crystal, energy, magnetization, MAE, coercivity, energy product"
    },
    "chemistry": {
      "chemical formula": {
        "value": "Co4V2"
      },
      "production info": {
        "value": "initial POSCAR from AFLOW library http://aflow.org/material.php?id=CoV_sv/6"
      }
    },
    "crystal": {
      "compound space group": {
        "value": 139
      },
      "unit cell volume": {
        "value": 68.111522
      },
      "lattice parameters": {
        "value": [
          2.49578,
          2.49578,
          10.93473
        ]
      },
      "lattice angles": {
        "value": [
          90.00000,
          90.00000,
          90.00000
        ]
      },
      "atomic positions": {
        "value": [
"Co1(4e)",
0.00000,
0.00000,
0.17430,
"V1(2b)",
0.00000,
0.00000,
0.50000
]
      },
      "crystal info": {
        "value": "software VASP (vasp.5.4.4), k-points mesh 24x24x5, Ecut-off=401.952 eV, PAW_PBE, Co:PAW_PBE:02Aug2007, V:PAW_PBE:08Apr2002, Pressure=0.0 kbar, temperature=0K"
      }
    },
    "thermodynamics": {
      "unit cell energy": {
        "value": -46.27885702
      },
      "unit cell formation enthalpy": {
        "value": -0.252490
      },
      "energy info": {
        "value": "software VASP (vasp.5.4.4), k-points mesh 24x24x5, Ecut-off=401.952 eV, PAW_PBE, Co:PAW_PBE:02Aug2007, V:PAW_PBE:08Apr2002, Pressure=0.0 kbar, temperature=0K"
      },
      "interatomic potentials info": {
        "value": null
      },
      "magnetic free energy": {
        "value": null
      },
      "magnetic free energy info": {
        "value": null
      }
    },
    "magnetics": {
      "unit cell spin polarization": {
        "value": 4.350
      },
      "atomic spin specie": {
        "value": [
"1 Co",
1.167,
"2 Co",
1.167,
"3 Co",
1.161,
"4 Co",
1.161,
"5 V",
-0.154,
"6 V",
-0.153
]
      },
      "saturation magnetization": {
        "value": 0.744
      },
      "magnetization temperature": {
        "value": 0
      },
      "magnetization info": {
        "value": "software VASP (vasp.5.4.4), k-points mesh 24x24x5, Ecut-off=401.952 eV, PAW_PBE, Co:PAW_PBE:02Aug2007, V:PAW_PBE:08Apr2002, Pressure=0.0 kbar, temperature=0K"
      },
      "magnetocrystalline anisotropy energy": {
        "value": [
0.0000000000000000,0,1.0000000000000000,-46.31681853,0.2588190451025207,0,0.9659258262890683,-46.31680193,0.5000000000000000,0,0.8660254037844386,-46.31675609,0.7071067811865476,0,0.7071067811865476,-46.31669238,0.8660254037844386,0,0.5000000000000000,-46.31662859,1.0000000000000000,0,0.0000000000000000,-46.31656777]
      },
      "anisotropy energy type": {
        "value": "uniaxial"
      },
      "magnetocrystalline anisotropy constants": {
        "value": [
0.597,-0.005]
      },
      "kind of anisotropy": {
        "value": "easy axis"
      },
      "anisotropy info": {
        "value": "software VASP (vasp.5.4.4) with spin-orbit coupling, k-points mesh 24x24x5, Ecut-off=401.952 eV, PAW_PBE, Co:PAW_PBE:02Aug2007, V:PAW_PBE:08Apr2002, Pressure=0.0 kbar, temperature=0K"
      },
      "exchange integrals": {
        "value": null
      },
      "exchange info": {
        "value": null
      },
      "magnetic order": {
        "value": null
      },
      "curie temperature": {
        "value": null
      },
      "curie temperature info": {
        "value": null
      },
      "anisotropy field": {
        "value": 1.983
      },
      "remanence": {
        "value": 0.744
      },
      "coercivity": {
        "value": 1.983
      },
      "energy product": {
        "value": 110.122
      },
      "hysteresis info": {
        "value": "Stoner-Wohlfarth model without shape anisotropy, perfectly rectangular hysteresis loop, temperature = 0 K. Remanence equals to saturation magnetization (Ms). Anisotropy field: mu_0*Hk=(2*K_1+4*K_2)/Ms, where mu_0 is the vacuum permeability. Coercivity: Hc=Hk. Maximum energy product (upper limit)=(1/4)*mu_0*Ms^2, note this value can only be reached if the demagnetization factor is D=0.5 and Hc>0.5*Ms."
      },
      "domain wall width": {
        "value": null
      },
      "domain wall info": {
        "value": null
      },
      "exchange stiffness": {
        "value": null
      },
      "exchange stiffness info": {
        "value": null
      }
    },
    "additional information": {
      "authors": {
        "value": ["ICCRAM"]
      },
      "reference": {
        "value": "S. Curtarolo et al. Computational Materials Science 58 (2012) 218-226"
      },
      "comments": {
        "value": "Hardness parameter=1.164"
      },
      "attached files": {
        "value": [
"Co4V2_#139_1A.cif",
"CONTCAR_Co4V2_#139_1A",
"Co4V2_#139_1A.png"
]
      },
      "attached files info": {
        "value": null
      }
    }
  }
}
