{
  "confidential": {
  "value": false
  }, 
  "name": "NOVAMAG_theory_ICCRAM_Co6V2_#123_1A",
  "properties": {
    "approach": {
      "value": "theory"
    },
    "summary": {
      "value": "crystal, energy, magnetization, MAE, coercivity, energy product"
    },
    "chemistry": {
      "chemical formula": {
        "value": "Co6V2"
      },
      "production info": {
        "value": "initial POSCAR from AFLOW library http://aflow.org/material.php?id=CoV_sv/72"
      }
    },
    "crystal": {
      "compound space group": {
        "value": 123
      },
      "unit cell volume": {
        "value": 89.677570
      },
      "lattice parameters": {
        "value": [
          2.51107,
          2.51107,
          7.11109
        ]
      },
      "lattice angles": {
        "value": [
          90.00000,
          90.00000,
          90.00000
        ]
      },
      "atomic positions": {
        "value": [
"Co1(2g)",
0.00000,
0.00000,
0.73968,
"Co2(1d)",
0.50000,
0.50000,
0.50000,
"V1(1c)",
0.50000,
0.50000,
0.00000
]
      },
      "crystal info": {
        "value": "software VASP (vasp.5.4.4), k-points mesh 17x17x8, Ecut-off=401.952 eV, PAW_PBE, Co:PAW_PBE:02Aug2007, V:PAW_PBE:08Apr2002, Pressure=0.0 kbar, temperature=0K"
      }
    },
    "thermodynamics": {
      "unit cell energy": {
        "value": -60.16836757
      },
      "unit cell formation enthalpy": {
        "value": -0.070027
      },
      "energy info": {
        "value": "software VASP (vasp.5.4.4), k-points mesh 17x17x8, Ecut-off=401.952 eV, PAW_PBE, Co:PAW_PBE:02Aug2007, V:PAW_PBE:08Apr2002, Pressure=0.0 kbar, temperature=0K"
      },
      "interatomic potentials info": {
        "value": null
      },
      "magnetic free energy": {
        "value": null
      },
      "magnetic free energy info": {
        "value": null
      }
    },
    "magnetics": {
      "unit cell spin polarization": {
        "value": 6.934
      },
      "atomic spin specie": {
        "value": [
"1 Co",
1.092,
"2 Co",
1.092,
"3 Co",
1.092,
"4 Co",
1.092,
"5 Co",
1.585,
"6 Co",
1.585,
"7 V",
-0.303,
"8 V",
-0.303
]
      },
      "saturation magnetization": {
        "value": 0.901
      },
      "magnetization temperature": {
        "value": 0
      },
      "magnetization info": {
        "value": "software VASP (vasp.5.4.4), k-points mesh 17x17x8, Ecut-off=401.952 eV, PAW_PBE, Co:PAW_PBE:02Aug2007, V:PAW_PBE:08Apr2002, Pressure=0.0 kbar, temperature=0K"
      },
      "magnetocrystalline anisotropy energy": {
        "value": [
0.0000000000000000,0,1.0000000000000000,-60.22458338,0.2588190451025207,0,0.9659258262890683,-60.22456231,0.5000000000000000,0,0.8660254037844386,-60.22451026,0.7071067811865476,0,0.7071067811865476,-60.22444355,0.8660254037844386,0,0.5000000000000000,-60.22437982,1.0000000000000000,0,0.0000000000000000,-60.22431313]
      },
      "anisotropy energy type": {
        "value": "uniaxial"
      },
      "magnetocrystalline anisotropy constants": {
        "value": [
0.518,-0.037]
      },
      "kind of anisotropy": {
        "value": "easy axis"
      },
      "anisotropy info": {
        "value": "software VASP (vasp.5.4.4) with spin-orbit coupling, k-points mesh 17x17x8, Ecut-off=401.952 eV, PAW_PBE, Co:PAW_PBE:02Aug2007, V:PAW_PBE:08Apr2002, Pressure=0.0 kbar, temperature=0K"
      },
      "exchange integrals": {
        "value": null
      },
      "exchange info": {
        "value": null
      },
      "magnetic order": {
        "value": null
      },
      "curie temperature": {
        "value": null
      },
      "curie temperature info": {
        "value": null
      },
      "anisotropy field": {
        "value": 1.239
      },
      "remanence": {
        "value": 0.901
      },
      "coercivity": {
        "value": 1.239
      },
      "energy product": {
        "value": 161.503
      },
      "hysteresis info": {
        "value": "Stoner-Wohlfarth model without shape anisotropy, perfectly rectangular hysteresis loop, temperature = 0 K. Remanence equals to saturation magnetization (Ms). Anisotropy field: mu_0*Hk=(2*K_1+4*K_2)/Ms, where mu_0 is the vacuum permeability. Coercivity: Hc=Hk. Maximum energy product (upper limit)=(1/4)*mu_0*Ms^2, note this value can only be reached if the demagnetization factor is D=0.5 and Hc>0.5*Ms."
      },
      "domain wall width": {
        "value": null
      },
      "domain wall info": {
        "value": null
      },
      "exchange stiffness": {
        "value": null
      },
      "exchange stiffness info": {
        "value": null
      }
    },
    "additional information": {
      "authors": {
        "value": ["ICCRAM"]
      },
      "reference": {
        "value": "S. Curtarolo et al. Computational Materials Science 58 (2012) 218-226"
      },
      "comments": {
        "value": "Hardness parameter=0.895"
      },
      "attached files": {
        "value": [
"Co6V2_#123_1A.cif",
"CONTCAR_Co6V2_#123_1A",
"Co6V2_#123_1A.png"
]
      },
      "attached files info": {
        "value": null
      }
    }
  }
}
