{
  "confidential": {
  "value": false
  }, 
  "name": "NOVAMAG_theory_ICCRAM_Co8V2_#87_1A",
  "properties": {
    "approach": {
      "value": "theory"
    },
    "summary": {
      "value": "crystal, energy, magnetization, MAE"
    },
    "chemistry": {
      "chemical formula": {
        "value": "Co8V2"
      },
      "production info": {
        "value": "initial POSCAR from AFLOW library http://aflow.org/material.php?id=CoV_sv/286"
      }
    },
    "crystal": {
      "compound space group": {
        "value": 87
      },
      "unit cell volume": {
        "value": 110.542969
      },
      "lattice parameters": {
        "value": [
          5.62093,
          5.62093,
          3.49877
        ]
      },
      "lattice angles": {
        "value": [
          90.00000,
          90.00000,
          90.00000
        ]
      },
      "atomic positions": {
        "value": [
"Co1(8h)",
0.59684,
0.19575,
0.00000,
"V1(2a)",
0.00000,
0.00000,
0.00000
]
      },
      "crystal info": {
        "value": "software VASP (vasp.5.4.4), k-points mesh 11x11x17, Ecut-off=401.952 eV, PAW_PBE, Co:PAW_PBE:02Aug2007, V:PAW_PBE:08Apr2002, Pressure=0.0 kbar, temperature=0K"
      }
    },
    "thermodynamics": {
      "unit cell energy": {
        "value": -74.65934731
      },
      "unit cell formation enthalpy": {
        "value": -0.489034
      },
      "energy info": {
        "value": "software VASP (vasp.5.4.4), k-points mesh 11x11x17, Ecut-off=401.952 eV, PAW_PBE, Co:PAW_PBE:02Aug2007, V:PAW_PBE:08Apr2002, Pressure=0.0 kbar, temperature=0K"
      },
      "interatomic potentials info": {
        "value": null
      },
      "magnetic free energy": {
        "value": null
      },
      "magnetic free energy info": {
        "value": null
      }
    },
    "magnetics": {
      "unit cell spin polarization": {
        "value": 8.819
      },
      "atomic spin specie": {
        "value": [
"1 Co",
1.275,
"2 Co",
1.275,
"3 Co",
1.275,
"4 Co",
1.275,
"5 Co",
1.275,
"6 Co",
1.275,
"7 Co",
1.275,
"8 Co",
1.275,
"9 V",
-0.691,
"10 V",
-0.691
]
      },
      "saturation magnetization": {
        "value": 0.929
      },
      "magnetization temperature": {
        "value": 0
      },
      "magnetization info": {
        "value": "software VASP (vasp.5.4.4), k-points mesh 11x11x17, Ecut-off=401.952 eV, PAW_PBE, Co:PAW_PBE:02Aug2007, V:PAW_PBE:08Apr2002, Pressure=0.0 kbar, temperature=0K"
      },
      "magnetocrystalline anisotropy energy": {
        "value": [
0.0000000000000000,0,1.0000000000000000,-74.73206547,0.2588190451025207,0,0.9659258262890683,-74.73208288,0.5000000000000000,0,0.8660254037844386,-74.73213080,0.7071067811865476,0,0.7071067811865476,-74.73219574,0.8660254037844386,0,0.5000000000000000,-74.73225981,1.0000000000000000,0,0.0000000000000000,-74.73232550]
      },
      "anisotropy energy type": {
        "value": "uniaxial"
      },
      "magnetocrystalline anisotropy constants": {
        "value": [
-0.378,0.002]
      },
      "kind of anisotropy": {
        "value": "easy plane"
      },
      "anisotropy info": {
        "value": "software VASP (vasp.5.4.4) with spin-orbit coupling, k-points mesh 11x11x17, Ecut-off=401.952 eV, PAW_PBE, Co:PAW_PBE:02Aug2007, V:PAW_PBE:08Apr2002, Pressure=0.0 kbar, temperature=0K"
      },
      "exchange integrals": {
        "value": null
      },
      "exchange info": {
        "value": null
      },
      "magnetic order": {
        "value": null
      },
      "curie temperature": {
        "value": null
      },
      "curie temperature info": {
        "value": null
      },
      "anisotropy field": {
        "value": null
      },
      "remanence": {
        "value": null
      },
      "coercivity": {
        "value": null
      },
      "energy product": {
        "value": null
      },
      "hysteresis info": {
        "value": null
      },
      "domain wall width": {
        "value": null
      },
      "domain wall info": {
        "value": null
      },
      "exchange stiffness": {
        "value": null
      },
      "exchange stiffness info": {
        "value": null
      }
    },
    "additional information": {
      "authors": {
        "value": ["ICCRAM"]
      },
      "reference": {
        "value": "S. Curtarolo et al. Computational Materials Science 58 (2012) 218-226"
      },
      "comments": {
        "value": null
      },
      "attached files": {
        "value": [
"Co8V2_#87_1A.cif",
"CONTCAR_Co8V2_#87_1A",
"Co8V2_#87_1A.png"
]
      },
      "attached files info": {
        "value": null
      }
    }
  }
}
