{
  "confidential": {
  "value": false
  }, 
  "name": "NOVAMAG_theory_ICCRAM_Fe3Zr1_#123_1A",
  "properties": {
    "approach": {
      "value": "theory"
    },
    "summary": {
      "value": "crystal, energy, magnetization, MAE"
    },
    "chemistry": {
      "chemical formula": {
        "value": "Fe3Zr1"
      },
      "production info": {
        "value": "initial POSCAR from AFLOW library http://aflow.org/material.php?id=Fe_pvZr_sv/83"
      }
    },
    "crystal": {
      "compound space group": {
        "value": 123
      },
      "unit cell volume": {
        "value": 55.100495
      },
      "lattice parameters": {
        "value": [
          4.11402,
          4.11402,
          3.25553
        ]
      },
      "lattice angles": {
        "value": [
          90.00000,
          90.00000,
          90.00000
        ]
      },
      "atomic positions": {
        "value": [
"Fe1(2f)",
0.00000,
0.50000,
0.00000,
"Fe2(1b)",
0.00000,
0.00000,
0.50000,
"Zr1(1d)",
0.50000,
0.50000,
0.50000
]
      },
      "crystal info": {
        "value": "software VASP (vasp.5.4.4), k-points mesh 15x15x18, Ecut-off=401.823 eV, PAW_PBE, Fe:PAW_PBE:06Sep2000, Zr_sv:PAW_PBE:04Jan2005, Pressure=0.0 kbar, temperature=0K"
      }
    },
    "thermodynamics": {
      "unit cell energy": {
        "value": -33.39335164
      },
      "unit cell formation enthalpy": {
        "value": -0.161879
      },
      "energy info": {
        "value": "software VASP (vasp.5.4.4), k-points mesh 15x15x18, Ecut-off=401.823 eV, PAW_PBE, Fe:PAW_PBE:06Sep2000, Zr_sv:PAW_PBE:04Jan2005, Pressure=0.0 kbar, temperature=0K"
      },
      "interatomic potentials info": {
        "value": null
      },
      "magnetic free energy": {
        "value": null
      },
      "magnetic free energy info": {
        "value": null
      }
    },
    "magnetics": {
      "unit cell spin polarization": {
        "value": 5.711
      },
      "atomic spin specie": {
        "value": [
"1 Fe",
1.827,
"2 Fe",
1.827,
"3 Fe",
2.500,
"4 Zr",
-0.444
]
      },
      "saturation magnetization": {
        "value": 1.207
      },
      "magnetization temperature": {
        "value": 0
      },
      "magnetization info": {
        "value": "software VASP (vasp.5.4.4), k-points mesh 15x15x18, Ecut-off=401.823 eV, PAW_PBE, Fe:PAW_PBE:06Sep2000, Zr_sv:PAW_PBE:04Jan2005, Pressure=0.0 kbar, temperature=0K"
      },
      "magnetocrystalline anisotropy energy": {
        "value": [
0.0000000000000000,0,1.0000000000000000,-33.48709807,0.2588190451025207,0,0.9659258262890683,-33.48711359,0.5000000000000000,0,0.8660254037844386,-33.48716139,0.7071067811865476,0,0.7071067811865476,-33.48722858,0.8660254037844386,0,0.5000000000000000,-33.48730043,1.0000000000000000,0,0.0000000000000000,-33.48737477]
      },
      "anisotropy energy type": {
        "value": "uniaxial"
      },
      "magnetocrystalline anisotropy constants": {
        "value": [
-0.713,-0.093]
      },
      "kind of anisotropy": {
        "value": "easy plane"
      },
      "anisotropy info": {
        "value": "software VASP (vasp.5.4.4) with spin-orbit coupling, k-points mesh 15x15x18, Ecut-off=401.823 eV, PAW_PBE, Fe:PAW_PBE:06Sep2000, Zr_sv:PAW_PBE:04Jan2005, Pressure=0.0 kbar, temperature=0K"
      },
      "exchange integrals": {
        "value": null
      },
      "exchange info": {
        "value": null
      },
      "magnetic order": {
        "value": null
      },
      "curie temperature": {
        "value": null
      },
      "curie temperature info": {
        "value": null
      },
      "anisotropy field": {
        "value": null
      },
      "remanence": {
        "value": null
      },
      "coercivity": {
        "value": null
      },
      "energy product": {
        "value": null
      },
      "hysteresis info": {
        "value": null
      },
      "domain wall width": {
        "value": null
      },
      "domain wall info": {
        "value": null
      },
      "exchange stiffness": {
        "value": null
      },
      "exchange stiffness info": {
        "value": null
      }
    },
    "additional information": {
      "authors": {
        "value": ["ICCRAM"]
      },
      "reference": {
        "value": "S. Curtarolo et al. Computational Materials Science 58 (2012) 218-226"
      },
      "comments": {
        "value": null
      },
      "attached files": {
        "value": [
"Fe3Zr1_#123_1A.cif",
"CONTCAR_Fe3Zr1_#123_1A",
"Fe3Zr1_#123_1A.png"
]
      },
      "attached files info": {
        "value": null
      }
    }
  }
}
