{
  "confidential": {
  "value": false
  }, 
  "name": "NOVAMAG_theory_ICCRAM_Fe4Zr2_#139_1A",
  "properties": {
    "approach": {
      "value": "theory"
    },
    "summary": {
      "value": "crystal, energy, magnetization, MAE, coercivity, energy product"
    },
    "chemistry": {
      "chemical formula": {
        "value": "Fe4Zr2"
      },
      "production info": {
        "value": "initial POSCAR from AFLOW library http://aflow.org/material.php?id=Fe_pvZr_sv/8"
      }
    },
    "crystal": {
      "compound space group": {
        "value": 139
      },
      "unit cell volume": {
        "value": 89.752331
      },
      "lattice parameters": {
        "value": [
          3.10970,
          3.10970,
          9.28129
        ]
      },
      "lattice angles": {
        "value": [
          90.00000,
          90.00000,
          90.00000
        ]
      },
      "atomic positions": {
        "value": [
"Fe1(4e)",
0.00000,
0.00000,
0.68328,
"Zr1(2a)",
0.00000,
0.00000,
0.00000
]
      },
      "crystal info": {
        "value": "software VASP (vasp.5.4.4), k-points mesh 19x19x6, Ecut-off=401.823 eV, PAW_PBE, Fe:PAW_PBE:06Sep2000, Zr_sv:PAW_PBE:04Jan2005, Pressure=0.0 kbar, temperature=0K"
      }
    },
    "thermodynamics": {
      "unit cell energy": {
        "value": -50.22918051
      },
      "unit cell formation enthalpy": {
        "value": -0.240619
      },
      "energy info": {
        "value": "software VASP (vasp.5.4.4), k-points mesh 19x19x6, Ecut-off=401.823 eV, PAW_PBE, Fe:PAW_PBE:06Sep2000, Zr_sv:PAW_PBE:04Jan2005, Pressure=0.0 kbar, temperature=0K"
      },
      "interatomic potentials info": {
        "value": null
      },
      "magnetic free energy": {
        "value": null
      },
      "magnetic free energy info": {
        "value": null
      }
    },
    "magnetics": {
      "unit cell spin polarization": {
        "value": 8.183
      },
      "atomic spin specie": {
        "value": [
"1 Fe",
2.226,
"2 Fe",
2.227,
"3 Fe",
2.228,
"4 Fe",
2.228,
"5 Zr",
-0.363,
"6 Zr",
-0.362
]
      },
      "saturation magnetization": {
        "value": 1.062
      },
      "magnetization temperature": {
        "value": 0
      },
      "magnetization info": {
        "value": "software VASP (vasp.5.4.4), k-points mesh 19x19x6, Ecut-off=401.823 eV, PAW_PBE, Fe:PAW_PBE:06Sep2000, Zr_sv:PAW_PBE:04Jan2005, Pressure=0.0 kbar, temperature=0K"
      },
      "magnetocrystalline anisotropy energy": {
        "value": [
0.0000000000000000,0,1.0000000000000000,-50.40354101,0.2588190451025207,0,0.9659258262890683,-50.40351155,0.5000000000000000,0,0.8660254037844386,-50.40342703,0.7071067811865476,0,0.7071067811865476,-50.40331134,0.8660254037844386,0,0.5000000000000000,-50.40319212,1.0000000000000000,0,0.0000000000000000,-50.40305866]
      },
      "anisotropy energy type": {
        "value": "uniaxial"
      },
      "magnetocrystalline anisotropy constants": {
        "value": [
0.778,0.078]
      },
      "kind of anisotropy": {
        "value": "easy axis"
      },
      "anisotropy info": {
        "value": "software VASP (vasp.5.4.4) with spin-orbit coupling, k-points mesh 19x19x6, Ecut-off=401.823 eV, PAW_PBE, Fe:PAW_PBE:06Sep2000, Zr_sv:PAW_PBE:04Jan2005, Pressure=0.0 kbar, temperature=0K"
      },
      "exchange integrals": {
        "value": null
      },
      "exchange info": {
        "value": null
      },
      "magnetic order": {
        "value": null
      },
      "curie temperature": {
        "value": null
      },
      "curie temperature info": {
        "value": null
      },
      "anisotropy field": {
        "value": 2.210
      },
      "remanence": {
        "value": 1.062
      },
      "coercivity": {
        "value": 2.210
      },
      "energy product": {
        "value": 224.377
      },
      "hysteresis info": {
        "value": "Stoner-Wohlfarth model without shape anisotropy, perfectly rectangular hysteresis loop, temperature = 0 K. Remanence equals to saturation magnetization (Ms). Anisotropy field: mu_0*Hk=(2*K_1+4*K_2)/Ms, where mu_0 is the vacuum permeability. Coercivity: Hc=Hk. Maximum energy product (upper limit)=(1/4)*mu_0*Ms^2, note this value can only be reached if the demagnetization factor is D=0.5 and Hc>0.5*Ms."
      },
      "domain wall width": {
        "value": null
      },
      "domain wall info": {
        "value": null
      },
      "exchange stiffness": {
        "value": null
      },
      "exchange stiffness info": {
        "value": null
      }
    },
    "additional information": {
      "authors": {
        "value": ["ICCRAM"]
      },
      "reference": {
        "value": "S. Curtarolo et al. Computational Materials Science 58 (2012) 218-226"
      },
      "comments": {
        "value": "Hardness parameter=0.931"
      },
      "attached files": {
        "value": [
"Fe4Zr2_#139_1A.cif",
"CONTCAR_Fe4Zr2_#139_1A",
"Fe4Zr2_#139_1A.png"
]
      },
      "attached files info": {
        "value": null
      }
    }
  }
}
