{
  "confidential": {
  "value": false
  }, 
  "name": "NOVAMAG_theory_ICCRAM_Fe5Zr1_#191_1A",
  "properties": {
    "approach": {
      "value": "theory"
    },
    "summary": {
      "value": "crystal, energy, magnetization, MAE"
    },
    "chemistry": {
      "chemical formula": {
        "value": "Fe5Zr1"
      },
      "production info": {
        "value": "initial POSCAR from AFLOW library http://aflow.org/material.php?id=Fe_pvZr_sv/205"
      }
    },
    "crystal": {
      "compound space group": {
        "value": 191
      },
      "unit cell volume": {
        "value": 79.855827
      },
      "lattice parameters": {
        "value": [
          4.82438,
          4.82438,
          3.96180
        ]
      },
      "lattice angles": {
        "value": [
          90.00000,
          90.00000,
          120.00000
        ]
      },
      "atomic positions": {
        "value": [
"Fe1(3g)",
0.50000,
0.00000,
0.50000,
"Fe2(2c)",
0.33333,
0.66667,
0.00000,
"Zr1(1a)",
0.00000,
0.00000,
0.00000
]
      },
      "crystal info": {
        "value": "software VASP (vasp.5.4.4), k-points mesh 14x14x15, Ecut-off=401.823 eV, PAW_PBE, Fe:PAW_PBE:06Sep2000, Zr_sv:PAW_PBE:04Jan2005, Pressure=0.0 kbar, temperature=0K"
      }
    },
    "thermodynamics": {
      "unit cell energy": {
        "value": -50.28551203
      },
      "unit cell formation enthalpy": {
        "value": -0.579657
      },
      "energy info": {
        "value": "software VASP (vasp.5.4.4), k-points mesh 14x14x15, Ecut-off=401.823 eV, PAW_PBE, Fe:PAW_PBE:06Sep2000, Zr_sv:PAW_PBE:04Jan2005, Pressure=0.0 kbar, temperature=0K"
      },
      "interatomic potentials info": {
        "value": null
      },
      "magnetic free energy": {
        "value": null
      },
      "magnetic free energy info": {
        "value": null
      }
    },
    "magnetics": {
      "unit cell spin polarization": {
        "value": 9.327
      },
      "atomic spin specie": {
        "value": [
"1 Fe",
1.905,
"2 Fe",
1.905,
"3 Fe",
1.905,
"4 Fe",
1.994,
"5 Fe",
1.994,
"6 Zr",
-0.377
]
      },
      "saturation magnetization": {
        "value": 1.360
      },
      "magnetization temperature": {
        "value": 0
      },
      "magnetization info": {
        "value": "software VASP (vasp.5.4.4), k-points mesh 14x14x15, Ecut-off=401.823 eV, PAW_PBE, Fe:PAW_PBE:06Sep2000, Zr_sv:PAW_PBE:04Jan2005, Pressure=0.0 kbar, temperature=0K"
      },
      "magnetocrystalline anisotropy energy": {
        "value": [
0.0000000000000000,0,1.0000000000000000,-50.39085825,0.2588190451025207,0,0.9659258262890683,-50.39095163,0.5000000000000000,0,0.8660254037844386,-50.39120976,0.7071067811865476,0,0.7071067811865476,-50.39156669,0.8660254037844386,0,0.5000000000000000,-50.39192745,1.0000000000000000,0,0.0000000000000000,-50.39229167]
      },
      "anisotropy energy type": {
        "value": "uniaxial"
      },
      "magnetocrystalline anisotropy constants": {
        "value": [
-2.808,-0.068]
      },
      "kind of anisotropy": {
        "value": "easy plane"
      },
      "anisotropy info": {
        "value": "software VASP (vasp.5.4.4) with spin-orbit coupling, k-points mesh 14x14x15, Ecut-off=401.823 eV, PAW_PBE, Fe:PAW_PBE:06Sep2000, Zr_sv:PAW_PBE:04Jan2005, Pressure=0.0 kbar, temperature=0K"
      },
      "exchange integrals": {
        "value": null
      },
      "exchange info": {
        "value": null
      },
      "magnetic order": {
        "value": null
      },
      "curie temperature": {
        "value": null
      },
      "curie temperature info": {
        "value": null
      },
      "anisotropy field": {
        "value": null
      },
      "remanence": {
        "value": null
      },
      "coercivity": {
        "value": null
      },
      "energy product": {
        "value": null
      },
      "hysteresis info": {
        "value": null
      },
      "domain wall width": {
        "value": null
      },
      "domain wall info": {
        "value": null
      },
      "exchange stiffness": {
        "value": null
      },
      "exchange stiffness info": {
        "value": null
      }
    },
    "additional information": {
      "authors": {
        "value": ["ICCRAM"]
      },
      "reference": {
        "value": "S. Curtarolo et al. Computational Materials Science 58 (2012) 218-226"
      },
      "comments": {
        "value": null
      },
      "attached files": {
        "value": [
"Fe5Zr1_#191_1A.cif",
"CONTCAR_Fe5Zr1_#191_1A",
"Fe5Zr1_#191_1A.png"
]
      },
      "attached files info": {
        "value": null
      }
    }
  }
}
