{
  "confidential": {
  "value": false
  }, 
  "name": "NOVAMAG_theory_ICCRAM_Fe8Zr4_#194_1A",
  "properties": {
    "approach": {
      "value": "theory"
    },
    "summary": {
      "value": "crystal, energy, magnetization, MAE"
    },
    "chemistry": {
      "chemical formula": {
        "value": "Fe8Zr4"
      },
      "production info": {
        "value": "initial POSCAR from AFLOW library http://aflow.org/material.php?id=Fe_pvZr_sv/179"
      }
    },
    "crystal": {
      "compound space group": {
        "value": 194
      },
      "unit cell volume": {
        "value": 173.683751
      },
      "lattice parameters": {
        "value": [
          4.97658,
          4.97658,
          8.09780
        ]
      },
      "lattice angles": {
        "value": [
          90.00000,
          90.00000,
          120.00000
        ]
      },
      "atomic positions": {
        "value": [
"Fe1(2a)",
0.00000,
0.00000,
0.00000,
"Fe2(6h)",
0.83225,
0.66450,
0.25000,
"Zr1(4f)",
0.33333,
0.66667,
0.06185
]
      },
      "crystal info": {
        "value": "software VASP (vasp.5.4.4), k-points mesh 14x14x7, Ecut-off=401.823 eV, PAW_PBE, Fe:PAW_PBE:06Sep2000, Zr_sv:PAW_PBE:04Jan2005, Pressure=0.0 kbar, temperature=0K"
      }
    },
    "thermodynamics": {
      "unit cell energy": {
        "value": -103.31801701
      },
      "unit cell formation enthalpy": {
        "value": -3.340893
      },
      "energy info": {
        "value": "software VASP (vasp.5.4.4), k-points mesh 14x14x7, Ecut-off=401.823 eV, PAW_PBE, Fe:PAW_PBE:06Sep2000, Zr_sv:PAW_PBE:04Jan2005, Pressure=0.0 kbar, temperature=0K"
      },
      "interatomic potentials info": {
        "value": null
      },
      "magnetic free energy": {
        "value": null
      },
      "magnetic free energy info": {
        "value": null
      }
    },
    "magnetics": {
      "unit cell spin polarization": {
        "value": 13.448
      },
      "atomic spin specie": {
        "value": [
"1 Fe",
1.917,
"2 Fe",
1.917,
"3 Fe",
1.886,
"4 Fe",
1.886,
"5 Fe",
1.886,
"6 Fe",
1.886,
"7 Fe",
1.886,
"8 Fe",
1.886,
"9 Zr",
-0.426,
"10 Zr",
-0.426,
"11 Zr",
-0.426,
"12 Zr",
-0.426
]
      },
      "saturation magnetization": {
        "value": 0.902
      },
      "magnetization temperature": {
        "value": 0
      },
      "magnetization info": {
        "value": "software VASP (vasp.5.4.4), k-points mesh 14x14x7, Ecut-off=401.823 eV, PAW_PBE, Fe:PAW_PBE:06Sep2000, Zr_sv:PAW_PBE:04Jan2005, Pressure=0.0 kbar, temperature=0K"
      },
      "magnetocrystalline anisotropy energy": {
        "value": [
0.0000000000000000,0,1.0000000000000000,-103.66604892,0.2588190451025207,0,0.9659258262890683,-103.66607888,0.5000000000000000,0,0.8660254037844386,-103.66616005,0.7071067811865476,0,0.7071067811865476,-103.66626969,0.8660254037844386,0,0.5000000000000000,-103.66637867,1.0000000000000000,0,0.0000000000000000,-103.66648786]
      },
      "anisotropy energy type": {
        "value": "uniaxial"
      },
      "magnetocrystalline anisotropy constants": {
        "value": [
-0.410,0.005]
      },
      "kind of anisotropy": {
        "value": "easy plane"
      },
      "anisotropy info": {
        "value": "software VASP (vasp.5.4.4) with spin-orbit coupling, k-points mesh 14x14x7, Ecut-off=401.823 eV, PAW_PBE, Fe:PAW_PBE:06Sep2000, Zr_sv:PAW_PBE:04Jan2005, Pressure=0.0 kbar, temperature=0K"
      },
      "exchange integrals": {
        "value": null
      },
      "exchange info": {
        "value": null
      },
      "magnetic order": {
        "value": null
      },
      "curie temperature": {
        "value": null
      },
      "curie temperature info": {
        "value": null
      },
      "anisotropy field": {
        "value": null
      },
      "remanence": {
        "value": null
      },
      "coercivity": {
        "value": null
      },
      "energy product": {
        "value": null
      },
      "hysteresis info": {
        "value": null
      },
      "domain wall width": {
        "value": null
      },
      "domain wall info": {
        "value": null
      },
      "exchange stiffness": {
        "value": null
      },
      "exchange stiffness info": {
        "value": null
      }
    },
    "additional information": {
      "authors": {
        "value": ["ICCRAM"]
      },
      "reference": {
        "value": "S. Curtarolo et al. Computational Materials Science 58 (2012) 218-226"
      },
      "comments": {
        "value": null
      },
      "attached files": {
        "value": [
"Fe8Zr4_#194_1A.cif",
"CONTCAR_Fe8Zr4_#194_1A",
"Fe8Zr4_#194_1A.png"
]
      },
      "attached files info": {
        "value": null
      }
    }
  }
}
