{
  "confidential": {
  "value": false
  }, 
  "name": "NOVAMAG_theory_ICCRAM_Co8Mg4_#194_1A",
  "properties": {
    "approach": {
      "value": "theory"
    },
    "summary": {
      "value": "crystal, energy, magnetization, MAE"
    },
    "chemistry": {
      "chemical formula": {
        "value": "Co8Mg4"
      },
      "production info": {
        "value": "initial POSCAR from AFLOW library http://aflow.org/material.php?id=CoMg_pv/179"
      }
    },
    "crystal": {
      "compound space group": {
        "value": 194
      },
      "unit cell volume": {
        "value": 157.850773
      },
      "lattice parameters": {
        "value": [
          4.81726,
          4.81726,
          7.85445
        ]
      },
      "lattice angles": {
        "value": [
          90.00000,
          90.00000,
          120.00000
        ]
      },
      "atomic positions": {
        "value": [
"Co1(2a)",
0.00000,
0.00000,
0.00000,
"Co2(6h)",
0.82926,
0.65853,
0.25000,
"Mg1(4f)",
0.33333,
0.66667,
0.06328
]
      },
      "crystal info": {
        "value": "software VASP (vasp.5.4.4), k-points mesh 14x14x8, Ecut-off=401.952 eV, PAW_PBE, Co:PAW_PBE:02Aug2007, Mg:PAW_PBE:13Apr2007, Pressure=0.0 kbar, temperature=0K"
      }
    },
    "thermodynamics": {
      "unit cell energy": {
        "value": -62.67480222
      },
      "unit cell formation enthalpy": {
        "value": -0.363095
      },
      "energy info": {
        "value": "software VASP (vasp.5.4.4), k-points mesh 14x14x8, Ecut-off=401.952 eV, PAW_PBE, Co:PAW_PBE:02Aug2007, Mg:PAW_PBE:13Apr2007, Pressure=0.0 kbar, temperature=0K"
      },
      "interatomic potentials info": {
        "value": null
      },
      "magnetic free energy": {
        "value": null
      },
      "magnetic free energy info": {
        "value": null
      }
    },
    "magnetics": {
      "unit cell spin polarization": {
        "value": 11.021
      },
      "atomic spin specie": {
        "value": [
"1 Co",
1.388,
"2 Co",
1.398,
"3 Co",
1.394,
"4 Co",
1.394,
"5 Co",
1.394,
"6 Co",
1.394,
"7 Co",
1.394,
"8 Co",
1.394,
"9 Mg",
-0.033,
"10 Mg",
-0.033,
"11 Mg",
-0.033,
"12 Mg",
-0.033
]
      },
      "saturation magnetization": {
        "value": 0.813
      },
      "magnetization temperature": {
        "value": 0
      },
      "magnetization info": {
        "value": "software VASP (vasp.5.4.4), k-points mesh 14x14x8, Ecut-off=401.952 eV, PAW_PBE, Co:PAW_PBE:02Aug2007, Mg:PAW_PBE:13Apr2007, Pressure=0.0 kbar, temperature=0K"
      },
      "magnetocrystalline anisotropy energy": {
        "value": [
0.0000000000000000,0,1.0000000000000000,-62.74888602,0.2588190451025207,0,0.9659258262890683,-62.74892251,0.5000000000000000,0,0.8660254037844386,-62.74901645,0.7071067811865476,0,0.7071067811865476,-62.74912487,0.8660254037844386,0,0.5000000000000000,-62.74920718,1.0000000000000000,0,0.0000000000000000,-62.74926760]
      },
      "anisotropy energy type": {
        "value": "uniaxial"
      },
      "magnetocrystalline anisotropy constants": {
        "value": [
-0.578,0.189]
      },
      "kind of anisotropy": {
        "value": "easy plane"
      },
      "anisotropy info": {
        "value": "software VASP (vasp.5.4.4) with spin-orbit coupling, k-points mesh 14x14x8, Ecut-off=401.952 eV, PAW_PBE, Co:PAW_PBE:02Aug2007, Mg:PAW_PBE:13Apr2007, Pressure=0.0 kbar, temperature=0K"
      },
      "exchange integrals": {
        "value": null
      },
      "exchange info": {
        "value": null
      },
      "magnetic order": {
        "value": null
      },
      "curie temperature": {
        "value": null
      },
      "curie temperature info": {
        "value": null
      },
      "anisotropy field": {
        "value": null
      },
      "remanence": {
        "value": null
      },
      "coercivity": {
        "value": null
      },
      "energy product": {
        "value": null
      },
      "hysteresis info": {
        "value": null
      },
      "domain wall width": {
        "value": null
      },
      "domain wall info": {
        "value": null
      },
      "exchange stiffness": {
        "value": null
      },
      "exchange stiffness info": {
        "value": null
      }
    },
    "additional information": {
      "authors": {
        "value": ["ICCRAM"]
      },
      "reference": {
        "value": "S. Curtarolo et al. Computational Materials Science 58 (2012) 218-226"
      },
      "comments": {
        "value": null
      },
      "attached files": {
        "value": [
"Co8Mg4_#194_1A.cif",
"CONTCAR_Co8Mg4_#194_1A",
"Co8Mg4_#194_1A.png"
]
      },
      "attached files info": {
        "value": null
      }
    }
  }
}
