{
  "confidential": {
  "value": false
  }, 
  "name": "NOVAMAG_theory_ICCRAM_Co16Nb2_#139_1A",
  "properties": {
    "approach": {
      "value": "theory"
    },
    "summary": {
      "value": "crystal, energy, magnetization, MAE"
    },
    "chemistry": {
      "chemical formula": {
        "value": "Co16Nb2"
      },
      "production info": {
        "value": "initial POSCAR from AFLOW library http://aflow.org/material.php?id=CoNb_sv/311"
      }
    },
    "crystal": {
      "compound space group": {
        "value": 139
      },
      "unit cell volume": {
        "value": 207.000274
      },
      "lattice parameters": {
        "value": [
          7.61747,
          7.61747,
          3.56738
        ]
      },
      "lattice angles": {
        "value": [
          90.00000,
          90.00000,
          90.00000
        ]
      },
      "atomic positions": {
        "value": [
"Co1(8i)",
0.34120,
0.00000,
0.00000,
"Co2(8h)",
0.32484,
0.32484,
0.00000,
"Nb1(2a)",
0.00000,
0.00000,
0.00000
]
      },
      "crystal info": {
        "value": "software VASP (vasp.5.4.4), k-points mesh 8x8x17, Ecut-off=401.952 eV, PAW_PBE, Co:PAW_PBE:02Aug2007, Nb_pv:PAW_PBE:08Apr2002, Pressure=0.0 kbar, temperature=0K"
      }
    },
    "thermodynamics": {
      "unit cell energy": {
        "value": -132.73729899
      },
      "unit cell formation enthalpy": {
        "value": 0.021315
      },
      "energy info": {
        "value": "software VASP (vasp.5.4.4), k-points mesh 8x8x17, Ecut-off=401.952 eV, PAW_PBE, Co:PAW_PBE:02Aug2007, Nb_pv:PAW_PBE:08Apr2002, Pressure=0.0 kbar, temperature=0K"
      },
      "interatomic potentials info": {
        "value": null
      },
      "magnetic free energy": {
        "value": null
      },
      "magnetic free energy info": {
        "value": null
      }
    },
    "magnetics": {
      "unit cell spin polarization": {
        "value": 20.805
      },
      "atomic spin specie": {
        "value": [
"1 Co",
1.408,
"2 Co",
1.408,
"3 Co",
1.408,
"4 Co",
1.408,
"5 Co",
1.408,
"6 Co",
1.408,
"7 Co",
1.408,
"8 Co",
1.408,
"9 Co",
1.325,
"10 Co",
1.328,
"11 Co",
1.328,
"12 Co",
1.328,
"13 Co",
1.329,
"14 Co",
1.328,
"15 Co",
1.328,
"16 Co",
1.325,
"17 Nb",
-0.539,
"18 Nb",
-0.539
]
      },
      "saturation magnetization": {
        "value": 1.171
      },
      "magnetization temperature": {
        "value": 0
      },
      "magnetization info": {
        "value": "software VASP (vasp.5.4.4), k-points mesh 8x8x17, Ecut-off=401.952 eV, PAW_PBE, Co:PAW_PBE:02Aug2007, Nb_pv:PAW_PBE:08Apr2002, Pressure=0.0 kbar, temperature=0K"
      },
      "magnetocrystalline anisotropy energy": {
        "value": [
0.0000000000000000,0,1.0000000000000000,-132.98482522,0.2588190451025207,0,0.9659258262890683,-132.98483340,0.5000000000000000,0,0.8660254037844386,-132.98485756,0.7071067811865476,0,0.7071067811865476,-132.98489194,0.8660254037844386,0,0.5000000000000000,-132.98492667,1.0000000000000000,0,0.0000000000000000,-132.98495677]
      },
      "anisotropy energy type": {
        "value": "uniaxial"
      },
      "magnetocrystalline anisotropy constants": {
        "value": [
-0.104,0.001]
      },
      "kind of anisotropy": {
        "value": "easy plane"
      },
      "anisotropy info": {
        "value": "software VASP (vasp.5.4.4) with spin-orbit coupling, k-points mesh 8x8x17, Ecut-off=401.952 eV, PAW_PBE, Co:PAW_PBE:02Aug2007, Nb_pv:PAW_PBE:08Apr2002, Pressure=0.0 kbar, temperature=0K"
      },
      "exchange integrals": {
        "value": null
      },
      "exchange info": {
        "value": null
      },
      "magnetic order": {
        "value": null
      },
      "curie temperature": {
        "value": null
      },
      "curie temperature info": {
        "value": null
      },
      "anisotropy field": {
        "value": null
      },
      "remanence": {
        "value": null
      },
      "coercivity": {
        "value": null
      },
      "energy product": {
        "value": null
      },
      "hysteresis info": {
        "value": null
      },
      "domain wall width": {
        "value": null
      },
      "domain wall info": {
        "value": null
      },
      "exchange stiffness": {
        "value": null
      },
      "exchange stiffness info": {
        "value": null
      }
    },
    "additional information": {
      "authors": {
        "value": ["ICCRAM"]
      },
      "reference": {
        "value": "S. Curtarolo et al. Computational Materials Science 58 (2012) 218-226"
      },
      "comments": {
        "value": null
      },
      "attached files": {
        "value": [
"Co16Nb2_#139_1A.cif",
"CONTCAR_Co16Nb2_#139_1A",
"Co16Nb2_#139_1A.png"
]
      },
      "attached files info": {
        "value": null
      }
    }
  }
}
