{
  "confidential": {
  "value": false
  }, 
  "name": "NOVAMAG_theory_ICCRAM_Co5Nb1_#189_1A",
  "properties": {
    "approach": {
      "value": "theory"
    },
    "summary": {
      "value": "crystal, energy, magnetization, MAE, coercivity, energy product"
    },
    "chemistry": {
      "chemical formula": {
        "value": "Co5Nb1"
      },
      "production info": {
        "value": "initial POSCAR from AFLOW library http://aflow.org/material.php?id=CoNb_sv/473"
      }
    },
    "crystal": {
      "compound space group": {
        "value": 189
      },
      "unit cell volume": {
        "value": 70.451271
      },
      "lattice parameters": {
        "value": [
          4.47917,
          4.47917,
          4.05474
        ]
      },
      "lattice angles": {
        "value": [
          90.00000,
          90.00000,
          120.00000
        ]
      },
      "atomic positions": {
        "value": [
"Co1(3f)",
0.63125,
0.00000,
0.00000,
"Co2(2d)",
0.33333,
0.66667,
0.50000,
"Nb1(1b)",
0.00000,
0.00000,
0.50000
]
      },
      "crystal info": {
        "value": "software VASP (vasp.5.4.4), k-points mesh 15x15x15, Ecut-off=401.952 eV, PAW_PBE, Co:PAW_PBE:02Aug2007, Nb_pv:PAW_PBE:08Apr2002, Pressure=0.0 kbar, temperature=0K"
      }
    },
    "thermodynamics": {
      "unit cell energy": {
        "value": -45.41536167
      },
      "unit cell formation enthalpy": {
        "value": -0.144014
      },
      "energy info": {
        "value": "software VASP (vasp.5.4.4), k-points mesh 15x15x15, Ecut-off=401.952 eV, PAW_PBE, Co:PAW_PBE:02Aug2007, Nb_pv:PAW_PBE:08Apr2002, Pressure=0.0 kbar, temperature=0K"
      },
      "interatomic potentials info": {
        "value": null
      },
      "magnetic free energy": {
        "value": null
      },
      "magnetic free energy info": {
        "value": null
      }
    },
    "magnetics": {
      "unit cell spin polarization": {
        "value": 4.425
      },
      "atomic spin specie": {
        "value": [
"1 Co",
0.963,
"2 Co",
0.963,
"3 Co",
0.963,
"4 Co",
1.012,
"5 Co",
1.012,
"6 Nb",
-0.489
]
      },
      "saturation magnetization": {
        "value": 0.732
      },
      "magnetization temperature": {
        "value": 0
      },
      "magnetization info": {
        "value": "software VASP (vasp.5.4.4), k-points mesh 15x15x15, Ecut-off=401.952 eV, PAW_PBE, Co:PAW_PBE:02Aug2007, Nb_pv:PAW_PBE:08Apr2002, Pressure=0.0 kbar, temperature=0K"
      },
      "magnetocrystalline anisotropy energy": {
        "value": [
0.0000000000000000,0,1.0000000000000000,-45.51428790,0.2588190451025207,0,0.9659258262890683,-45.51426802,0.5000000000000000,0,0.8660254037844386,-45.51421458,0.7071067811865476,0,0.7071067811865476,-45.51414186,0.8660254037844386,0,0.5000000000000000,-45.51406979,1.0000000000000000,0,0.0000000000000000,-45.51399817]
      },
      "anisotropy energy type": {
        "value": "uniaxial"
      },
      "magnetocrystalline anisotropy constants": {
        "value": [
0.670,-0.011]
      },
      "kind of anisotropy": {
        "value": "easy axis"
      },
      "anisotropy info": {
        "value": "software VASP (vasp.5.4.4) with spin-orbit coupling, k-points mesh 15x15x15, Ecut-off=401.952 eV, PAW_PBE, Co:PAW_PBE:02Aug2007, Nb_pv:PAW_PBE:08Apr2002, Pressure=0.0 kbar, temperature=0K"
      },
      "exchange integrals": {
        "value": null
      },
      "exchange info": {
        "value": null
      },
      "magnetic order": {
        "value": null
      },
      "curie temperature": {
        "value": null
      },
      "curie temperature info": {
        "value": null
      },
      "anisotropy field": {
        "value": 2.225
      },
      "remanence": {
        "value": 0.732
      },
      "coercivity": {
        "value": 2.225
      },
      "energy product": {
        "value": 106.599
      },
      "hysteresis info": {
        "value": "Stoner-Wohlfarth model without shape anisotropy, perfectly rectangular hysteresis loop, temperature = 0 K. Remanence equals to saturation magnetization (Ms). Anisotropy field: mu_0*Hk=(2*K_1+4*K_2)/Ms, where mu_0 is the vacuum permeability. Coercivity: Hc=Hk. Maximum energy product (upper limit)=(1/4)*mu_0*Ms^2, note this value can only be reached if the demagnetization factor is D=0.5 and Hc>0.5*Ms."
      },
      "domain wall width": {
        "value": null
      },
      "domain wall info": {
        "value": null
      },
      "exchange stiffness": {
        "value": null
      },
      "exchange stiffness info": {
        "value": null
      }
    },
    "additional information": {
      "authors": {
        "value": ["ICCRAM"]
      },
      "reference": {
        "value": "S. Curtarolo et al. Computational Materials Science 58 (2012) 218-226"
      },
      "comments": {
        "value": "Hardness parameter=1.254"
      },
      "attached files": {
        "value": [
"Co5Nb1_#189_1A.cif",
"CONTCAR_Co5Nb1_#189_1A",
"Co5Nb1_#189_1A.png"
]
      },
      "attached files info": {
        "value": null
      }
    }
  }
}
