{
  "confidential": {
  "value": false
  }, 
  "name": "NOVAMAG_theory_ICCRAM_Fe12Ta4_#139_1A",
  "properties": {
    "approach": {
      "value": "theory"
    },
    "summary": {
      "value": "crystal, energy, magnetization, MAE, coercivity, energy product"
    },
    "chemistry": {
      "chemical formula": {
        "value": "Fe12Ta4"
      },
      "production info": {
        "value": "initial POSCAR from AFLOW library http://aflow.org/material.php?id=Fe_pvTa_pv/279"
      }
    },
    "crystal": {
      "compound space group": {
        "value": 139
      },
      "unit cell volume": {
        "value": 206.127886
      },
      "lattice parameters": {
        "value": [
          3.55755,
          3.55755,
          16.28677
        ]
      },
      "lattice angles": {
        "value": [
          90.00000,
          90.00000,
          90.00000
        ]
      },
      "atomic positions": {
        "value": [
"Fe1(4c)",
0.00000,
0.50000,
0.00000,
"Fe2(4e)",
0.00000,
0.00000,
0.87708,
"Fe3(4d)",
0.00000,
0.50000,
0.25000,
"Ta1(4e)",
0.00000,
0.00000,
0.62480
]
      },
      "crystal info": {
        "value": "software VASP (vasp.5.4.4), k-points mesh 17x17x4, Ecut-off=401.823 eV, PAW_PBE, Fe:PAW_PBE:06Sep2000, Ta:PAW_PBE:17Jan2003, Pressure=0.0 kbar, temperature=0K"
      }
    },
    "thermodynamics": {
      "unit cell energy": {
        "value": -146.89777595
      },
      "unit cell formation enthalpy": {
        "value": -0.603521
      },
      "energy info": {
        "value": "software VASP (vasp.5.4.4), k-points mesh 17x17x4, Ecut-off=401.823 eV, PAW_PBE, Fe:PAW_PBE:06Sep2000, Ta:PAW_PBE:17Jan2003, Pressure=0.0 kbar, temperature=0K"
      },
      "interatomic potentials info": {
        "value": null
      },
      "magnetic free energy": {
        "value": null
      },
      "magnetic free energy info": {
        "value": null
      }
    },
    "magnetics": {
      "unit cell spin polarization": {
        "value": 20.811
      },
      "atomic spin specie": {
        "value": [
"1 Fe",
2.036,
"2 Fe",
2.036,
"3 Fe",
2.037,
"4 Fe",
2.037,
"5 Fe",
1.548,
"6 Fe",
1.552,
"7 Fe",
1.552,
"8 Fe",
1.548,
"9 Fe",
2.254,
"10 Fe",
2.249,
"11 Fe",
2.249,
"12 Fe",
2.254,
"13 Ta",
-0.635,
"14 Ta",
-0.636,
"15 Ta",
-0.636,
"16 Ta",
-0.635
]
      },
      "saturation magnetization": {
        "value": 1.176
      },
      "magnetization temperature": {
        "value": 0
      },
      "magnetization info": {
        "value": "software VASP (vasp.5.4.4), k-points mesh 17x17x4, Ecut-off=401.823 eV, PAW_PBE, Fe:PAW_PBE:06Sep2000, Ta:PAW_PBE:17Jan2003, Pressure=0.0 kbar, temperature=0K"
      },
      "magnetocrystalline anisotropy energy": {
        "value": [
0.0000000000000000,0,1.0000000000000000,-147.59747348,0.2588190451025207,0,0.9659258262890683,-147.59731744,0.5000000000000000,0,0.8660254037844386,-147.59693262,0.7071067811865476,0,0.7071067811865476,-147.59647280,0.8660254037844386,0,0.5000000000000000,-147.59604144,1.0000000000000000,0,0.0000000000000000,-147.59565025]
      },
      "anisotropy energy type": {
        "value": "uniaxial"
      },
      "magnetocrystalline anisotropy constants": {
        "value": [
1.719,-0.305]
      },
      "kind of anisotropy": {
        "value": "easy axis"
      },
      "anisotropy info": {
        "value": "software VASP (vasp.5.4.4) with spin-orbit coupling, k-points mesh 17x17x4, Ecut-off=401.823 eV, PAW_PBE, Fe:PAW_PBE:06Sep2000, Ta:PAW_PBE:17Jan2003, Pressure=0.0 kbar, temperature=0K"
      },
      "exchange integrals": {
        "value": null
      },
      "exchange info": {
        "value": null
      },
      "magnetic order": {
        "value": null
      },
      "curie temperature": {
        "value": null
      },
      "curie temperature info": {
        "value": null
      },
      "anisotropy field": {
        "value": 2.370
      },
      "remanence": {
        "value": 1.176
      },
      "coercivity": {
        "value": 2.370
      },
      "energy product": {
        "value": 275.134
      },
      "hysteresis info": {
        "value": "Stoner-Wohlfarth model without shape anisotropy, perfectly rectangular hysteresis loop, temperature = 0 K. Remanence equals to saturation magnetization (Ms). Anisotropy field: mu_0*Hk=(2*K_1+4*K_2)/Ms, where mu_0 is the vacuum permeability. Coercivity: Hc=Hk. Maximum energy product (upper limit)=(1/4)*mu_0*Ms^2, note this value can only be reached if the demagnetization factor is D=0.5 and Hc>0.5*Ms."
      },
      "domain wall width": {
        "value": null
      },
      "domain wall info": {
        "value": null
      },
      "exchange stiffness": {
        "value": null
      },
      "exchange stiffness info": {
        "value": null
      }
    },
    "additional information": {
      "authors": {
        "value": ["ICCRAM"]
      },
      "reference": {
        "value": "S. Curtarolo et al. Computational Materials Science 58 (2012) 218-226"
      },
      "comments": {
        "value": "Hardness parameter=1.250"
      },
      "attached files": {
        "value": [
"Fe12Ta4_#139_1A.cif",
"CONTCAR_Fe12Ta4_#139_1A",
"Fe12Ta4_#139_1A.png"
]
      },
      "attached files info": {
        "value": null
      }
    }
  }
}
