{
  "confidential": {
  "value": false
  }, 
  "name": "NOVAMAG_theory_ICCRAM_Fe12Ta4_#194_1A",
  "properties": {
    "approach": {
      "value": "theory"
    },
    "summary": {
      "value": "crystal, energy, magnetization, MAE, coercivity, energy product"
    },
    "chemistry": {
      "chemical formula": {
        "value": "Fe12Ta4"
      },
      "production info": {
        "value": "initial POSCAR from AFLOW library http://aflow.org/material.php?id=Fe_pvTa_pv/244"
      }
    },
    "crystal": {
      "compound space group": {
        "value": 194
      },
      "unit cell volume": {
        "value": 203.486100
      },
      "lattice parameters": {
        "value": [
          5.18057,
          5.18057,
          8.75487
        ]
      },
      "lattice angles": {
        "value": [
          90.00000,
          90.00000,
          120.00000
        ]
      },
      "atomic positions": {
        "value": [
"Fe1(6g)",
0.50000,
0.00000,
0.00000,
"Fe2(6h)",
0.17364,
0.34728,
0.25000,
"Ta1(2a)",
0.00000,
0.00000,
0.00000,
"Ta2(2d)",
0.33333,
0.66667,
0.75000
]
      },
      "crystal info": {
        "value": "software VASP (vasp.5.4.4), k-points mesh 13x13x7, Ecut-off=401.823 eV, PAW_PBE, Fe:PAW_PBE:06Sep2000, Ta:PAW_PBE:17Jan2003, Pressure=0.0 kbar, temperature=0K"
      }
    },
    "thermodynamics": {
      "unit cell energy": {
        "value": -146.70594763
      },
      "unit cell formation enthalpy": {
        "value": -0.411693
      },
      "energy info": {
        "value": "software VASP (vasp.5.4.4), k-points mesh 13x13x7, Ecut-off=401.823 eV, PAW_PBE, Fe:PAW_PBE:06Sep2000, Ta:PAW_PBE:17Jan2003, Pressure=0.0 kbar, temperature=0K"
      },
      "interatomic potentials info": {
        "value": null
      },
      "magnetic free energy": {
        "value": null
      },
      "magnetic free energy info": {
        "value": null
      }
    },
    "magnetics": {
      "unit cell spin polarization": {
        "value": 19.058
      },
      "atomic spin specie": {
        "value": [
"1 Fe",
1.794,
"2 Fe",
1.794,
"3 Fe",
1.794,
"4 Fe",
1.792,
"5 Fe",
1.792,
"6 Fe",
1.792,
"7 Fe",
1.819,
"8 Fe",
1.819,
"9 Fe",
1.819,
"10 Fe",
1.819,
"11 Fe",
1.819,
"12 Fe",
1.819,
"13 Ta",
-0.641,
"14 Ta",
-0.641,
"15 Ta",
-0.667,
"16 Ta",
-0.667
]
      },
      "saturation magnetization": {
        "value": 1.091
      },
      "magnetization temperature": {
        "value": 0
      },
      "magnetization info": {
        "value": "software VASP (vasp.5.4.4), k-points mesh 13x13x7, Ecut-off=401.823 eV, PAW_PBE, Fe:PAW_PBE:06Sep2000, Ta:PAW_PBE:17Jan2003, Pressure=0.0 kbar, temperature=0K"
      },
      "magnetocrystalline anisotropy energy": {
        "value": [
0.0000000000000000,0,1.0000000000000000,-147.39739763,0.2588190451025207,0,0.9659258262890683,-147.39721690,0.5000000000000000,0,0.8660254037844386,-147.39678219,0.7071067811865476,0,0.7071067811865476,-147.39617280,0.8660254037844386,0,0.5000000000000000,-147.39556435,1.0000000000000000,0,0.0000000000000000,-147.39499278]
      },
      "anisotropy energy type": {
        "value": "uniaxial"
      },
      "magnetocrystalline anisotropy constants": {
        "value": [
1.976,-0.079]
      },
      "kind of anisotropy": {
        "value": "easy axis"
      },
      "anisotropy info": {
        "value": "software VASP (vasp.5.4.4) with spin-orbit coupling, k-points mesh 13x13x7, Ecut-off=401.823 eV, PAW_PBE, Fe:PAW_PBE:06Sep2000, Ta:PAW_PBE:17Jan2003, Pressure=0.0 kbar, temperature=0K"
      },
      "exchange integrals": {
        "value": null
      },
      "exchange info": {
        "value": null
      },
      "magnetic order": {
        "value": null
      },
      "curie temperature": {
        "value": null
      },
      "curie temperature info": {
        "value": null
      },
      "anisotropy field": {
        "value": 4.188
      },
      "remanence": {
        "value": 1.091
      },
      "coercivity": {
        "value": 4.188
      },
      "energy product": {
        "value": 236.799
      },
      "hysteresis info": {
        "value": "Stoner-Wohlfarth model without shape anisotropy, perfectly rectangular hysteresis loop, temperature = 0 K. Remanence equals to saturation magnetization (Ms). Anisotropy field: mu_0*Hk=(2*K_1+4*K_2)/Ms, where mu_0 is the vacuum permeability. Coercivity: Hc=Hk. Maximum energy product (upper limit)=(1/4)*mu_0*Ms^2, note this value can only be reached if the demagnetization factor is D=0.5 and Hc>0.5*Ms."
      },
      "domain wall width": {
        "value": null
      },
      "domain wall info": {
        "value": null
      },
      "exchange stiffness": {
        "value": null
      },
      "exchange stiffness info": {
        "value": null
      }
    },
    "additional information": {
      "authors": {
        "value": ["ICCRAM"]
      },
      "reference": {
        "value": "S. Curtarolo et al. Computational Materials Science 58 (2012) 218-226"
      },
      "comments": {
        "value": "Hardness parameter=1.444"
      },
      "attached files": {
        "value": [
"Fe12Ta4_#194_1A.cif",
"CONTCAR_Fe12Ta4_#194_1A",
"Fe12Ta4_#194_1A.png"
]
      },
      "attached files info": {
        "value": null
      }
    }
  }
}
