{
  "confidential": {
  "value": false
  }, 
  "name": "NOVAMAG_theory_ICCRAM_Fe16Ta8_#194_1A",
  "properties": {
    "approach": {
      "value": "theory"
    },
    "summary": {
      "value": "crystal, energy, magnetization, MAE, coercivity, energy product"
    },
    "chemistry": {
      "chemical formula": {
        "value": "Fe16Ta8"
      },
      "production info": {
        "value": "initial POSCAR from AFLOW library http://aflow.org/material.php?id=Fe_pvTa_pv/316"
      }
    },
    "crystal": {
      "compound space group": {
        "value": 194
      },
      "unit cell volume": {
        "value": 310.887306
      },
      "lattice parameters": {
        "value": [
          4.79157,
          4.79157,
          15.63566
        ]
      },
      "lattice angles": {
        "value": [
          90.00000,
          90.00000,
          120.00000
        ]
      },
      "atomic positions": {
        "value": [
"Fe1(4f)",
0.33333,
0.66667,
0.62569,
"Fe2(6g)",
0.50000,
0.00000,
0.00000,
"Fe3(6h)",
0.83554,
0.67108,
0.25000,
"Ta1(4e)",
0.00000,
0.00000,
0.09315,
"Ta2(4f)",
0.33333,
0.66667,
0.34421
]
      },
      "crystal info": {
        "value": "software VASP (vasp.5.4.4), k-points mesh 14x14x4, Ecut-off=401.823 eV, PAW_PBE, Fe:PAW_PBE:06Sep2000, Ta:PAW_PBE:17Jan2003, Pressure=0.0 kbar, temperature=0K"
      }
    },
    "thermodynamics": {
      "unit cell energy": {
        "value": -231.68949831
      },
      "unit cell formation enthalpy": {
        "value": -4.998519
      },
      "energy info": {
        "value": "software VASP (vasp.5.4.4), k-points mesh 14x14x4, Ecut-off=401.823 eV, PAW_PBE, Fe:PAW_PBE:06Sep2000, Ta:PAW_PBE:17Jan2003, Pressure=0.0 kbar, temperature=0K"
      },
      "interatomic potentials info": {
        "value": null
      },
      "magnetic free energy": {
        "value": null
      },
      "magnetic free energy info": {
        "value": null
      }
    },
    "magnetics": {
      "unit cell spin polarization": {
        "value": 19.413
      },
      "atomic spin specie": {
        "value": [
"1 Fe",
1.337,
"2 Fe",
1.326,
"3 Fe",
1.335,
"4 Fe",
1.328,
"5 Fe",
1.447,
"6 Fe",
1.448,
"7 Fe",
1.447,
"8 Fe",
1.448,
"9 Fe",
1.447,
"10 Fe",
1.448,
"11 Fe",
1.418,
"12 Fe",
1.418,
"13 Fe",
1.418,
"14 Fe",
1.418,
"15 Fe",
1.418,
"16 Fe",
1.418,
"17 Ta",
-0.356,
"18 Ta",
-0.354,
"19 Ta",
-0.355,
"20 Ta",
-0.355,
"21 Ta",
-0.422,
"22 Ta",
-0.421,
"23 Ta",
-0.421,
"24 Ta",
-0.422
]
      },
      "saturation magnetization": {
        "value": 0.727
      },
      "magnetization temperature": {
        "value": 0
      },
      "magnetization info": {
        "value": "software VASP (vasp.5.4.4), k-points mesh 14x14x4, Ecut-off=401.823 eV, PAW_PBE, Fe:PAW_PBE:06Sep2000, Ta:PAW_PBE:17Jan2003, Pressure=0.0 kbar, temperature=0K"
      },
      "magnetocrystalline anisotropy energy": {
        "value": [
0.0000000000000000,0,1.0000000000000000,-233.02807026,0.2588190451025207,0,0.9659258262890683,-233.02777897,0.5000000000000000,0,0.8660254037844386,-233.02690832,0.7071067811865476,0,0.7071067811865476,-233.02540364,0.8660254037844386,0,0.5000000000000000,-233.02353956,1.0000000000000000,0,0.0000000000000000,-233.02115010]
      },
      "anisotropy energy type": {
        "value": "uniaxial"
      },
      "magnetocrystalline anisotropy constants": {
        "value": [
1.928,1.623]
      },
      "kind of anisotropy": {
        "value": "easy axis"
      },
      "anisotropy info": {
        "value": "software VASP (vasp.5.4.4) with spin-orbit coupling, k-points mesh 14x14x4, Ecut-off=401.823 eV, PAW_PBE, Fe:PAW_PBE:06Sep2000, Ta:PAW_PBE:17Jan2003, Pressure=0.0 kbar, temperature=0K"
      },
      "exchange integrals": {
        "value": null
      },
      "exchange info": {
        "value": null
      },
      "magnetic order": {
        "value": null
      },
      "curie temperature": {
        "value": null
      },
      "curie temperature info": {
        "value": null
      },
      "anisotropy field": {
        "value": 17.887
      },
      "remanence": {
        "value": 0.727
      },
      "coercivity": {
        "value": 17.887
      },
      "energy product": {
        "value": 105.148
      },
      "hysteresis info": {
        "value": "Stoner-Wohlfarth model without shape anisotropy, perfectly rectangular hysteresis loop, temperature = 0 K. Remanence equals to saturation magnetization (Ms). Anisotropy field: mu_0*Hk=(2*K_1+4*K_2)/Ms, where mu_0 is the vacuum permeability. Coercivity: Hc=Hk. Maximum energy product (upper limit)=(1/4)*mu_0*Ms^2, note this value can only be reached if the demagnetization factor is D=0.5 and Hc>0.5*Ms."
      },
      "domain wall width": {
        "value": null
      },
      "domain wall info": {
        "value": null
      },
      "exchange stiffness": {
        "value": null
      },
      "exchange stiffness info": {
        "value": null
      }
    },
    "additional information": {
      "authors": {
        "value": ["ICCRAM"]
      },
      "reference": {
        "value": "S. Curtarolo et al. Computational Materials Science 58 (2012) 218-226"
      },
      "comments": {
        "value": "Hardness parameter=2.141"
      },
      "attached files": {
        "value": [
"Fe16Ta8_#194_1A.cif",
"CONTCAR_Fe16Ta8_#194_1A",
"Fe16Ta8_#194_1A.png"
]
      },
      "attached files info": {
        "value": null
      }
    }
  }
}
