{
  "confidential": {
  "value": false
  }, 
  "name": "NOVAMAG_theory_ICCRAM_Fe6Ta2_#194_1A",
  "properties": {
    "approach": {
      "value": "theory"
    },
    "summary": {
      "value": "crystal, energy, magnetization, MAE, coercivity, energy product"
    },
    "chemistry": {
      "chemical formula": {
        "value": "Fe6Ta2"
      },
      "production info": {
        "value": "initial POSCAR from AFLOW library http://aflow.org/material.php?id=Fe_pvTa_pv/187"
      }
    },
    "crystal": {
      "compound space group": {
        "value": 194
      },
      "unit cell volume": {
        "value": 101.732373
      },
      "lattice parameters": {
        "value": [
          5.15864,
          5.15864,
          4.41426
        ]
      },
      "lattice angles": {
        "value": [
          90.00000,
          90.00000,
          120.00000
        ]
      },
      "atomic positions": {
        "value": [
"Fe1(6h)",
0.83965,
0.67929,
0.25000,
"Ta1(2c)",
0.33333,
0.66667,
0.25000
]
      },
      "crystal info": {
        "value": "software VASP (vasp.5.4.4), k-points mesh 13x13x14, Ecut-off=401.823 eV, PAW_PBE, Fe:PAW_PBE:06Sep2000, Ta:PAW_PBE:17Jan2003, Pressure=0.0 kbar, temperature=0K"
      }
    },
    "thermodynamics": {
      "unit cell energy": {
        "value": -73.19086599
      },
      "unit cell formation enthalpy": {
        "value": -0.043738
      },
      "energy info": {
        "value": "software VASP (vasp.5.4.4), k-points mesh 13x13x14, Ecut-off=401.823 eV, PAW_PBE, Fe:PAW_PBE:06Sep2000, Ta:PAW_PBE:17Jan2003, Pressure=0.0 kbar, temperature=0K"
      },
      "interatomic potentials info": {
        "value": null
      },
      "magnetic free energy": {
        "value": null
      },
      "magnetic free energy info": {
        "value": null
      }
    },
    "magnetics": {
      "unit cell spin polarization": {
        "value": 9.572
      },
      "atomic spin specie": {
        "value": [
"1 Fe",
1.794,
"2 Fe",
1.794,
"3 Fe",
1.794,
"4 Fe",
1.794,
"5 Fe",
1.794,
"6 Fe",
1.794,
"7 Ta",
-0.597,
"8 Ta",
-0.597
]
      },
      "saturation magnetization": {
        "value": 1.096
      },
      "magnetization temperature": {
        "value": 0
      },
      "magnetization info": {
        "value": "software VASP (vasp.5.4.4), k-points mesh 13x13x14, Ecut-off=401.823 eV, PAW_PBE, Fe:PAW_PBE:06Sep2000, Ta:PAW_PBE:17Jan2003, Pressure=0.0 kbar, temperature=0K"
      },
      "magnetocrystalline anisotropy energy": {
        "value": [
0.0000000000000000,0,1.0000000000000000,-73.53890073,0.2588190451025207,0,0.9659258262890683,-73.53866953,0.5000000000000000,0,0.8660254037844386,-73.53807654,0.7071067811865476,0,0.7071067811865476,-73.53725957,0.8660254037844386,0,0.5000000000000000,-73.53640864,1.0000000000000000,0,0.0000000000000000,-73.53548454]
      },
      "anisotropy energy type": {
        "value": "uniaxial"
      },
      "magnetocrystalline anisotropy constants": {
        "value": [
4.999,0.357]
      },
      "kind of anisotropy": {
        "value": "easy axis"
      },
      "anisotropy info": {
        "value": "software VASP (vasp.5.4.4) with spin-orbit coupling, k-points mesh 13x13x14, Ecut-off=401.823 eV, PAW_PBE, Fe:PAW_PBE:06Sep2000, Ta:PAW_PBE:17Jan2003, Pressure=0.0 kbar, temperature=0K"
      },
      "exchange integrals": {
        "value": null
      },
      "exchange info": {
        "value": null
      },
      "magnetic order": {
        "value": null
      },
      "curie temperature": {
        "value": null
      },
      "curie temperature info": {
        "value": null
      },
      "anisotropy field": {
        "value": 13.101
      },
      "remanence": {
        "value": 1.096
      },
      "coercivity": {
        "value": 13.101
      },
      "energy product": {
        "value": 238.974
      },
      "hysteresis info": {
        "value": "Stoner-Wohlfarth model without shape anisotropy, perfectly rectangular hysteresis loop, temperature = 0 K. Remanence equals to saturation magnetization (Ms). Anisotropy field: mu_0*Hk=(2*K_1+4*K_2)/Ms, where mu_0 is the vacuum permeability. Coercivity: Hc=Hk. Maximum energy product (upper limit)=(1/4)*mu_0*Ms^2, note this value can only be reached if the demagnetization factor is D=0.5 and Hc>0.5*Ms."
      },
      "domain wall width": {
        "value": null
      },
      "domain wall info": {
        "value": null
      },
      "exchange stiffness": {
        "value": null
      },
      "exchange stiffness info": {
        "value": null
      }
    },
    "additional information": {
      "authors": {
        "value": ["ICCRAM"]
      },
      "reference": {
        "value": "S. Curtarolo et al. Computational Materials Science 58 (2012) 218-226"
      },
      "comments": {
        "value": "Hardness parameter=2.287"
      },
      "attached files": {
        "value": [
"Fe6Ta2_#194_1A.cif",
"CONTCAR_Fe6Ta2_#194_1A",
"Fe6Ta2_#194_1A.png"
]
      },
      "attached files info": {
        "value": null
      }
    }
  }
}
