{
  "confidential": {
  "value": false
  }, 
  "name": "NOVAMAG_theory_ICCRAM_Fe8Ta6_#139_1A",
  "properties": {
    "approach": {
      "value": "theory"
    },
    "summary": {
      "value": "crystal, energy, magnetization, MAE"
    },
    "chemistry": {
      "chemical formula": {
        "value": "Fe8Ta6"
      },
      "production info": {
        "value": "initial POSCAR from AFLOW library http://aflow.org/material.php?id=Fe_pvTa_pv/264"
      }
    },
    "crystal": {
      "compound space group": {
        "value": 139
      },
      "unit cell volume": {
        "value": 198.518189
      },
      "lattice parameters": {
        "value": [
          3.09041,
          3.09041,
          20.78592
        ]
      },
      "lattice angles": {
        "value": [
          90.00000,
          90.00000,
          90.00000
        ]
      },
      "atomic positions": {
        "value": [
"Fe1(4e)",
0.00000,
0.00000,
0.13572,
"Fe2(4e)",
0.00000,
0.00000,
0.42968,
"Ta1(2a)",
0.00000,
0.00000,
0.00000,
"Ta2(4e)",
0.00000,
0.00000,
0.29456
]
      },
      "crystal info": {
        "value": "software VASP (vasp.5.4.4), k-points mesh 19x19x3, Ecut-off=401.823 eV, PAW_PBE, Fe:PAW_PBE:06Sep2000, Ta:PAW_PBE:17Jan2003, Pressure=0.0 kbar, temperature=0K"
      }
    },
    "thermodynamics": {
      "unit cell energy": {
        "value": -138.57676469
      },
      "unit cell formation enthalpy": {
        "value": -1.507295
      },
      "energy info": {
        "value": "software VASP (vasp.5.4.4), k-points mesh 19x19x3, Ecut-off=401.823 eV, PAW_PBE, Fe:PAW_PBE:06Sep2000, Ta:PAW_PBE:17Jan2003, Pressure=0.0 kbar, temperature=0K"
      },
      "interatomic potentials info": {
        "value": null
      },
      "magnetic free energy": {
        "value": null
      },
      "magnetic free energy info": {
        "value": null
      }
    },
    "magnetics": {
      "unit cell spin polarization": {
        "value": 13.213
      },
      "atomic spin specie": {
        "value": [
"1 Fe",
1.936,
"2 Fe",
1.936,
"3 Fe",
1.936,
"4 Fe",
1.936,
"5 Fe",
2.003,
"6 Fe",
2.003,
"7 Fe",
2.003,
"8 Fe",
2.003,
"9 Ta",
-0.584,
"10 Ta",
-0.584,
"11 Ta",
-0.343,
"12 Ta",
-0.343,
"13 Ta",
-0.343,
"14 Ta",
-0.343
]
      },
      "saturation magnetization": {
        "value": 0.775
      },
      "magnetization temperature": {
        "value": 0
      },
      "magnetization info": {
        "value": "software VASP (vasp.5.4.4), k-points mesh 19x19x3, Ecut-off=401.823 eV, PAW_PBE, Fe:PAW_PBE:06Sep2000, Ta:PAW_PBE:17Jan2003, Pressure=0.0 kbar, temperature=0K"
      },
      "magnetocrystalline anisotropy energy": {
        "value": [
0.0000000000000000,0,1.0000000000000000,-139.53858431,0.2588190451025207,0,0.9659258262890683,-139.53870691,0.5000000000000000,0,0.8660254037844386,-139.53903823,0.7071067811865476,0,0.7071067811865476,-139.53947966,0.8660254037844386,0,0.5000000000000000,-139.53991174,1.0000000000000000,0,0.0000000000000000,-139.54031939]
      },
      "anisotropy energy type": {
        "value": "uniaxial"
      },
      "magnetocrystalline anisotropy constants": {
        "value": [
-1.494,0.094]
      },
      "kind of anisotropy": {
        "value": "easy plane"
      },
      "anisotropy info": {
        "value": "software VASP (vasp.5.4.4) with spin-orbit coupling, k-points mesh 19x19x3, Ecut-off=401.823 eV, PAW_PBE, Fe:PAW_PBE:06Sep2000, Ta:PAW_PBE:17Jan2003, Pressure=0.0 kbar, temperature=0K"
      },
      "exchange integrals": {
        "value": null
      },
      "exchange info": {
        "value": null
      },
      "magnetic order": {
        "value": null
      },
      "curie temperature": {
        "value": null
      },
      "curie temperature info": {
        "value": null
      },
      "anisotropy field": {
        "value": null
      },
      "remanence": {
        "value": null
      },
      "coercivity": {
        "value": null
      },
      "energy product": {
        "value": null
      },
      "hysteresis info": {
        "value": null
      },
      "domain wall width": {
        "value": null
      },
      "domain wall info": {
        "value": null
      },
      "exchange stiffness": {
        "value": null
      },
      "exchange stiffness info": {
        "value": null
      }
    },
    "additional information": {
      "authors": {
        "value": ["ICCRAM"]
      },
      "reference": {
        "value": "S. Curtarolo et al. Computational Materials Science 58 (2012) 218-226"
      },
      "comments": {
        "value": null
      },
      "attached files": {
        "value": [
"Fe8Ta6_#139_1A.cif",
"CONTCAR_Fe8Ta6_#139_1A",
"Fe8Ta6_#139_1A.png"
]
      },
      "attached files info": {
        "value": null
      }
    }
  }
}
