{
  "confidential": {
  "value": false
  }, 
  "name": "NOVAMAG_theory_ICCRAM_Al1Fe3_#221_1A",
  "properties": {
    "approach": {
      "value": "theory"
    },
    "summary": {
      "value": "crystal, energy, magnetization, MAE"
    },
    "chemistry": {
      "chemical formula": {
        "value": "Al1Fe3"
      },
      "production info": {
        "value": "initial POSCAR from AFLOW library http://aflow.org/material.php?id=AlFe_pv/82"
      }
    },
    "crystal": {
      "compound space group": {
        "value": 221
      },
      "unit cell volume": {
        "value": 48.513474
      },
      "lattice parameters": {
        "value": [
          3.64715,
          3.64715,
          3.64715
        ]
      },
      "lattice angles": {
        "value": [
          90.00000,
          90.00000,
          90.00000
        ]
      },
      "atomic positions": {
        "value": [
"Al1(1a)",
0.00000,
0.00000,
0.00000,
"Fe1(3c)",
0.00000,
0.50000,
0.50000
]
      },
      "crystal info": {
        "value": "software VASP (vasp.5.4.4), k-points mesh 16x16x16, Ecut-off=401.823 eV, PAW_PBE, Al:PAW_PBE:04Jan2001, Fe:PAW_PBE:06Sep2000, Pressure=0.0 kbar, temperature=0K"
      }
    },
    "thermodynamics": {
      "unit cell energy": {
        "value": -29.25309268
      },
      "unit cell formation enthalpy": {
        "value": -0.795383
      },
      "energy info": {
        "value": "software VASP (vasp.5.4.4), k-points mesh 16x16x16, Ecut-off=401.823 eV, PAW_PBE, Al:PAW_PBE:04Jan2001, Fe:PAW_PBE:06Sep2000, Pressure=0.0 kbar, temperature=0K"
      },
      "interatomic potentials info": {
        "value": null
      },
      "magnetic free energy": {
        "value": null
      },
      "magnetic free energy info": {
        "value": null
      }
    },
    "magnetics": {
      "unit cell spin polarization": {
        "value": 6.950
      },
      "atomic spin specie": {
        "value": [
"1 Al",
-0.084,
"2 Fe",
2.344,
"3 Fe",
2.344,
"4 Fe",
2.344
]
      },
      "saturation magnetization": {
        "value": 1.669
      },
      "magnetization temperature": {
        "value": 0
      },
      "magnetization info": {
        "value": "software VASP (vasp.5.4.4), k-points mesh 16x16x16, Ecut-off=401.823 eV, PAW_PBE, Al:PAW_PBE:04Jan2001, Fe:PAW_PBE:06Sep2000, Pressure=0.0 kbar, temperature=0K"
      },
      "magnetocrystalline anisotropy energy": {
        "value": [
0.0000000000000000,0,1.0000000000000000,-29.27229600,0.2588190451025207,0,0.9659258262890683,-29.27229525,0.5000000000000000,0,0.8660254037844386,-29.27229435,0.7071067811865476,0,0.7071067811865476,-29.27229389,0.8660254037844386,0,0.5000000000000000,-29.27229376,1.0000000000000000,0,0.0000000000000000,-29.27229477]
      },
      "anisotropy energy type": {
        "value": "uniaxial"
      },
      "magnetocrystalline anisotropy constants": {
        "value": [
0.026,-0.022]
      },
      "kind of anisotropy": {
        "value": null
      },
      "anisotropy info": {
        "value": "software VASP (vasp.5.4.4) with spin-orbit coupling, k-points mesh 16x16x16, Ecut-off=401.823 eV, PAW_PBE, Al:PAW_PBE:04Jan2001, Fe:PAW_PBE:06Sep2000, Pressure=0.0 kbar, temperature=0K"
      },
      "exchange integrals": {
        "value": null
      },
      "exchange info": {
        "value": null
      },
      "magnetic order": {
        "value": null
      },
      "curie temperature": {
        "value": null
      },
      "curie temperature info": {
        "value": null
      },
      "anisotropy field": {
        "value": null
      },
      "remanence": {
        "value": null
      },
      "coercivity": {
        "value": null
      },
      "energy product": {
        "value": null
      },
      "hysteresis info": {
        "value": null
      },
      "domain wall width": {
        "value": null
      },
      "domain wall info": {
        "value": null
      },
      "exchange stiffness": {
        "value": null
      },
      "exchange stiffness info": {
        "value": null
      }
    },
    "additional information": {
      "authors": {
        "value": ["ICCRAM"]
      },
      "reference": {
        "value": "S. Curtarolo et al. Computational Materials Science 58 (2012) 218-226"
      },
      "comments": {
        "value": hard_param
      },
      "attached files": {
        "value": [
"Al1Fe3_#221_1A.cif",
"CONTCAR_Al1Fe3_#221_1A",
"Al1Fe3_#221_1A.png"
]
      },
      "attached files info": {
        "value": null
      }
    }
  }
}
