{
  "confidential": {
  "value": false
  }, 
  "name": "NOVAMAG_theory_ICCRAM_Al1Fe5_#189_1A",
  "properties": {
    "approach": {
      "value": "theory"
    },
    "summary": {
      "value": "crystal, energy, magnetization, MAE"
    },
    "chemistry": {
      "chemical formula": {
        "value": "Al1Fe5"
      },
      "production info": {
        "value": "initial POSCAR from AFLOW library http://aflow.org/material.php?id=AlFe_pv/474"
      }
    },
    "crystal": {
      "compound space group": {
        "value": 189
      },
      "unit cell volume": {
        "value": 71.860915
      },
      "lattice parameters": {
        "value": [
          4.39383,
          4.39383,
          4.29813
        ]
      },
      "lattice angles": {
        "value": [
          90.00000,
          90.00000,
          120.00000
        ]
      },
      "atomic positions": {
        "value": [
"Al1(1b)",
0.00000,
0.00000,
0.50000,
"Fe1(3f)",
0.65693,
0.00000,
0.00000,
"Fe2(2d)",
0.33333,
0.66667,
0.50000
]
      },
      "crystal info": {
        "value": "software VASP (vasp.5.4.4), k-points mesh 16x16x14, Ecut-off=401.823 eV, PAW_PBE, Al:PAW_PBE:04Jan2001, Fe:PAW_PBE:06Sep2000, Pressure=0.0 kbar, temperature=0K"
      }
    },
    "thermodynamics": {
      "unit cell energy": {
        "value": -45.04089898
      },
      "unit cell formation enthalpy": {
        "value": -0.108806
      },
      "energy info": {
        "value": "software VASP (vasp.5.4.4), k-points mesh 16x16x14, Ecut-off=401.823 eV, PAW_PBE, Al:PAW_PBE:04Jan2001, Fe:PAW_PBE:06Sep2000, Pressure=0.0 kbar, temperature=0K"
      },
      "interatomic potentials info": {
        "value": null
      },
      "magnetic free energy": {
        "value": null
      },
      "magnetic free energy info": {
        "value": null
      }
    },
    "magnetics": {
      "unit cell spin polarization": {
        "value": 11.333
      },
      "atomic spin specie": {
        "value": [
"1 Al",
-0.075,
"2 Fe",
2.274,
"3 Fe",
2.274,
"4 Fe",
2.274,
"5 Fe",
2.293,
"6 Fe",
2.293
]
      },
      "saturation magnetization": {
        "value": 1.837
      },
      "magnetization temperature": {
        "value": 0
      },
      "magnetization info": {
        "value": "software VASP (vasp.5.4.4), k-points mesh 16x16x14, Ecut-off=401.823 eV, PAW_PBE, Al:PAW_PBE:04Jan2001, Fe:PAW_PBE:06Sep2000, Pressure=0.0 kbar, temperature=0K"
      },
      "magnetocrystalline anisotropy energy": {
        "value": [
0.0000000000000000,0,1.0000000000000000,-45.07518633,0.2588190451025207,0,0.9659258262890683,-45.07523751,0.5000000000000000,0,0.8660254037844386,-45.07537596,0.7071067811865476,0,0.7071067811865476,-45.07556178,0.8660254037844386,0,0.5000000000000000,-45.07574304,1.0000000000000000,0,0.0000000000000000,-45.07592423]
      },
      "anisotropy energy type": {
        "value": "uniaxial"
      },
      "magnetocrystalline anisotropy constants": {
        "value": [
-1.701,0.057]
      },
      "kind of anisotropy": {
        "value": "easy plane"
      },
      "anisotropy info": {
        "value": "software VASP (vasp.5.4.4) with spin-orbit coupling, k-points mesh 16x16x14, Ecut-off=401.823 eV, PAW_PBE, Al:PAW_PBE:04Jan2001, Fe:PAW_PBE:06Sep2000, Pressure=0.0 kbar, temperature=0K"
      },
      "exchange integrals": {
        "value": null
      },
      "exchange info": {
        "value": null
      },
      "magnetic order": {
        "value": null
      },
      "curie temperature": {
        "value": null
      },
      "curie temperature info": {
        "value": null
      },
      "anisotropy field": {
        "value": null
      },
      "remanence": {
        "value": null
      },
      "coercivity": {
        "value": null
      },
      "energy product": {
        "value": null
      },
      "hysteresis info": {
        "value": null
      },
      "domain wall width": {
        "value": null
      },
      "domain wall info": {
        "value": null
      },
      "exchange stiffness": {
        "value": null
      },
      "exchange stiffness info": {
        "value": null
      }
    },
    "additional information": {
      "authors": {
        "value": ["ICCRAM"]
      },
      "reference": {
        "value": "S. Curtarolo et al. Computational Materials Science 58 (2012) 218-226"
      },
      "comments": {
        "value": null
      },
      "attached files": {
        "value": [
"Al1Fe5_#189_1A.cif",
"CONTCAR_Al1Fe5_#189_1A",
"Al1Fe5_#189_1A.png"
]
      },
      "attached files info": {
        "value": null
      }
    }
  }
}
