{
  "confidential": {
  "value": false
  }, 
  "name": "NOVAMAG_theory_ICCRAM_Al1Fe1_#187_1A",
  "properties": {
    "approach": {
      "value": "theory"
    },
      "summary": {
      "value": "crystal, energy, magnetization, MAE, coercivity, energy product"
    },
    "chemistry": {
      "chemical formula": {
        "value": "Al1Fe1"
      },
      "production info": {
        "value": "initial POSCAR from AFLOW library http://aflow.org/material.php?id=AlFe_pv/116"
      }
    },
    "crystal": {
      "compound space group": {
        "value": 187
      },
      "unit cell volume": {
        "value": 25.700065
      },
      "lattice parameters": {
        "value": [
          2.70622,
          2.70622,
          4.05208
        ]
      },
      "lattice angles": {
        "value": [
          90.00000,
          90.00000,
          120.00000
        ]
      },
      "atomic positions": {
        "value": [
"Al1(1a)",
0.00000,
0.00000,
0.00000,
"Fe1(1f)",
0.66667,
0.33333,
0.50000
]
      },
      "crystal info": {
        "value": "software VASP (vasp.5.4.4), k-points mesh 26x26x15, Ecut-off=401.823 eV, PAW_PBE, Al:PAW_PBE:04Jan2001, Fe:PAW_PBE:06Sep2000, Pressure=0.0 kbar, temperature=0K"
      }
    },
    "thermodynamics": {
      "unit cell energy": {
        "value": -12.39273336
      },
      "unit cell formation enthalpy": {
        "value": -0.409406
      },
      "energy info": {
        "value": "software VASP (vasp.5.4.4), k-points mesh 26x26x15, Ecut-off=401.823 eV, PAW_PBE, Al:PAW_PBE:04Jan2001, Fe:PAW_PBE:06Sep2000, Pressure=0.0 kbar, temperature=0K"
      },
      "interatomic potentials info": {
        "value": null
      },
      "magnetic free energy": {
        "value": null
      },
      "magnetic free energy info": {
        "value": null
      }
    },
    "magnetics": {
      "unit cell spin polarization": {
        "value": 2.019
      },
      "atomic spin specie": {
        "value": [
"1 Al",
-0.040,
"2 Fe",
2.059
]
      },
      "saturation magnetization": {
        "value": 0.915
      },
      "magnetization temperature": {
        "value": 0
      },
      "magnetization info": {
        "value": "software VASP (vasp.5.4.4), k-points mesh 26x26x15, Ecut-off=401.823 eV, PAW_PBE, Al:PAW_PBE:04Jan2001, Fe:PAW_PBE:06Sep2000, Pressure=0.0 kbar, temperature=0K"
      },
      "magnetocrystalline anisotropy energy": {
        "value": [
0.0000000000000000,0,1.0000000000000000,-12.39990375,0.2588190451025207,0,0.9659258262890683,-12.39985566,0.5000000000000000,0,0.8660254037844386,-12.39972407,0.7071067811865476,0,0.7071067811865476,-12.39954404,0.8660254037844386,0,0.5000000000000000,-12.39936358,1.0000000000000000,0,0.0000000000000000,-12.39918332]
      },
      "anisotropy energy type": {
        "value": "uniaxial"
      },
      "magnetocrystalline anisotropy constants": {
        "value": [
4.479,0.015]
      },
      "kind of anisotropy": {
        "value": "easy axis"
      },
      "anisotropy info": {
        "value": "software VASP (vasp.5.4.4) with spin-orbit coupling, k-points mesh 26x26x15, Ecut-off=401.823 eV, PAW_PBE, Al:PAW_PBE:04Jan2001, Fe:PAW_PBE:06Sep2000, Pressure=0.0 kbar, temperature=0K"
      },
      "exchange integrals": {
        "value": null
      },
      "exchange info": {
        "value": null
      },
      "magnetic order": {
        "value": null
      },
      "curie temperature": {
        "value": null
      },
      "curie temperature info": {
        "value": null
      },
      "anisotropy field": {
        "value": 12.385
      },
      "remanence": {
        "value": 0.915
      },
      "coercivity": {
        "value": 12.385
      },
      "energy product": {
        "value": 166.561
      },
      "hysteresis info": {
        "value": "Stoner-Wohlfarth model without shape anisotropy, perfectly rectangular hysteresis loop, temperature = 0 K. Remanence equals to saturation magnetization (Ms). Anisotropy field: mu_0*Hk=(2*K_1+4*K_2)/Ms, where mu_0 is the vacuum permeability. Coercivity: Hc=Hk. Maximum energy product (upper limit)=(1/4)*mu_0*Ms^2, note this value can only be reached if the demagnetization factor is D=0.5 and Hc>0.5*Ms."
      },
      "domain wall width": {
        "value": null
      },
      "domain wall info": {
        "value": null
      },
      "exchange stiffness": {
        "value": null
      },
      "exchange stiffness info": {
        "value": null
      }
    },
    "additional information": {
      "authors": {
        "value": ["ICCRAM"]
      },
      "reference": {
        "value": "S. Curtarolo et al. Computational Materials Science 58 (2012) 218-226"
      },
      "comments": {
        "value": "Hardness parameter=2.593"
      },
      "attached files": {
        "value": [
"Al1Fe1_#187_1A.cif",
"CONTCAR_Al1Fe1_#187_1A",
"Al1Fe1_#187_1A.png"
]
      },
      "attached files info": {
        "value": null
      }
    }
  }
}
