{
  "confidential": {
  "value": false
  }, 
  "name": "NOVAMAG_theory_ICCRAM_Al2Fe16_#139_1A",
  "properties": {
    "approach": {
      "value": "theory"
    },
    "summary": {
      "value": "crystal, energy, magnetization, MAE"
    },
    "chemistry": {
      "chemical formula": {
        "value": "Al2Fe16"
      },
      "production info": {
        "value": "initial POSCAR from AFLOW library http://aflow.org/material.php?id=AlFe_pv/312"
      }
    },
    "crystal": {
      "compound space group": {
        "value": 139
      },
      "unit cell volume": {
        "value": 213.685617
      },
      "lattice parameters": {
        "value": [
          7.37404,
          7.37404,
          3.92974
        ]
      },
      "lattice angles": {
        "value": [
          90.00000,
          90.00000,
          90.00000
        ]
      },
      "atomic positions": {
        "value": [
"Al1(2a)",
0.00000,
0.00000,
0.00000,
"Fe1(8h)",
0.66597,
0.66597,
0.00000,
"Fe2(8i)",
0.33361,
0.00000,
0.00000
]
      },
      "crystal info": {
        "value": "software VASP (vasp.5.4.4), k-points mesh 8x8x15, Ecut-off=401.823 eV, PAW_PBE, Al:PAW_PBE:04Jan2001, Fe:PAW_PBE:06Sep2000, Pressure=0.0 kbar, temperature=0K"
      }
    },
    "thermodynamics": {
      "unit cell energy": {
        "value": -139.42462509
      },
      "unit cell formation enthalpy": {
        "value": -0.137292
      },
      "energy info": {
        "value": "software VASP (vasp.5.4.4), k-points mesh 8x8x15, Ecut-off=401.823 eV, PAW_PBE, Al:PAW_PBE:04Jan2001, Fe:PAW_PBE:06Sep2000, Pressure=0.0 kbar, temperature=0K"
      },
      "interatomic potentials info": {
        "value": null
      },
      "magnetic free energy": {
        "value": null
      },
      "magnetic free energy info": {
        "value": null
      }
    },
    "magnetics": {
      "unit cell spin polarization": {
        "value": 37.389
      },
      "atomic spin specie": {
        "value": [
"1 Al",
-0.080,
"2 Al",
-0.080,
"3 Fe",
2.317,
"4 Fe",
2.316,
"5 Fe",
2.316,
"6 Fe",
2.317,
"7 Fe",
2.318,
"8 Fe",
2.318,
"9 Fe",
2.318,
"10 Fe",
2.318,
"11 Fe",
2.376,
"12 Fe",
2.376,
"13 Fe",
2.376,
"14 Fe",
2.376,
"15 Fe",
2.377,
"16 Fe",
2.377,
"17 Fe",
2.377,
"18 Fe",
2.377
]
      },
      "saturation magnetization": {
        "value": 2.038
      },
      "magnetization temperature": {
        "value": 0
      },
      "magnetization info": {
        "value": "software VASP (vasp.5.4.4), k-points mesh 8x8x15, Ecut-off=401.823 eV, PAW_PBE, Al:PAW_PBE:04Jan2001, Fe:PAW_PBE:06Sep2000, Pressure=0.0 kbar, temperature=0K"
      },
      "magnetocrystalline anisotropy energy": {
        "value": [
0.0000000000000000,0,1.0000000000000000,-139.53217729,0.2588190451025207,0,0.9659258262890683,-139.53231841,0.5000000000000000,0,0.8660254037844386,-139.53270910,0.7071067811865476,0,0.7071067811865476,-139.53324949,0.8660254037844386,0,0.5000000000000000,-139.53379735,1.0000000000000000,0,0.0000000000000000,-139.53434712]
      },
      "anisotropy energy type": {
        "value": "uniaxial"
      },
      "magnetocrystalline anisotropy constants": {
        "value": [
-1.589,-0.039]
      },
      "kind of anisotropy": {
        "value": "easy plane"
      },
      "anisotropy info": {
        "value": "software VASP (vasp.5.4.4) with spin-orbit coupling, k-points mesh 8x8x15, Ecut-off=401.823 eV, PAW_PBE, Al:PAW_PBE:04Jan2001, Fe:PAW_PBE:06Sep2000, Pressure=0.0 kbar, temperature=0K"
      },
      "exchange integrals": {
        "value": null
      },
      "exchange info": {
        "value": null
      },
      "magnetic order": {
        "value": null
      },
      "curie temperature": {
        "value": null
      },
      "curie temperature info": {
        "value": null
      },
      "anisotropy field": {
        "value": null
      },
      "remanence": {
        "value": null
      },
      "coercivity": {
        "value": null
      },
      "energy product": {
        "value": null
      },
      "hysteresis info": {
        "value": null
      },
      "domain wall width": {
        "value": null
      },
      "domain wall info": {
        "value": null
      },
      "exchange stiffness": {
        "value": null
      },
      "exchange stiffness info": {
        "value": null
      }
    },
    "additional information": {
      "authors": {
        "value": ["ICCRAM"]
      },
      "reference": {
        "value": "S. Curtarolo et al. Computational Materials Science 58 (2012) 218-226"
      },
      "comments": {
        "value": null
      },
      "attached files": {
        "value": [
"Al2Fe16_#139_1A.cif",
"CONTCAR_Al2Fe16_#139_1A",
"Al2Fe16_#139_1A.png"
]
      },
      "attached files info": {
        "value": null
      }
    }
  }
}
