{
  "confidential": {
  "value": false
  }, 
  "name": "NOVAMAG_theory_ICCRAM_Al2Fe2_#129_1A",
  "properties": {
    "approach": {
      "value": "theory"
    },
      "summary": {
      "value": "crystal, energy, magnetization, MAE, coercivity, energy product"
    },
    "chemistry": {
      "chemical formula": {
        "value": "Al2Fe2"
      },
      "production info": {
        "value": "initial POSCAR from AFLOW library http://aflow.org/material.php?id=AlFe_pv/71"
      }
    },
    "crystal": {
      "compound space group": {
        "value": 129
      },
      "unit cell volume": {
        "value": 51.338841
      },
      "lattice parameters": {
        "value": [
          3.00611,
          3.00611,
          5.68116
        ]
      },
      "lattice angles": {
        "value": [
          90.00000,
          90.00000,
          90.00000
        ]
      },
      "atomic positions": {
        "value": [
"Al1(2c)",
0.25000,
0.25000,
0.15442,
"Fe1(2c)",
0.25000,
0.25000,
0.61585
]
      },
      "crystal info": {
        "value": "software VASP (vasp.5.4.4), k-points mesh 20x20x11, Ecut-off=401.823 eV, PAW_PBE, Al:PAW_PBE:04Jan2001, Fe:PAW_PBE:06Sep2000, Pressure=0.0 kbar, temperature=0K"
      }
    },
    "thermodynamics": {
      "unit cell energy": {
        "value": -24.84755993
      },
      "unit cell formation enthalpy": {
        "value": -0.880905
      },
      "energy info": {
        "value": "software VASP (vasp.5.4.4), k-points mesh 20x20x11, Ecut-off=401.823 eV, PAW_PBE, Al:PAW_PBE:04Jan2001, Fe:PAW_PBE:06Sep2000, Pressure=0.0 kbar, temperature=0K"
      },
      "interatomic potentials info": {
        "value": null
      },
      "magnetic free energy": {
        "value": null
      },
      "magnetic free energy info": {
        "value": null
      }
    },
    "magnetics": {
      "unit cell spin polarization": {
        "value": 3.774
      },
      "atomic spin specie": {
        "value": [
"1 Al",
-0.045,
"2 Al",
-0.045,
"3 Fe",
1.933,
"4 Fe",
1.931
]
      },
      "saturation magnetization": {
        "value": 0.856
      },
      "magnetization temperature": {
        "value": 0
      },
      "magnetization info": {
        "value": "software VASP (vasp.5.4.4), k-points mesh 20x20x11, Ecut-off=401.823 eV, PAW_PBE, Al:PAW_PBE:04Jan2001, Fe:PAW_PBE:06Sep2000, Pressure=0.0 kbar, temperature=0K"
      },
      "magnetocrystalline anisotropy energy": {
        "value": [
0.0000000000000000,0,1.0000000000000000,-24.85959738,0.2588190451025207,0,0.9659258262890683,-24.85959796,0.5000000000000000,0,0.8660254037844386,-24.85959400,0.7071067811865476,0,0.7071067811865476,-24.85958695,0.8660254037844386,0,0.5000000000000000,-24.85957984,1.0000000000000000,0,0.0000000000000000,-24.85957332]
      },
      "anisotropy energy type": {
        "value": "uniaxial"
      },
      "magnetocrystalline anisotropy constants": {
        "value": [
0.047,0.030]
      },
      "kind of anisotropy": {
        "value": "easy axis"
      },
      "anisotropy info": {
        "value": "software VASP (vasp.5.4.4) with spin-orbit coupling, k-points mesh 20x20x11, Ecut-off=401.823 eV, PAW_PBE, Al:PAW_PBE:04Jan2001, Fe:PAW_PBE:06Sep2000, Pressure=0.0 kbar, temperature=0K"
      },
      "exchange integrals": {
        "value": null
      },
      "exchange info": {
        "value": null
      },
      "magnetic order": {
        "value": null
      },
      "curie temperature": {
        "value": null
      },
      "curie temperature info": {
        "value": null
      },
      "anisotropy field": {
        "value": 0.314
      },
      "remanence": {
        "value": 0.856
      },
      "coercivity": {
        "value": 0.314
      },
      "energy product": {
        "value": 145.773
      },
      "hysteresis info": {
        "value": "Stoner-Wohlfarth model without shape anisotropy, perfectly rectangular hysteresis loop, temperature = 0 K. Remanence equals to saturation magnetization (Ms). Anisotropy field: mu_0*Hk=(2*K_1+4*K_2)/Ms, where mu_0 is the vacuum permeability. Coercivity: Hc=Hk. Maximum energy product (upper limit)=(1/4)*mu_0*Ms^2, note this value can only be reached if the demagnetization factor is D=0.5 and Hc>0.5*Ms."
      },
      "domain wall width": {
        "value": null
      },
      "domain wall info": {
        "value": null
      },
      "exchange stiffness": {
        "value": null
      },
      "exchange stiffness info": {
        "value": null
      }
    },
    "additional information": {
      "authors": {
        "value": ["ICCRAM"]
      },
      "reference": {
        "value": "S. Curtarolo et al. Computational Materials Science 58 (2012) 218-226"
      },
      "comments": {
        "value": "Hardness parameter=0.284"
      },
      "attached files": {
        "value": [
"Al2Fe2_#129_1A.cif",
"CONTCAR_Al2Fe2_#129_1A",
"Al2Fe2_#129_1A.png"
]
      },
      "attached files info": {
        "value": null
      }
    }
  }
}
