{
  "confidential": {
  "value": false
  }, 
  "name": "NOVAMAG_theory_ICCRAM_Al4Fe12_#139_1A",
  "properties": {
    "approach": {
      "value": "theory"
    },
    "summary": {
      "value": "crystal, energy, magnetization, MAE"
    },
    "chemistry": {
      "chemical formula": {
        "value": "Al4Fe12"
      },
      "production info": {
        "value": "initial POSCAR from AFLOW library http://aflow.org/material.php?id=AlFe_pv/280"
      }
    },
    "crystal": {
      "compound space group": {
        "value": 139
      },
      "unit cell volume": {
        "value": 189.740261
      },
      "lattice parameters": {
        "value": [
          3.95160,
          3.95160,
          12.15104
        ]
      },
      "lattice angles": {
        "value": [
          90.00000,
          90.00000,
          90.00000
        ]
      },
      "atomic positions": {
        "value": [
"Al1(4e)",
0.00000,
0.00000,
0.37394,
"Fe1(4c)",
0.00000,
0.50000,
0.00000,
"Fe2(4d)",
0.00000,
0.50000,
0.25000,
"Fe3(4e)",
0.00000,
0.00000,
0.12521
]
      },
      "crystal info": {
        "value": "software VASP (vasp.5.4.4), k-points mesh 15x15x5, Ecut-off=401.823 eV, PAW_PBE, Al:PAW_PBE:04Jan2001, Fe:PAW_PBE:06Sep2000, Pressure=0.0 kbar, temperature=0K"
      }
    },
    "thermodynamics": {
      "unit cell energy": {
        "value": -116.89027931
      },
      "unit cell formation enthalpy": {
        "value": -3.059439
      },
      "energy info": {
        "value": "software VASP (vasp.5.4.4), k-points mesh 15x15x5, Ecut-off=401.823 eV, PAW_PBE, Al:PAW_PBE:04Jan2001, Fe:PAW_PBE:06Sep2000, Pressure=0.0 kbar, temperature=0K"
      },
      "interatomic potentials info": {
        "value": null
      },
      "magnetic free energy": {
        "value": null
      },
      "magnetic free energy info": {
        "value": null
      }
    },
    "magnetics": {
      "unit cell spin polarization": {
        "value": 24.956
      },
      "atomic spin specie": {
        "value": [
"1 Al",
-0.070,
"2 Al",
-0.070,
"3 Al",
-0.070,
"4 Al",
-0.070,
"5 Fe",
1.980,
"6 Fe",
1.980,
"7 Fe",
1.980,
"8 Fe",
1.980,
"9 Fe",
1.978,
"10 Fe",
1.978,
"11 Fe",
1.978,
"12 Fe",
1.978,
"13 Fe",
2.351,
"14 Fe",
2.351,
"15 Fe",
2.351,
"16 Fe",
2.351
]
      },
      "saturation magnetization": {
        "value": 1.532
      },
      "magnetization temperature": {
        "value": 0
      },
      "magnetization info": {
        "value": "software VASP (vasp.5.4.4), k-points mesh 15x15x5, Ecut-off=401.823 eV, PAW_PBE, Al:PAW_PBE:04Jan2001, Fe:PAW_PBE:06Sep2000, Pressure=0.0 kbar, temperature=0K"
      },
      "magnetocrystalline anisotropy energy": {
        "value": [
0.0000000000000000,0,1.0000000000000000,-116.97044144,0.2588190451025207,0,0.9659258262890683,-116.97051341,0.5000000000000000,0,0.8660254037844386,-116.97071206,0.7071067811865476,0,0.7071067811865476,-116.97099239,0.8660254037844386,0,0.5000000000000000,-116.97127216,1.0000000000000000,0,0.0000000000000000,-116.97154770]
      },
      "anisotropy energy type": {
        "value": "uniaxial"
      },
      "magnetocrystalline anisotropy constants": {
        "value": [
-0.923,-0.013]
      },
      "kind of anisotropy": {
        "value": "easy plane"
      },
      "anisotropy info": {
        "value": "software VASP (vasp.5.4.4) with spin-orbit coupling, k-points mesh 15x15x5, Ecut-off=401.823 eV, PAW_PBE, Al:PAW_PBE:04Jan2001, Fe:PAW_PBE:06Sep2000, Pressure=0.0 kbar, temperature=0K"
      },
      "exchange integrals": {
        "value": null
      },
      "exchange info": {
        "value": null
      },
      "magnetic order": {
        "value": null
      },
      "curie temperature": {
        "value": null
      },
      "curie temperature info": {
        "value": null
      },
      "anisotropy field": {
        "value": null
      },
      "remanence": {
        "value": null
      },
      "coercivity": {
        "value": null
      },
      "energy product": {
        "value": null
      },
      "hysteresis info": {
        "value": null
      },
      "domain wall width": {
        "value": null
      },
      "domain wall info": {
        "value": null
      },
      "exchange stiffness": {
        "value": null
      },
      "exchange stiffness info": {
        "value": null
      }
    },
    "additional information": {
      "authors": {
        "value": ["ICCRAM"]
      },
      "reference": {
        "value": "S. Curtarolo et al. Computational Materials Science 58 (2012) 218-226"
      },
      "comments": {
        "value": null
      },
      "attached files": {
        "value": [
"Al4Fe12_#139_1A.cif",
"CONTCAR_Al4Fe12_#139_1A",
"Al4Fe12_#139_1A.png"
]
      },
      "attached files info": {
        "value": null
      }
    }
  }
}
