{
  "confidential": {
  "value": false
  }, 
  "name": "NOVAMAG_theory_ICCRAM_Al4Fe12_#194_1A",
  "properties": {
    "approach": {
      "value": "theory"
    },
    "summary": {
      "value": "crystal, energy, magnetization, MAE"
    },
    "chemistry": {
      "chemical formula": {
        "value": "Al4Fe12"
      },
      "production info": {
        "value": "initial POSCAR from AFLOW library http://aflow.org/material.php?id=AlFe_pv/245"
      }
    },
    "crystal": {
      "compound space group": {
        "value": 194
      },
      "unit cell volume": {
        "value": 194.896398
      },
      "lattice parameters": {
        "value": [
          5.16636,
          5.16636,
          8.43159
        ]
      },
      "lattice angles": {
        "value": [
          90.00000,
          90.00000,
          120.00000
        ]
      },
      "atomic positions": {
        "value": [
"Al1(2a)",
0.00000,
0.00000,
0.00000,
"Al2(2c)",
0.33333,
0.66667,
0.25000,
"Fe1(6g)",
0.50000,
0.00000,
0.00000,
"Fe2(6h)",
0.82517,
0.65034,
0.25000
]
      },
      "crystal info": {
        "value": "software VASP (vasp.5.4.4), k-points mesh 13x13x7, Ecut-off=401.823 eV, PAW_PBE, Al:PAW_PBE:04Jan2001, Fe:PAW_PBE:06Sep2000, Pressure=0.0 kbar, temperature=0K"
      }
    },
    "thermodynamics": {
      "unit cell energy": {
        "value": -116.84729073
      },
      "unit cell formation enthalpy": {
        "value": -3.016450
      },
      "energy info": {
        "value": "software VASP (vasp.5.4.4), k-points mesh 13x13x7, Ecut-off=401.823 eV, PAW_PBE, Al:PAW_PBE:04Jan2001, Fe:PAW_PBE:06Sep2000, Pressure=0.0 kbar, temperature=0K"
      },
      "interatomic potentials info": {
        "value": null
      },
      "magnetic free energy": {
        "value": null
      },
      "magnetic free energy info": {
        "value": null
      }
    },
    "magnetics": {
      "unit cell spin polarization": {
        "value": 27.803
      },
      "atomic spin specie": {
        "value": [
"1 Al",
-0.084,
"2 Al",
-0.084,
"3 Al",
-0.085,
"4 Al",
-0.085,
"5 Fe",
2.369,
"6 Fe",
2.369,
"7 Fe",
2.369,
"8 Fe",
2.369,
"9 Fe",
2.369,
"10 Fe",
2.369,
"11 Fe",
2.321,
"12 Fe",
2.321,
"13 Fe",
2.321,
"14 Fe",
2.321,
"15 Fe",
2.321,
"16 Fe",
2.321
]
      },
      "saturation magnetization": {
        "value": 1.662
      },
      "magnetization temperature": {
        "value": 0
      },
      "magnetization info": {
        "value": "software VASP (vasp.5.4.4), k-points mesh 13x13x7, Ecut-off=401.823 eV, PAW_PBE, Al:PAW_PBE:04Jan2001, Fe:PAW_PBE:06Sep2000, Pressure=0.0 kbar, temperature=0K"
      },
      "magnetocrystalline anisotropy energy": {
        "value": [
0.0000000000000000,0,1.0000000000000000,-116.92316931,0.2588190451025207,0,0.9659258262890683,-116.92323103,0.5000000000000000,0,0.8660254037844386,-116.92339598,0.7071067811865476,0,0.7071067811865476,-116.92361911,0.8660254037844386,0,0.5000000000000000,-116.92384097,1.0000000000000000,0,0.0000000000000000,-116.92406031]
      },
      "anisotropy energy type": {
        "value": "uniaxial"
      },
      "magnetocrystalline anisotropy constants": {
        "value": [
-0.748,0.015]
      },
      "kind of anisotropy": {
        "value": "easy plane"
      },
      "anisotropy info": {
        "value": "software VASP (vasp.5.4.4) with spin-orbit coupling, k-points mesh 13x13x7, Ecut-off=401.823 eV, PAW_PBE, Al:PAW_PBE:04Jan2001, Fe:PAW_PBE:06Sep2000, Pressure=0.0 kbar, temperature=0K"
      },
      "exchange integrals": {
        "value": null
      },
      "exchange info": {
        "value": null
      },
      "magnetic order": {
        "value": null
      },
      "curie temperature": {
        "value": null
      },
      "curie temperature info": {
        "value": null
      },
      "anisotropy field": {
        "value": null
      },
      "remanence": {
        "value": null
      },
      "coercivity": {
        "value": null
      },
      "energy product": {
        "value": null
      },
      "hysteresis info": {
        "value": null
      },
      "domain wall width": {
        "value": null
      },
      "domain wall info": {
        "value": null
      },
      "exchange stiffness": {
        "value": null
      },
      "exchange stiffness info": {
        "value": null
      }
    },
    "additional information": {
      "authors": {
        "value": ["ICCRAM"]
      },
      "reference": {
        "value": "S. Curtarolo et al. Computational Materials Science 58 (2012) 218-226"
      },
      "comments": {
        "value": null
      },
      "attached files": {
        "value": [
"Al4Fe12_#194_1A.cif",
"CONTCAR_Al4Fe12_#194_1A",
"Al4Fe12_#194_1A.png"
]
      },
      "attached files info": {
        "value": null
      }
    }
  }
}
