{
  "confidential": {
  "value": false
  }, 
  "name": "NOVAMAG_theory_ICCRAM_Al6Fe18_#194_1A",
  "properties": {
    "approach": {
      "value": "theory"
    },
    "summary": {
      "value": "crystal, energy, magnetization, MAE"
    },
    "chemistry": {
      "chemical formula": {
        "value": "Al6Fe18"
      },
      "production info": {
        "value": "initial POSCAR from AFLOW library http://aflow.org/material.php?id=AlFe_pv/238"
      }
    },
    "crystal": {
      "compound space group": {
        "value": 194
      },
      "unit cell volume": {
        "value": 291.414885
      },
      "lattice parameters": {
        "value": [
          5.16628,
          5.16628,
          12.60741
        ]
      },
      "lattice angles": {
        "value": [
          90.00000,
          90.00000,
          120.00000
        ]
      },
      "atomic positions": {
        "value": [
"Al1(2b)",
0.00000,
0.00000,
0.25000,
"Al2(4f)",
0.33333,
0.66667,
-0.08574,
"Fe1(6h)",
0.49096,
-0.01808,
0.25000,
"Fe2(12k)",
0.83374,
0.66747,
-0.08257
]
      },
      "crystal info": {
        "value": "software VASP (vasp.5.4.4), k-points mesh 13x13x5, Ecut-off=401.823 eV, PAW_PBE, Al:PAW_PBE:04Jan2001, Fe:PAW_PBE:06Sep2000, Pressure=0.0 kbar, temperature=0K"
      }
    },
    "thermodynamics": {
      "unit cell energy": {
        "value": -175.35318083
      },
      "unit cell formation enthalpy": {
        "value": -4.606920
      },
      "energy info": {
        "value": "software VASP (vasp.5.4.4), k-points mesh 13x13x5, Ecut-off=401.823 eV, PAW_PBE, Al:PAW_PBE:04Jan2001, Fe:PAW_PBE:06Sep2000, Pressure=0.0 kbar, temperature=0K"
      },
      "interatomic potentials info": {
        "value": null
      },
      "magnetic free energy": {
        "value": null
      },
      "magnetic free energy info": {
        "value": null
      }
    },
    "magnetics": {
      "unit cell spin polarization": {
        "value": 41.246
      },
      "atomic spin specie": {
        "value": [
"1 Al",
-0.085,
"2 Al",
-0.085,
"3 Al",
-0.086,
"4 Al",
-0.086,
"5 Al",
-0.086,
"6 Al",
-0.086,
"7 Fe",
2.288,
"8 Fe",
2.288,
"9 Fe",
2.288,
"10 Fe",
2.288,
"11 Fe",
2.288,
"12 Fe",
2.288,
"13 Fe",
2.336,
"14 Fe",
2.336,
"15 Fe",
2.336,
"16 Fe",
2.336,
"17 Fe",
2.336,
"18 Fe",
2.336,
"19 Fe",
2.336,
"20 Fe",
2.336,
"21 Fe",
2.336,
"22 Fe",
2.336,
"23 Fe",
2.336,
"24 Fe",
2.336
]
      },
      "saturation magnetization": {
        "value": 1.649
      },
      "magnetization temperature": {
        "value": 0
      },
      "magnetization info": {
        "value": "software VASP (vasp.5.4.4), k-points mesh 13x13x5, Ecut-off=401.823 eV, PAW_PBE, Al:PAW_PBE:04Jan2001, Fe:PAW_PBE:06Sep2000, Pressure=0.0 kbar, temperature=0K"
      },
      "magnetocrystalline anisotropy energy": {
        "value": [
0.0000000000000000,0,1.0000000000000000,-175.46859305,0.2588190451025207,0,0.9659258262890683,-175.46864835,0.5000000000000000,0,0.8660254037844386,-175.46880237,0.7071067811865476,0,0.7071067811865476,-175.46901306,0.8660254037844386,0,0.5000000000000000,-175.46922389,1.0000000000000000,0,0.0000000000000000,-175.46943787]
      },
      "anisotropy energy type": {
        "value": "uniaxial"
      },
      "magnetocrystalline anisotropy constants": {
        "value": [
-0.459,-0.006]
      },
      "kind of anisotropy": {
        "value": "easy plane"
      },
      "anisotropy info": {
        "value": "software VASP (vasp.5.4.4) with spin-orbit coupling, k-points mesh 13x13x5, Ecut-off=401.823 eV, PAW_PBE, Al:PAW_PBE:04Jan2001, Fe:PAW_PBE:06Sep2000, Pressure=0.0 kbar, temperature=0K"
      },
      "exchange integrals": {
        "value": null
      },
      "exchange info": {
        "value": null
      },
      "magnetic order": {
        "value": null
      },
      "curie temperature": {
        "value": null
      },
      "curie temperature info": {
        "value": null
      },
      "anisotropy field": {
        "value": null
      },
      "remanence": {
        "value": null
      },
      "coercivity": {
        "value": null
      },
      "energy product": {
        "value": null
      },
      "hysteresis info": {
        "value": null
      },
      "domain wall width": {
        "value": null
      },
      "domain wall info": {
        "value": null
      },
      "exchange stiffness": {
        "value": null
      },
      "exchange stiffness info": {
        "value": null
      }
    },
    "additional information": {
      "authors": {
        "value": ["ICCRAM"]
      },
      "reference": {
        "value": "S. Curtarolo et al. Computational Materials Science 58 (2012) 218-226"
      },
      "comments": {
        "value": null
      },
      "attached files": {
        "value": [
"Al6Fe18_#194_1A.cif",
"CONTCAR_Al6Fe18_#194_1A",
"Al6Fe18_#194_1A.png"
]
      },
      "attached files info": {
        "value": null
      }
    }
  }
}
