{
  "confidential": {
  "value": false
  }, 
  "name": "NOVAMAG_theory_ICCRAM_Al6Fe8_#139_1A",
  "properties": {
    "approach": {
      "value": "theory"
    },
      "summary": {
      "value": "crystal, energy, magnetization, MAE, coercivity, energy product"
    },
    "chemistry": {
      "chemical formula": {
        "value": "Al6Fe8"
      },
      "production info": {
        "value": "initial POSCAR from AFLOW library http://aflow.org/material.php?id=AlFe_pv/263"
      }
    },
    "crystal": {
      "compound space group": {
        "value": 139
      },
      "unit cell volume": {
        "value": 177.054671
      },
      "lattice parameters": {
        "value": [
          3.01676,
          3.01676,
          19.45481
        ]
      },
      "lattice angles": {
        "value": [
          90.00000,
          90.00000,
          90.00000
        ]
      },
      "atomic positions": {
        "value": [
"Al1(2a)",
0.00000,
0.00000,
0.00000,
"Al2(4e)",
0.00000,
0.00000,
0.29470,
"Fe1(4e)",
0.00000,
0.00000,
0.13724,
"Fe2(4e)",
0.00000,
0.00000,
0.42853
]
      },
      "crystal info": {
        "value": "software VASP (vasp.5.4.4), k-points mesh 20x20x3, Ecut-off=401.823 eV, PAW_PBE, Al:PAW_PBE:04Jan2001, Fe:PAW_PBE:06Sep2000, Pressure=0.0 kbar, temperature=0K"
      }
    },
    "thermodynamics": {
      "unit cell energy": {
        "value": -91.54364424
      },
      "unit cell formation enthalpy": {
        "value": -3.169297
      },
      "energy info": {
        "value": "software VASP (vasp.5.4.4), k-points mesh 20x20x3, Ecut-off=401.823 eV, PAW_PBE, Al:PAW_PBE:04Jan2001, Fe:PAW_PBE:06Sep2000, Pressure=0.0 kbar, temperature=0K"
      },
      "interatomic potentials info": {
        "value": null
      },
      "magnetic free energy": {
        "value": null
      },
      "magnetic free energy info": {
        "value": null
      }
    },
    "magnetics": {
      "unit cell spin polarization": {
        "value": 17.124
      },
      "atomic spin specie": {
        "value": [
"1 Al",
-0.057,
"2 Al",
-0.057,
"3 Al",
-0.039,
"4 Al",
-0.039,
"5 Al",
-0.039,
"6 Al",
-0.039,
"7 Fe",
2.024,
"8 Fe",
2.024,
"9 Fe",
2.026,
"10 Fe",
2.026,
"11 Fe",
2.324,
"12 Fe",
2.324,
"13 Fe",
2.323,
"14 Fe",
2.323
]
      },
      "saturation magnetization": {
        "value": 1.127
      },
      "magnetization temperature": {
        "value": 0
      },
      "magnetization info": {
        "value": "software VASP (vasp.5.4.4), k-points mesh 20x20x3, Ecut-off=401.823 eV, PAW_PBE, Al:PAW_PBE:04Jan2001, Fe:PAW_PBE:06Sep2000, Pressure=0.0 kbar, temperature=0K"
      },
      "magnetocrystalline anisotropy energy": {
        "value": [
0.0000000000000000,0,1.0000000000000000,-91.59645176,0.2588190451025207,0,0.9659258262890683,-91.59643687,0.5000000000000000,0,0.8660254037844386,-91.59639400,0.7071067811865476,0,0.7071067811865476,-91.59633244,0.8660254037844386,0,0.5000000000000000,-91.59627060,1.0000000000000000,0,0.0000000000000000,-91.59621698]
      },
      "anisotropy energy type": {
        "value": "uniaxial"
      },
      "magnetocrystalline anisotropy constants": {
        "value": [
0.219,-0.006]
      },
      "kind of anisotropy": {
        "value": "easy axis"
      },
      "anisotropy info": {
        "value": "software VASP (vasp.5.4.4) with spin-orbit coupling, k-points mesh 20x20x3, Ecut-off=401.823 eV, PAW_PBE, Al:PAW_PBE:04Jan2001, Fe:PAW_PBE:06Sep2000, Pressure=0.0 kbar, temperature=0K"
      },
      "exchange integrals": {
        "value": null
      },
      "exchange info": {
        "value": null
      },
      "magnetic order": {
        "value": null
      },
      "curie temperature": {
        "value": null
      },
      "curie temperature info": {
        "value": null
      },
      "anisotropy field": {
        "value": 0.462
      },
      "remanence": {
        "value": 1.127
      },
      "coercivity": {
        "value": 0.462
      },
      "energy product": {
        "value": 252.684
      },
      "hysteresis info": {
        "value": "Stoner-Wohlfarth model without shape anisotropy, perfectly rectangular hysteresis loop, temperature = 0 K. Remanence equals to saturation magnetization (Ms). Anisotropy field: mu_0*Hk=(2*K_1+4*K_2)/Ms, where mu_0 is the vacuum permeability. Coercivity: Hc=Hk. Maximum energy product (upper limit)=(1/4)*mu_0*Ms^2, note this value can only be reached if the demagnetization factor is D=0.5 and Hc>0.5*Ms."
      },
      "domain wall width": {
        "value": null
      },
      "domain wall info": {
        "value": null
      },
      "exchange stiffness": {
        "value": null
      },
      "exchange stiffness info": {
        "value": null
      }
    },
    "additional information": {
      "authors": {
        "value": ["ICCRAM"]
      },
      "reference": {
        "value": "S. Curtarolo et al. Computational Materials Science 58 (2012) 218-226"
      },
      "comments": {
        "value": "Hardness parameter=0.465"
      },
      "attached files": {
        "value": [
"Al6Fe8_#139_1A.cif",
"CONTCAR_Al6Fe8_#139_1A",
"Al6Fe8_#139_1A.png"
]
      },
      "attached files info": {
        "value": null
      }
    }
  }
}
