{
  "confidential": {
  "value": false
  }, 
  "name": "NOVAMAG_theory_ICCRAM_Al6Fe10_#193_1A",
  "properties": {
    "approach": {
      "value": "theory"
    },
    "summary": {
      "value": "crystal, energy, magnetization, MAE"
    },
    "chemistry": {
      "chemical formula": {
        "value": "Al6Fe10"
      },
      "production info": {
        "value": "initial POSCAR from AFLOW library http://aflow.org/material.php?id=AlFe_pv/223"
      }
    },
    "crystal": {
      "compound space group": {
        "value": 193
      },
      "unit cell volume": {
        "value": 203.633461
      },
      "lattice parameters": {
        "value": [
          7.03123,
          7.03123,
          4.75598
        ]
      },
      "lattice angles": {
        "value": [
          90.00000,
          90.00000,
          120.00000
        ]
      },
      "atomic positions": {
        "value": [
"Al1(6g)",
0.40547,
0.00000,
0.25000,
"Fe1(4d)",
0.33333,
0.66667,
0.00000,
"Fe2(6g)",
0.78576,
0.00000,
0.25000
]
      },
      "crystal info": {
        "value": "software VASP (vasp.5.4.4), k-points mesh 10x10x13, Ecut-off=401.823 eV, PAW_PBE, Al:PAW_PBE:04Jan2001, Fe:PAW_PBE:06Sep2000, Pressure=0.0 kbar, temperature=0K"
      }
    },
    "thermodynamics": {
      "unit cell energy": {
        "value": -106.94493477
      },
      "unit cell formation enthalpy": {
        "value": -2.096204
      },
      "energy info": {
        "value": "software VASP (vasp.5.4.4), k-points mesh 10x10x13, Ecut-off=401.823 eV, PAW_PBE, Al:PAW_PBE:04Jan2001, Fe:PAW_PBE:06Sep2000, Pressure=0.0 kbar, temperature=0K"
      },
      "interatomic potentials info": {
        "value": null
      },
      "magnetic free energy": {
        "value": null
      },
      "magnetic free energy info": {
        "value": null
      }
    },
    "magnetics": {
      "unit cell spin polarization": {
        "value": 21.563
      },
      "atomic spin specie": {
        "value": [
"1 Al",
-0.068,
"2 Al",
-0.068,
"3 Al",
-0.068,
"4 Al",
-0.068,
"5 Al",
-0.068,
"6 Al",
-0.068,
"7 Fe",
1.778,
"8 Fe",
1.778,
"9 Fe",
1.778,
"10 Fe",
1.778,
"11 Fe",
2.477,
"12 Fe",
2.477,
"13 Fe",
2.477,
"14 Fe",
2.477,
"15 Fe",
2.477,
"16 Fe",
2.477
]
      },
      "saturation magnetization": {
        "value": 1.233
      },
      "magnetization temperature": {
        "value": 0
      },
      "magnetization info": {
        "value": "software VASP (vasp.5.4.4), k-points mesh 10x10x13, Ecut-off=401.823 eV, PAW_PBE, Al:PAW_PBE:04Jan2001, Fe:PAW_PBE:06Sep2000, Pressure=0.0 kbar, temperature=0K"
      },
      "magnetocrystalline anisotropy energy": {
        "value": [
0.0000000000000000,0,1.0000000000000000,-107.00920935,0.2588190451025207,0,0.9659258262890683,-107.00928277,0.5000000000000000,0,0.8660254037844386,-107.00949029,0.7071067811865476,0,0.7071067811865476,-107.00977874,0.8660254037844386,0,0.5000000000000000,-107.01007180,1.0000000000000000,0,0.0000000000000000,-107.01040732]
      },
      "anisotropy energy type": {
        "value": "uniaxial"
      },
      "magnetocrystalline anisotropy constants": {
        "value": [
-0.843,-0.096]
      },
      "kind of anisotropy": {
        "value": "easy plane"
      },
      "anisotropy info": {
        "value": "software VASP (vasp.5.4.4) with spin-orbit coupling, k-points mesh 10x10x13, Ecut-off=401.823 eV, PAW_PBE, Al:PAW_PBE:04Jan2001, Fe:PAW_PBE:06Sep2000, Pressure=0.0 kbar, temperature=0K"
      },
      "exchange integrals": {
        "value": null
      },
      "exchange info": {
        "value": null
      },
      "magnetic order": {
        "value": null
      },
      "curie temperature": {
        "value": null
      },
      "curie temperature info": {
        "value": null
      },
      "anisotropy field": {
        "value": null
      },
      "remanence": {
        "value": null
      },
      "coercivity": {
        "value": null
      },
      "energy product": {
        "value": null
      },
      "hysteresis info": {
        "value": null
      },
      "domain wall width": {
        "value": null
      },
      "domain wall info": {
        "value": null
      },
      "exchange stiffness": {
        "value": null
      },
      "exchange stiffness info": {
        "value": null
      }
    },
    "additional information": {
      "authors": {
        "value": ["ICCRAM"]
      },
      "reference": {
        "value": "S. Curtarolo et al. Computational Materials Science 58 (2012) 218-226"
      },
      "comments": {
        "value": null
      },
      "attached files": {
        "value": [
"Al6Fe10_#193_1A.cif",
"CONTCAR_Al6Fe10_#193_1A",
"Al6Fe10_#193_1A.png"
]
      },
      "attached files info": {
        "value": null
      }
    }
  }
}
