{
  "confidential": {
  "value": false
  }, 
  "name": "NOVAMAG_theory_ICCRAM_Al6Fe9_#164_1A",
  "properties": {
    "approach": {
      "value": "theory"
    },
      "summary": {
      "value": "crystal, energy, magnetization, MAE, coercivity, energy product"
    },
    "chemistry": {
      "chemical formula": {
        "value": "Al6Fe9"
      },
      "production info": {
        "value": "initial POSCAR from AFLOW library http://aflow.org/material.php?id=AlFe_pv/260"
      }
    },
    "crystal": {
      "compound space group": {
        "value": 164
      },
      "unit cell volume": {
        "value": 187.184151
      },
      "lattice parameters": {
        "value": [
          2.67811,
          2.67811,
          30.13564
        ]
      },
      "lattice angles": {
        "value": [
          90.00000,
          90.00000,
          120.00000
        ]
      },
      "atomic positions": {
        "value": [
"Al1(2c)",
0.00000,
0.00000,
0.39819,
"Al2(2d)",
0.33333,
0.66667,
0.06811,
"Al3(2d)",
0.33333,
0.66667,
0.26887,
"Fe1(1a)",
0.00000,
0.00000,
0.00000,
"Fe2(2d)",
0.33333,
0.66667,
0.66648,
"Fe3(2c)",
0.00000,
0.00000,
0.79963,
"Fe4(2d)",
0.33333,
0.66667,
0.46631,
"Fe5(2d)",
0.33333,
0.66667,
0.86346
]
      },
      "crystal info": {
        "value": "software VASP (vasp.5.4.4), k-points mesh 26x26x2, Ecut-off=401.823 eV, PAW_PBE, Al:PAW_PBE:04Jan2001, Fe:PAW_PBE:06Sep2000, Pressure=0.0 kbar, temperature=0K"
      }
    },
    "thermodynamics": {
      "unit cell energy": {
        "value": -97.02455948
      },
      "unit cell formation enthalpy": {
        "value": -0.413020
      },
      "energy info": {
        "value": "software VASP (vasp.5.4.4), k-points mesh 26x26x2, Ecut-off=401.823 eV, PAW_PBE, Al:PAW_PBE:04Jan2001, Fe:PAW_PBE:06Sep2000, Pressure=0.0 kbar, temperature=0K"
      },
      "interatomic potentials info": {
        "value": null
      },
      "magnetic free energy": {
        "value": null
      },
      "magnetic free energy info": {
        "value": null
      }
    },
    "magnetics": {
      "unit cell spin polarization": {
        "value": 14.094
      },
      "atomic spin specie": {
        "value": [
"1 Al",
-0.021,
"2 Al",
-0.021,
"3 Al",
-0.031,
"4 Al",
-0.020,
"5 Al",
-0.020,
"6 Al",
-0.031,
"7 Fe",
2.103,
"8 Fe",
0.003,
"9 Fe",
0.003,
"10 Fe",
1.950,
"11 Fe",
1.950,
"12 Fe",
2.247,
"13 Fe",
1.868,
"14 Fe",
1.868,
"15 Fe",
2.247
]
      },
      "saturation magnetization": {
        "value": 0.877
      },
      "magnetization temperature": {
        "value": 0
      },
      "magnetization info": {
        "value": "software VASP (vasp.5.4.4), k-points mesh 26x26x2, Ecut-off=401.823 eV, PAW_PBE, Al:PAW_PBE:04Jan2001, Fe:PAW_PBE:06Sep2000, Pressure=0.0 kbar, temperature=0K"
      },
      "magnetocrystalline anisotropy energy": {
        "value": [
0.0000000000000000,0,1.0000000000000000,-97.08548031,0.2588190451025207,0,0.9659258262890683,-97.08538952,0.5000000000000000,0,0.8660254037844386,-97.08514112,0.7071067811865476,0,0.7071067811865476,-97.08477494,0.8660254037844386,0,0.5000000000000000,-97.08440729,1.0000000000000000,0,0.0000000000000000,-97.08406458]
      },
      "anisotropy energy type": {
        "value": "uniaxial"
      },
      "magnetocrystalline anisotropy constants": {
        "value": [
1.196,0.021]
      },
      "kind of anisotropy": {
        "value": "easy axis"
      },
      "anisotropy info": {
        "value": "software VASP (vasp.5.4.4) with spin-orbit coupling, k-points mesh 26x26x2, Ecut-off=401.823 eV, PAW_PBE, Al:PAW_PBE:04Jan2001, Fe:PAW_PBE:06Sep2000, Pressure=0.0 kbar, temperature=0K"
      },
      "exchange integrals": {
        "value": null
      },
      "exchange info": {
        "value": null
      },
      "magnetic order": {
        "value": null
      },
      "curie temperature": {
        "value": null
      },
      "curie temperature info": {
        "value": null
      },
      "anisotropy field": {
        "value": 3.548
      },
      "remanence": {
        "value": 0.877
      },
      "coercivity": {
        "value": 3.548
      },
      "energy product": {
        "value": 153.013
      },
      "hysteresis info": {
        "value": "Stoner-Wohlfarth model without shape anisotropy, perfectly rectangular hysteresis loop, temperature = 0 K. Remanence equals to saturation magnetization (Ms). Anisotropy field: mu_0*Hk=(2*K_1+4*K_2)/Ms, where mu_0 is the vacuum permeability. Coercivity: Hc=Hk. Maximum energy product (upper limit)=(1/4)*mu_0*Ms^2, note this value can only be reached if the demagnetization factor is D=0.5 and Hc>0.5*Ms."
      },
      "domain wall width": {
        "value": null
      },
      "domain wall info": {
        "value": null
      },
      "exchange stiffness": {
        "value": null
      },
      "exchange stiffness info": {
        "value": null
      }
    },
    "additional information": {
      "authors": {
        "value": ["ICCRAM"]
      },
      "reference": {
        "value": "S. Curtarolo et al. Computational Materials Science 58 (2012) 218-226"
      },
      "comments": {
        "value": "Hardness parameter=1.398"
      },
      "attached files": {
        "value": [
"Al6Fe9_#164_1A.cif",
"CONTCAR_Al6Fe9_#164_1A",
"Al6Fe9_#164_1A.png"
]
      },
      "attached files info": {
        "value": null
      }
    }
  }
}
