{
  "confidential": {
  "value": false
  }, 
  "name": "NOVAMAG_theory_ICCRAM_Al8Fe10_#193_1A",
  "properties": {
    "approach": {
      "value": "theory"
    },
      "summary": {
      "value": "crystal, energy, magnetization, MAE, coercivity, energy product"
    },
    "chemistry": {
      "chemical formula": {
        "value": "Al8Fe10"
      },
      "production info": {
        "value": "initial POSCAR from AFLOW library http://aflow.org/material.php?id=AlFe_pv/359"
      }
    },
    "crystal": {
      "compound space group": {
        "value": 193
      },
      "unit cell volume": {
        "value": 227.248959
      },
      "lattice parameters": {
        "value": [
          7.25885,
          7.25885,
          4.98007
        ]
      },
      "lattice angles": {
        "value": [
          90.00000,
          90.00000,
          120.00000
        ]
      },
      "atomic positions": {
        "value": [
"Al1(2b)",
0.00000,
0.00000,
0.00000,
"Al2(6g)",
0.37475,
0.00000,
0.25000,
"Fe1(6g)",
0.70408,
0.00000,
0.25000,
"Fe2(4d)",
0.33333,
0.66667,
0.00000
]
      },
      "crystal info": {
        "value": "software VASP (vasp.5.4.4), k-points mesh 10x10x12, Ecut-off=401.823 eV, PAW_PBE, Al:PAW_PBE:04Jan2001, Fe:PAW_PBE:06Sep2000, Pressure=0.0 kbar, temperature=0K"
      }
    },
    "thermodynamics": {
      "unit cell energy": {
        "value": -115.51432128
      },
      "unit cell formation enthalpy": {
        "value": -3.173319
      },
      "energy info": {
        "value": "software VASP (vasp.5.4.4), k-points mesh 10x10x12, Ecut-off=401.823 eV, PAW_PBE, Al:PAW_PBE:04Jan2001, Fe:PAW_PBE:06Sep2000, Pressure=0.0 kbar, temperature=0K"
      },
      "interatomic potentials info": {
        "value": null
      },
      "magnetic free energy": {
        "value": null
      },
      "magnetic free energy info": {
        "value": null
      }
    },
    "magnetics": {
      "unit cell spin polarization": {
        "value": 20.020
      },
      "atomic spin specie": {
        "value": [
"1 Al",
-0.033,
"2 Al",
-0.033,
"3 Al",
-0.057,
"4 Al",
-0.057,
"5 Al",
-0.057,
"6 Al",
-0.057,
"7 Al",
-0.057,
"8 Al",
-0.057,
"9 Fe",
1.845,
"10 Fe",
1.844,
"11 Fe",
1.845,
"12 Fe",
1.844,
"13 Fe",
1.845,
"14 Fe",
1.844,
"15 Fe",
2.340,
"16 Fe",
2.340,
"17 Fe",
2.340,
"18 Fe",
2.340
]
      },
      "saturation magnetization": {
        "value": 1.026
      },
      "magnetization temperature": {
        "value": 0
      },
      "magnetization info": {
        "value": "software VASP (vasp.5.4.4), k-points mesh 10x10x12, Ecut-off=401.823 eV, PAW_PBE, Al:PAW_PBE:04Jan2001, Fe:PAW_PBE:06Sep2000, Pressure=0.0 kbar, temperature=0K"
      },
      "magnetocrystalline anisotropy energy": {
        "value": [
0.0000000000000000,0,1.0000000000000000,-115.57937535,0.2588190451025207,0,0.9659258262890683,-115.57935799,0.5000000000000000,0,0.8660254037844386,-115.57931135,0.7071067811865476,0,0.7071067811865476,-115.57924249,0.8660254037844386,0,0.5000000000000000,-115.57917189,1.0000000000000000,0,0.0000000000000000,-115.57910525]
      },
      "anisotropy energy type": {
        "value": "uniaxial"
      },
      "magnetocrystalline anisotropy constants": {
        "value": [
0.184,0.008]
      },
      "kind of anisotropy": {
        "value": "easy axis"
      },
      "anisotropy info": {
        "value": "software VASP (vasp.5.4.4) with spin-orbit coupling, k-points mesh 10x10x12, Ecut-off=401.823 eV, PAW_PBE, Al:PAW_PBE:04Jan2001, Fe:PAW_PBE:06Sep2000, Pressure=0.0 kbar, temperature=0K"
      },
      "exchange integrals": {
        "value": null
      },
      "exchange info": {
        "value": null
      },
      "magnetic order": {
        "value": null
      },
      "curie temperature": {
        "value": null
      },
      "curie temperature info": {
        "value": null
      },
      "anisotropy field": {
        "value": 0.490
      },
      "remanence": {
        "value": 1.026
      },
      "coercivity": {
        "value": 0.490
      },
      "energy product": {
        "value": 209.423
      },
      "hysteresis info": {
        "value": "Stoner-Wohlfarth model without shape anisotropy, perfectly rectangular hysteresis loop, temperature = 0 K. Remanence equals to saturation magnetization (Ms). Anisotropy field: mu_0*Hk=(2*K_1+4*K_2)/Ms, where mu_0 is the vacuum permeability. Coercivity: Hc=Hk. Maximum energy product (upper limit)=(1/4)*mu_0*Ms^2, note this value can only be reached if the demagnetization factor is D=0.5 and Hc>0.5*Ms."
      },
      "domain wall width": {
        "value": null
      },
      "domain wall info": {
        "value": null
      },
      "exchange stiffness": {
        "value": null
      },
      "exchange stiffness info": {
        "value": null
      }
    },
    "additional information": {
      "authors": {
        "value": ["ICCRAM"]
      },
      "reference": {
        "value": "S. Curtarolo et al. Computational Materials Science 58 (2012) 218-226"
      },
      "comments": {
        "value": "Hardness parameter=0.469"
      },
      "attached files": {
        "value": [
"Al8Fe10_#193_1A.cif",
"CONTCAR_Al8Fe10_#193_1A",
"Al8Fe10_#193_1A.png"
]
      },
      "attached files info": {
        "value": null
      }
    }
  }
}
