{
  "confidential": {
  "value": false
  }, 
  "name": "NOVAMAG_theory_ICCRAM_Al8Fe10_#139_1A",
  "properties": {
    "approach": {
      "value": "theory"
    },
    "summary": {
      "value": "crystal, energy, magnetization, MAE"
    },
    "chemistry": {
      "chemical formula": {
        "value": "Al8Fe10"
      },
      "production info": {
        "value": "initial POSCAR from AFLOW library http://aflow.org/material.php?id=AlFe_pv/313"
      }
    },
    "crystal": {
      "compound space group": {
        "value": 139
      },
      "unit cell volume": {
        "value": 230.439040
      },
      "lattice parameters": {
        "value": [
          8.28365,
          8.28365,
          3.35825
        ]
      },
      "lattice angles": {
        "value": [
          90.00000,
          90.00000,
          90.00000
        ]
      },
      "atomic positions": {
        "value": [
"Al1(8i)",
0.68722,
0.00000,
0.00000,
"Fe1(2a)",
0.00000,
0.00000,
0.00000,
"Fe2(8h)",
0.33172,
0.33172,
0.00000
]
      },
      "crystal info": {
        "value": "software VASP (vasp.5.4.4), k-points mesh 7x7x18, Ecut-off=401.823 eV, PAW_PBE, Al:PAW_PBE:04Jan2001, Fe:PAW_PBE:06Sep2000, Pressure=0.0 kbar, temperature=0K"
      }
    },
    "thermodynamics": {
      "unit cell energy": {
        "value": -115.81667979
      },
      "unit cell formation enthalpy": {
        "value": -3.475677
      },
      "energy info": {
        "value": "software VASP (vasp.5.4.4), k-points mesh 7x7x18, Ecut-off=401.823 eV, PAW_PBE, Al:PAW_PBE:04Jan2001, Fe:PAW_PBE:06Sep2000, Pressure=0.0 kbar, temperature=0K"
      },
      "interatomic potentials info": {
        "value": null
      },
      "magnetic free energy": {
        "value": null
      },
      "magnetic free energy info": {
        "value": null
      }
    },
    "magnetics": {
      "unit cell spin polarization": {
        "value": 21.018
      },
      "atomic spin specie": {
        "value": [
"1 Al",
-0.041,
"2 Al",
-0.041,
"3 Al",
-0.041,
"4 Al",
-0.041,
"5 Al",
-0.041,
"6 Al",
-0.041,
"7 Al",
-0.041,
"8 Al",
-0.041,
"9 Fe",
2.316,
"10 Fe",
2.316,
"11 Fe",
2.090,
"12 Fe",
2.089,
"13 Fe",
2.089,
"14 Fe",
2.090,
"15 Fe",
2.089,
"16 Fe",
2.089,
"17 Fe",
2.089,
"18 Fe",
2.089
]
      },
      "saturation magnetization": {
        "value": 1.062
      },
      "magnetization temperature": {
        "value": 0
      },
      "magnetization info": {
        "value": "software VASP (vasp.5.4.4), k-points mesh 7x7x18, Ecut-off=401.823 eV, PAW_PBE, Al:PAW_PBE:04Jan2001, Fe:PAW_PBE:06Sep2000, Pressure=0.0 kbar, temperature=0K"
      },
      "magnetocrystalline anisotropy energy": {
        "value": [
0.0000000000000000,0,1.0000000000000000,-115.88095629,0.2588190451025207,0,0.9659258262890683,-115.88100021,0.5000000000000000,0,0.8660254037844386,-115.88112622,0.7071067811865476,0,0.7071067811865476,-115.88130409,0.8660254037844386,0,0.5000000000000000,-115.88148656,1.0000000000000000,0,0.0000000000000000,-115.88167381]
      },
      "anisotropy energy type": {
        "value": "uniaxial"
      },
      "magnetocrystalline anisotropy constants": {
        "value": [
-0.467,-0.032]
      },
      "kind of anisotropy": {
        "value": "easy plane"
      },
      "anisotropy info": {
        "value": "software VASP (vasp.5.4.4) with spin-orbit coupling, k-points mesh 7x7x18, Ecut-off=401.823 eV, PAW_PBE, Al:PAW_PBE:04Jan2001, Fe:PAW_PBE:06Sep2000, Pressure=0.0 kbar, temperature=0K"
      },
      "exchange integrals": {
        "value": null
      },
      "exchange info": {
        "value": null
      },
      "magnetic order": {
        "value": null
      },
      "curie temperature": {
        "value": null
      },
      "curie temperature info": {
        "value": null
      },
      "anisotropy field": {
        "value": null
      },
      "remanence": {
        "value": null
      },
      "coercivity": {
        "value": null
      },
      "energy product": {
        "value": null
      },
      "hysteresis info": {
        "value": null
      },
      "domain wall width": {
        "value": null
      },
      "domain wall info": {
        "value": null
      },
      "exchange stiffness": {
        "value": null
      },
      "exchange stiffness info": {
        "value": null
      }
    },
    "additional information": {
      "authors": {
        "value": ["ICCRAM"]
      },
      "reference": {
        "value": "S. Curtarolo et al. Computational Materials Science 58 (2012) 218-226"
      },
      "comments": {
        "value": null
      },
      "attached files": {
        "value": [
"Al8Fe10_#139_1A.cif",
"CONTCAR_Al8Fe10_#139_1A",
"Al8Fe10_#139_1A.png"
]
      },
      "attached files info": {
        "value": null
      }
    }
  }
}
