{
  "confidential": {
  "value": false
  }, 
  "name": "NOVAMAG_theory_ICCRAM_Al8Fe16_#141_1A",
  "properties": {
    "approach": {
      "value": "theory"
    },
     "summary": {
      "value": "crystal, energy, magnetization, MAE, coercivity, energy product"
    },
    "chemistry": {
      "chemical formula": {
        "value": "Al8Fe16"
      },
      "production info": {
        "value": "initial POSCAR from AFLOW library http://aflow.org/material.php?id=AlFe_pv/382"
      }
    },
    "crystal": {
      "compound space group": {
        "value": 141
      },
      "unit cell volume": {
        "value": 294.845090
      },
      "lattice parameters": {
        "value": [
          3.61365,
          3.61365,
          22.57887
        ]
      },
      "lattice angles": {
        "value": [
          90.00000,
          90.00000,
          90.00000
        ]
      },
      "atomic positions": {
        "value": [
"Al1(8e)",
0.00000,
0.25000,
-0.04463,
"Fe1(8e)",
0.00000,
0.25000,
0.12510,
"Fe2(8e)",
0.00000,
0.25000,
0.29184
]
      },
      "crystal info": {
        "value": "software VASP (vasp.5.4.4), k-points mesh 17x17x3, Ecut-off=401.823 eV, PAW_PBE, Al:PAW_PBE:04Jan2001, Fe:PAW_PBE:06Sep2000, Pressure=0.0 kbar, temperature=0K"
      }
    },
    "thermodynamics": {
      "unit cell energy": {
        "value": -166.77579008
      },
      "unit cell formation enthalpy": {
        "value": -5.011639
      },
      "energy info": {
        "value": "software VASP (vasp.5.4.4), k-points mesh 17x17x3, Ecut-off=401.823 eV, PAW_PBE, Al:PAW_PBE:04Jan2001, Fe:PAW_PBE:06Sep2000, Pressure=0.0 kbar, temperature=0K"
      },
      "interatomic potentials info": {
        "value": null
      },
      "magnetic free energy": {
        "value": null
      },
      "magnetic free energy info": {
        "value": null
      }
    },
    "magnetics": {
      "unit cell spin polarization": {
        "value": 34.862
      },
      "atomic spin specie": {
        "value": [
"1 Al",
-0.065,
"2 Al",
-0.065,
"3 Al",
-0.065,
"4 Al",
-0.065,
"5 Al",
-0.065,
"6 Al",
-0.065,
"7 Al",
-0.065,
"8 Al",
-0.065,
"9 Fe",
2.276,
"10 Fe",
2.275,
"11 Fe",
2.276,
"12 Fe",
2.275,
"13 Fe",
2.276,
"14 Fe",
2.275,
"15 Fe",
2.276,
"16 Fe",
2.275,
"17 Fe",
2.147,
"18 Fe",
2.147,
"19 Fe",
2.147,
"20 Fe",
2.147,
"21 Fe",
2.147,
"22 Fe",
2.147,
"23 Fe",
2.147,
"24 Fe",
2.147
]
      },
      "saturation magnetization": {
        "value": 1.377
      },
      "magnetization temperature": {
        "value": 0
      },
      "magnetization info": {
        "value": "software VASP (vasp.5.4.4), k-points mesh 17x17x3, Ecut-off=401.823 eV, PAW_PBE, Al:PAW_PBE:04Jan2001, Fe:PAW_PBE:06Sep2000, Pressure=0.0 kbar, temperature=0K"
      },
      "magnetocrystalline anisotropy energy": {
        "value": [
0.0000000000000000,0,1.0000000000000000,-166.88159438,0.2588190451025207,0,0.9659258262890683,-166.88148883,0.5000000000000000,0,0.8660254037844386,-166.88119273,0.7071067811865476,0,0.7071067811865476,-166.88076661,0.8660254037844386,0,0.5000000000000000,-166.88034398,1.0000000000000000,0,0.0000000000000000,-166.87992979]
      },
      "anisotropy energy type": {
        "value": "uniaxial"
      },
      "magnetocrystalline anisotropy constants": {
        "value": [
0.887,0.020]
      },
      "kind of anisotropy": {
        "value": "easy axis"
      },
      "anisotropy info": {
        "value": "software VASP (vasp.5.4.4) with spin-orbit coupling, k-points mesh 17x17x3, Ecut-off=401.823 eV, PAW_PBE, Al:PAW_PBE:04Jan2001, Fe:PAW_PBE:06Sep2000, Pressure=0.0 kbar, temperature=0K"
      },
      "exchange integrals": {
        "value": null
      },
      "exchange info": {
        "value": null
      },
      "magnetic order": {
        "value": null
      },
      "curie temperature": {
        "value": null
      },
      "curie temperature info": {
        "value": null
      },
      "anisotropy field": {
        "value": 1.692
      },
      "remanence": {
        "value": 1.377
      },
      "coercivity": {
        "value": 1.692
      },
      "energy product": {
        "value": 377.223
      },
      "hysteresis info": {
        "value": "Stoner-Wohlfarth model without shape anisotropy, perfectly rectangular hysteresis loop, temperature = 0 K. Remanence equals to saturation magnetization (Ms). Anisotropy field: mu_0*Hk=(2*K_1+4*K_2)/Ms, where mu_0 is the vacuum permeability. Coercivity: Hc=Hk. Maximum energy product (upper limit)=(1/4)*mu_0*Ms^2, note this value can only be reached if the demagnetization factor is D=0.5 and Hc>0.5*Ms."
      },
      "domain wall width": {
        "value": null
      },
      "domain wall info": {
        "value": null
      },
      "exchange stiffness": {
        "value": null
      },
      "exchange stiffness info": {
        "value": null
      }
    },
    "additional information": {
      "authors": {
        "value": ["ICCRAM"]
      },
      "reference": {
        "value": "S. Curtarolo et al. Computational Materials Science 58 (2012) 218-226"
      },
      "comments": {
        "value": "Hardness parameter=0.767"
      },
      "attached files": {
        "value": [
"Al8Fe16_#141_1A.cif",
"CONTCAR_Al8Fe16_#141_1A",
"Al8Fe16_#141_1A.png"
]
      },
      "attached files info": {
        "value": null
      }
    }
  }
}
