{
  "confidential": {
  "value": false
  }, 
  "name": "NOVAMAG_theory_ICCRAM_Al8Fe16_#194_1A",
  "properties": {
    "approach": {
      "value": "theory"
    },
    "summary": {
      "value": "crystal, energy, magnetization, MAE"
    },
    "chemistry": {
      "chemical formula": {
        "value": "Al8Fe16"
      },
      "production info": {
        "value": "initial POSCAR from AFLOW library http://aflow.org/material.php?id=AlFe_pv/315"
      }
    },
    "crystal": {
      "compound space group": {
        "value": 194
      },
      "unit cell volume": {
        "value": 294.419258
      },
      "lattice parameters": {
        "value": [
          4.70150,
          4.70150,
          15.38026
        ]
      },
      "lattice angles": {
        "value": [
          90.00000,
          90.00000,
          120.00000
        ]
      },
      "atomic positions": {
        "value": [
"Al1(4e)",
0.00000,
0.00000,
0.59218,
"Al2(4f)",
0.33333,
0.66667,
0.84463,
"Fe1(4f)",
0.33333,
0.66667,
0.12864,
"Fe2(6g)",
0.50000,
0.00000,
0.00000,
"Fe3(6h)",
0.15952,
0.31903,
0.25000
]
      },
      "crystal info": {
        "value": "software VASP (vasp.5.4.4), k-points mesh 15x15x4, Ecut-off=401.823 eV, PAW_PBE, Al:PAW_PBE:04Jan2001, Fe:PAW_PBE:06Sep2000, Pressure=0.0 kbar, temperature=0K"
      }
    },
    "thermodynamics": {
      "unit cell energy": {
        "value": -164.86465492
      },
      "unit cell formation enthalpy": {
        "value": -3.100504
      },
      "energy info": {
        "value": "software VASP (vasp.5.4.4), k-points mesh 15x15x4, Ecut-off=401.823 eV, PAW_PBE, Al:PAW_PBE:04Jan2001, Fe:PAW_PBE:06Sep2000, Pressure=0.0 kbar, temperature=0K"
      },
      "interatomic potentials info": {
        "value": null
      },
      "magnetic free energy": {
        "value": null
      },
      "magnetic free energy info": {
        "value": null
      }
    },
    "magnetics": {
      "unit cell spin polarization": {
        "value": 25.253
      },
      "atomic spin specie": {
        "value": [
"1 Al",
-0.046,
"2 Al",
-0.046,
"3 Al",
-0.046,
"4 Al",
-0.046,
"5 Al",
-0.050,
"6 Al",
-0.050,
"7 Al",
-0.050,
"8 Al",
-0.050,
"9 Fe",
1.570,
"10 Fe",
1.566,
"11 Fe",
1.567,
"12 Fe",
1.569,
"13 Fe",
1.752,
"14 Fe",
1.748,
"15 Fe",
1.752,
"16 Fe",
1.748,
"17 Fe",
1.752,
"18 Fe",
1.748,
"19 Fe",
1.481,
"20 Fe",
1.475,
"21 Fe",
1.481,
"22 Fe",
1.475,
"23 Fe",
1.481,
"24 Fe",
1.475
]
      },
      "saturation magnetization": {
        "value": 0.999
      },
      "magnetization temperature": {
        "value": 0
      },
      "magnetization info": {
        "value": "software VASP (vasp.5.4.4), k-points mesh 15x15x4, Ecut-off=401.823 eV, PAW_PBE, Al:PAW_PBE:04Jan2001, Fe:PAW_PBE:06Sep2000, Pressure=0.0 kbar, temperature=0K"
      },
      "magnetocrystalline anisotropy energy": {
        "value": [
0.0000000000000000,0,1.0000000000000000,-164.97421088,0.2588190451025207,0,0.9659258262890683,-164.97430100,0.5000000000000000,0,0.8660254037844386,-164.97453998,0.7071067811865476,0,0.7071067811865476,-164.97486320,0.8660254037844386,0,0.5000000000000000,-164.97518527,1.0000000000000000,0,0.0000000000000000,-164.97549726]
      },
      "anisotropy energy type": {
        "value": "uniaxial"
      },
      "magnetocrystalline anisotropy constants": {
        "value": [
-0.722,0.020]
      },
      "kind of anisotropy": {
        "value": "easy plane"
      },
      "anisotropy info": {
        "value": "software VASP (vasp.5.4.4) with spin-orbit coupling, k-points mesh 15x15x4, Ecut-off=401.823 eV, PAW_PBE, Al:PAW_PBE:04Jan2001, Fe:PAW_PBE:06Sep2000, Pressure=0.0 kbar, temperature=0K"
      },
      "exchange integrals": {
        "value": null
      },
      "exchange info": {
        "value": null
      },
      "magnetic order": {
        "value": null
      },
      "curie temperature": {
        "value": null
      },
      "curie temperature info": {
        "value": null
      },
      "anisotropy field": {
        "value": null
      },
      "remanence": {
        "value": null
      },
      "coercivity": {
        "value": null
      },
      "energy product": {
        "value": null
      },
      "hysteresis info": {
        "value": null
      },
      "domain wall width": {
        "value": null
      },
      "domain wall info": {
        "value": null
      },
      "exchange stiffness": {
        "value": null
      },
      "exchange stiffness info": {
        "value": null
      }
    },
    "additional information": {
      "authors": {
        "value": ["ICCRAM"]
      },
      "reference": {
        "value": "S. Curtarolo et al. Computational Materials Science 58 (2012) 218-226"
      },
      "comments": {
        "value": null
      },
      "attached files": {
        "value": [
"Al8Fe16_#194_1A.cif",
"CONTCAR_Al8Fe16_#194_1A",
"Al8Fe16_#194_1A.png"
]
      },
      "attached files info": {
        "value": null
      }
    }
  }
}
