{
  "confidential": {
  "value": false
  }, 
  "name": "NOVAMAG_theory_ICCRAM_Fe1Zn1_#123_1A",
  "properties": {
    "approach": {
      "value": "theory"
    },
    "summary": {
      "value": "crystal, energy, magnetization, MAE"
    },
    "chemistry": {
      "chemical formula": {
        "value": "Fe1Zn1"
      },
      "production info": {
        "value": "initial POSCAR from AFLOW library http://aflow.org/material.php?id=Fe_pvZn/3"
      }
    },
    "crystal": {
      "compound space group": {
        "value": 123
      },
      "unit cell volume": {
        "value": 25.334779
      },
      "lattice parameters": {
        "value": [
          2.56510,
          2.56510,
          3.85043
        ]
      },
      "lattice angles": {
        "value": [
          90.00000,
          90.00000,
          90.00000
        ]
      },
      "atomic positions": {
        "value": [
"Fe1(1a)",
0.00000,
0.00000,
0.00000,
"Zn1(1d)",
0.50000,
0.50000,
0.50000
]
      },
      "crystal info": {
        "value": "software VASP (vasp.5.4.4), k-points mesh 23x23x16, Ecut-off=415.084 eV, PAW_PBE, Fe:PAW_PBE:06Sep2000, Zn:PAW_PBE:06Sep2000, Pressure=0.0 kbar, temperature=0K"
      }
    },
    "thermodynamics": {
      "unit cell energy": {
        "value": -9.35684793
      },
      "unit cell formation enthalpy": {
        "value": -0.013624
      },
      "energy info": {
        "value": "software VASP (vasp.5.4.4), k-points mesh 23x23x16, Ecut-off=415.084 eV, PAW_PBE, Fe:PAW_PBE:06Sep2000, Zn:PAW_PBE:06Sep2000, Pressure=0.0 kbar, temperature=0K"
      },
      "interatomic potentials info": {
        "value": null
      },
      "magnetic free energy": {
        "value": null
      },
      "magnetic free energy info": {
        "value": null
      }
    },
    "magnetics": {
      "unit cell spin polarization": {
        "value": 2.346
      },
      "atomic spin specie": {
        "value": [
"1 Fe",
2.415,
"2 Zn",
-0.069
]
      },
      "saturation magnetization": {
        "value": 1.079
      },
      "magnetization temperature": {
        "value": 0
      },
      "magnetization info": {
        "value": "software VASP (vasp.5.4.4), k-points mesh 23x23x16, Ecut-off=415.084 eV, PAW_PBE, Fe:PAW_PBE:06Sep2000, Zn:PAW_PBE:06Sep2000, Pressure=0.0 kbar, temperature=0K"
      },
      "magnetocrystalline anisotropy energy": {
        "value": [
0.0000000000000000,0,1.0000000000000000,-9.36821226,0.2588190451025207,0,0.9659258262890683,-9.36821901,0.5000000000000000,0,0.8660254037844386,-9.36823581,0.7071067811865476,0,0.7071067811865476,-9.36825777,0.8660254037844386,0,0.5000000000000000,-9.36827917,1.0000000000000000,0,0.0000000000000000,-9.36830074]
      },
      "anisotropy energy type": {
        "value": "uniaxial"
      },
      "magnetocrystalline anisotropy constants": {
        "value": [
-0.596,0.037]
      },
      "kind of anisotropy": {
        "value": "easy plane"
      },
      "anisotropy info": {
        "value": "software VASP (vasp.5.4.4) with spin-orbit coupling, k-points mesh 23x23x16, Ecut-off=415.084 eV, PAW_PBE, Fe:PAW_PBE:06Sep2000, Zn:PAW_PBE:06Sep2000, Pressure=0.0 kbar, temperature=0K"
      },
      "exchange integrals": {
        "value": null
      },
      "exchange info": {
        "value": null
      },
      "magnetic order": {
        "value": null
      },
      "curie temperature": {
        "value": null
      },
      "curie temperature info": {
        "value": null
      },
      "anisotropy field": {
        "value": null
      },
      "remanence": {
        "value": null
      },
      "coercivity": {
        "value": null
      },
      "energy product": {
        "value": null
      },
      "hysteresis info": {
        "value": null
      },
      "domain wall width": {
        "value": null
      },
      "domain wall info": {
        "value": null
      },
      "exchange stiffness": {
        "value": null
      },
      "exchange stiffness info": {
        "value": null
      }
    },
    "additional information": {
      "authors": {
        "value": ["ICCRAM"]
      },
      "reference": {
        "value": "S. Curtarolo et al. Computational Materials Science 58 (2012) 218-226"
      },
      "comments": {
        "value": null
      },
      "attached files": {
        "value": [
"Fe1Zn1_#123_1A.cif",
"CONTCAR_Fe1Zn1_#123_1A",
"Fe1Zn1_#123_1A.png"
]
      },
      "attached files info": {
        "value": null
      }
    }
  }
}
