{
  "confidential": {
  "value": false
  }, 
  "name": "NOVAMAG_theory_ICCRAM_Fe2Zn2_#123_1A",
  "properties": {
    "approach": {
      "value": "theory"
    },
    "summary": {
      "value": "crystal, energy, magnetization, MAE"
    },
    "chemistry": {
      "chemical formula": {
        "value": "Fe2Zn2"
      },
      "production info": {
        "value": "initial POSCAR from AFLOW library http://aflow.org/material.php?id=Fe_pvZn/291"
      }
    },
    "crystal": {
      "compound space group": {
        "value": 123
      },
      "unit cell volume": {
        "value": 50.668212
      },
      "lattice parameters": {
        "value": [
          2.56508,
          2.56508,
          3.85038
        ]
      },
      "lattice angles": {
        "value": [
          90.00000,
          90.00000,
          90.00000
        ]
      },
      "atomic positions": {
        "value": [
"Fe1(1a)",
0.00000,
0.00000,
0.00000,
"Zn1(1d)",
0.50000,
0.50000,
0.50000
]
      },
      "crystal info": {
        "value": "software VASP (vasp.5.4.4), k-points mesh 17x17x16, Ecut-off=415.084 eV, PAW_PBE, Fe:PAW_PBE:06Sep2000, Zn:PAW_PBE:06Sep2000, Pressure=0.0 kbar, temperature=0K"
      }
    },
    "thermodynamics": {
      "unit cell energy": {
        "value": -18.71389611
      },
      "unit cell formation enthalpy": {
        "value": -0.027449
      },
      "energy info": {
        "value": "software VASP (vasp.5.4.4), k-points mesh 17x17x16, Ecut-off=415.084 eV, PAW_PBE, Fe:PAW_PBE:06Sep2000, Zn:PAW_PBE:06Sep2000, Pressure=0.0 kbar, temperature=0K"
      },
      "interatomic potentials info": {
        "value": null
      },
      "magnetic free energy": {
        "value": null
      },
      "magnetic free energy info": {
        "value": null
      }
    },
    "magnetics": {
      "unit cell spin polarization": {
        "value": 4.686
      },
      "atomic spin specie": {
        "value": [
"1 Fe",
2.413,
"2 Fe",
2.413,
"3 Zn",
-0.069,
"4 Zn",
-0.069
]
      },
      "saturation magnetization": {
        "value": 1.077
      },
      "magnetization temperature": {
        "value": 0
      },
      "magnetization info": {
        "value": "software VASP (vasp.5.4.4), k-points mesh 17x17x16, Ecut-off=415.084 eV, PAW_PBE, Fe:PAW_PBE:06Sep2000, Zn:PAW_PBE:06Sep2000, Pressure=0.0 kbar, temperature=0K"
      },
      "magnetocrystalline anisotropy energy": {
        "value": [
0.0000000000000000,0,1.0000000000000000,-18.73704443,0.2588190451025207,0,0.9659258262890683,-18.73705535,0.5000000000000000,0,0.8660254037844386,-18.73708560,0.7071067811865476,0,0.7071067811865476,-18.73712679,0.8660254037844386,0,0.5000000000000000,-18.73716701,1.0000000000000000,0,0.0000000000000000,-18.73720541]
      },
      "anisotropy energy type": {
        "value": "uniaxial"
      },
      "magnetocrystalline anisotropy constants": {
        "value": [
-0.531,0.021]
      },
      "kind of anisotropy": {
        "value": "easy plane"
      },
      "anisotropy info": {
        "value": "software VASP (vasp.5.4.4) with spin-orbit coupling, k-points mesh 17x17x16, Ecut-off=415.084 eV, PAW_PBE, Fe:PAW_PBE:06Sep2000, Zn:PAW_PBE:06Sep2000, Pressure=0.0 kbar, temperature=0K"
      },
      "exchange integrals": {
        "value": null
      },
      "exchange info": {
        "value": null
      },
      "magnetic order": {
        "value": null
      },
      "curie temperature": {
        "value": null
      },
      "curie temperature info": {
        "value": null
      },
      "anisotropy field": {
        "value": null
      },
      "remanence": {
        "value": null
      },
      "coercivity": {
        "value": null
      },
      "energy product": {
        "value": null
      },
      "hysteresis info": {
        "value": null
      },
      "domain wall width": {
        "value": null
      },
      "domain wall info": {
        "value": null
      },
      "exchange stiffness": {
        "value": null
      },
      "exchange stiffness info": {
        "value": null
      }
    },
    "additional information": {
      "authors": {
        "value": ["ICCRAM"]
      },
      "reference": {
        "value": "S. Curtarolo et al. Computational Materials Science 58 (2012) 218-226"
      },
      "comments": {
        "value": null
      },
      "attached files": {
        "value": [
"Fe2Zn2_#123_1A.cif",
"CONTCAR_Fe2Zn2_#123_1A",
"Fe2Zn2_#123_1A.png"
]
      },
      "attached files info": {
        "value": null
      }
    }
  }
}
