{
  "confidential": {
  "value": false
  }, 
  "name": "NOVAMAG_theory_ICCRAM_Fe4Sc2_#139_1A",
  "properties": {
    "approach": {
      "value": "theory"
    },
    "summary": {
      "value": "crystal, energy, magnetization, MAE, coercivity, energy product"
    },
    "chemistry": {
      "chemical formula": {
        "value": "Fe4Sc2"
      },
      "production info": {
        "value": "initial POSCAR from AFLOW library http://aflow.org/material.php?id=Fe_pvSc_sv/288"
      }
    },
    "crystal": {
      "compound space group": {
        "value": 139
      },
      "unit cell volume": {
        "value": 88.161634
      },
      "lattice parameters": {
        "value": [
          3.06836,
          3.06836,
          9.36411
        ]
      },
      "lattice angles": {
        "value": [
          90.00000,
          90.00000,
          90.00000
        ]
      },
      "atomic positions": {
        "value": [
"Fe1(4e)",
0.00000,
0.00000,
0.31052,
"Sc1(2a)",
0.00000,
0.00000,
0.00000
]
      },
      "crystal info": {
        "value": "software VASP (vasp.5.4.4), k-points mesh 20x20x6, Ecut-off=401.823 eV, PAW_PBE, Fe:PAW_PBE:06Sep2000, Sc:PAW_PBE:04Feb2005, Pressure=0.0 kbar, temperature=0K"
      }
    },
    "thermodynamics": {
      "unit cell energy": {
        "value": -45.45754184
      },
      "unit cell formation enthalpy": {
        "value": -0.105159
      },
      "energy info": {
        "value": "software VASP (vasp.5.4.4), k-points mesh 20x20x6, Ecut-off=401.823 eV, PAW_PBE, Fe:PAW_PBE:06Sep2000, Sc:PAW_PBE:04Feb2005, Pressure=0.0 kbar, temperature=0K"
      },
      "interatomic potentials info": {
        "value": null
      },
      "magnetic free energy": {
        "value": null
      },
      "magnetic free energy info": {
        "value": null
      }
    },
    "magnetics": {
      "unit cell spin polarization": {
        "value": 8.231
      },
      "atomic spin specie": {
        "value": [
"1 Fe",
2.274,
"2 Fe",
2.277,
"3 Fe",
2.279,
"4 Fe",
2.275,
"5 Sc",
-0.438,
"6 Sc",
-0.437
]
      },
      "saturation magnetization": {
        "value": 1.087
      },
      "magnetization temperature": {
        "value": 0
      },
      "magnetization info": {
        "value": "software VASP (vasp.5.4.4), k-points mesh 20x20x6, Ecut-off=401.823 eV, PAW_PBE, Fe:PAW_PBE:06Sep2000, Sc:PAW_PBE:04Feb2005, Pressure=0.0 kbar, temperature=0K"
      },
      "magnetocrystalline anisotropy energy": {
        "value": [
0.0000000000000000,0,1.0000000000000000,-45.48822641,0.2588190451025207,0,0.9659258262890683,-45.48814138,0.5000000000000000,0,0.8660254037844386,-45.48791141,0.7071067811865476,0,0.7071067811865476,-45.48759981,0.8660254037844386,0,0.5000000000000000,-45.48729017,1.0000000000000000,0,0.0000000000000000,-45.48697769]
      },
      "anisotropy energy type": {
        "value": "uniaxial"
      },
      "magnetocrystalline anisotropy constants": {
        "value": [
2.287,-0.020]
      },
      "kind of anisotropy": {
        "value": "easy axis"
      },
      "anisotropy info": {
        "value": "software VASP (vasp.5.4.4) with spin-orbit coupling, k-points mesh 20x20x6, Ecut-off=401.823 eV, PAW_PBE, Fe:PAW_PBE:06Sep2000, Sc:PAW_PBE:04Feb2005, Pressure=0.0 kbar, temperature=0K"
      },
      "exchange integrals": {
        "value": null
      },
      "exchange info": {
        "value": null
      },
      "magnetic order": {
        "value": null
      },
      "curie temperature": {
        "value": null
      },
      "curie temperature info": {
        "value": null
      },
      "anisotropy field": {
        "value": 5.195
      },
      "remanence": {
        "value": 1.087
      },
      "coercivity": {
        "value": 5.195
      },
      "energy product": {
        "value": 235.066
      },
      "hysteresis info": {
        "value": "Stoner-Wohlfarth model without shape anisotropy, perfectly rectangular hysteresis loop, temperature = 0 K. Remanence equals to saturation magnetization (Ms). Anisotropy field: mu_0*Hk=(2*K_1+4*K_2)/Ms, where mu_0 is the vacuum permeability. Coercivity: Hc=Hk. Maximum energy product (upper limit)=(1/4)*mu_0*Ms^2, note this value can only be reached if the demagnetization factor is D=0.5 and Hc>0.5*Ms."
      },
      "domain wall width": {
        "value": null
      },
      "domain wall info": {
        "value": null
      },
      "exchange stiffness": {
        "value": null
      },
      "exchange stiffness info": {
        "value": null
      }
    },
    "additional information": {
      "authors": {
        "value": ["ICCRAM"]
      },
      "reference": {
        "value": "S. Curtarolo et al. Computational Materials Science 58 (2012) 218-226"
      },
      "comments": {
        "value": "Hardness parameter=1.560"
      },
      "attached files": {
        "value": [
"Fe4Sc2_#139_1A.cif",
"CONTCAR_Fe4Sc2_#139_1A",
"Fe4Sc2_#139_1A.png"
]
      },
      "attached files info": {
        "value": null
      }
    }
  }
}
