{
  "confidential": {
  "value": false
  }, 
  "name": "NOVAMAG_theory_ICCRAM_Fe8Sc4_#63_1A",
  "properties": {
    "approach": {
      "value": "theory"
    },
    "summary": {
      "value": "crystal, energy, magnetization, MAE"
    },
    "chemistry": {
      "chemical formula": {
        "value": "Fe8Sc4"
      },
      "production info": {
        "value": "initial POSCAR from AFLOW library http://aflow.org/material.php?id=Fe_pvSc_sv/595"
      }
    },
    "crystal": {
      "compound space group": {
        "value": 63
      },
      "unit cell volume": {
        "value": 176.411679
      },
      "lattice parameters": {
        "value": [
          9.36088,
          4.34115,
          4.34116
        ]
      },
      "lattice angles": {
        "value": [
          90.00000,
          90.00000,
          90.00000
        ]
      },
      "atomic positions": {
        "value": [
"Fe1(8g)",
0.18954,
0.24959,
0.25000,
"Sc1(4c)",
0.00000,
0.74991,
0.25000
]
      },
      "crystal info": {
        "value": "software VASP (vasp.5.4.4), k-points mesh 6x14x14, Ecut-off=401.823 eV, PAW_PBE, Fe:PAW_PBE:06Sep2000, Sc:PAW_PBE:04Feb2005, Pressure=0.0 kbar, temperature=0K"
      }
    },
    "thermodynamics": {
      "unit cell energy": {
        "value": -90.91639882
      },
      "unit cell formation enthalpy": {
        "value": -0.211632
      },
      "energy info": {
        "value": "software VASP (vasp.5.4.4), k-points mesh 6x14x14, Ecut-off=401.823 eV, PAW_PBE, Fe:PAW_PBE:06Sep2000, Sc:PAW_PBE:04Feb2005, Pressure=0.0 kbar, temperature=0K"
      },
      "interatomic potentials info": {
        "value": null
      },
      "magnetic free energy": {
        "value": null
      },
      "magnetic free energy info": {
        "value": null
      }
    },
    "magnetics": {
      "unit cell spin polarization": {
        "value": 16.487
      },
      "atomic spin specie": {
        "value": [
"1 Fe",
2.279,
"2 Fe",
2.278,
"3 Fe",
2.282,
"4 Fe",
2.282,
"5 Fe",
2.281,
"6 Fe",
2.281,
"7 Fe",
2.277,
"8 Fe",
2.277,
"9 Sc",
-0.437,
"10 Sc",
-0.438,
"11 Sc",
-0.437,
"12 Sc",
-0.437
]
      },
      "saturation magnetization": {
        "value": 1.089
      },
      "magnetization temperature": {
        "value": 0
      },
      "magnetization info": {
        "value": "software VASP (vasp.5.4.4), k-points mesh 6x14x14, Ecut-off=401.823 eV, PAW_PBE, Fe:PAW_PBE:06Sep2000, Sc:PAW_PBE:04Feb2005, Pressure=0.0 kbar, temperature=0K"
      },
      "magnetocrystalline anisotropy energy": {
        "value": [
0.0000000000000000,0,1.0000000000000000,-90.97276628,0.2588190451025207,0,0.9659258262890683,-90.97293419,0.5000000000000000,0,0.8660254037844386,-90.97338701,0.7071067811865476,0,0.7071067811865476,-90.97400325,0.8660254037844386,0,0.5000000000000000,-90.97461288,1.0000000000000000,0,0.0000000000000000,-90.97522060]
      },
      "anisotropy energy type": {
        "value": "uniaxial"
      },
      "magnetocrystalline anisotropy constants": {
        "value": [
-2.263,0.035]
      },
      "kind of anisotropy": {
        "value": "easy plane"
      },
      "anisotropy info": {
        "value": "software VASP (vasp.5.4.4) with spin-orbit coupling, k-points mesh 6x14x14, Ecut-off=401.823 eV, PAW_PBE, Fe:PAW_PBE:06Sep2000, Sc:PAW_PBE:04Feb2005, Pressure=0.0 kbar, temperature=0K"
      },
      "exchange integrals": {
        "value": null
      },
      "exchange info": {
        "value": null
      },
      "magnetic order": {
        "value": null
      },
      "curie temperature": {
        "value": null
      },
      "curie temperature info": {
        "value": null
      },
      "anisotropy field": {
        "value": null
      },
      "remanence": {
        "value": null
      },
      "coercivity": {
        "value": null
      },
      "energy product": {
        "value": null
      },
      "hysteresis info": {
        "value": null
      },
      "domain wall width": {
        "value": null
      },
      "domain wall info": {
        "value": null
      },
      "exchange stiffness": {
        "value": null
      },
      "exchange stiffness info": {
        "value": null
      }
    },
    "additional information": {
      "authors": {
        "value": ["ICCRAM"]
      },
      "reference": {
        "value": "S. Curtarolo et al. Computational Materials Science 58 (2012) 218-226"
      },
      "comments": {
        "value": null
      },
      "attached files": {
        "value": [
"Fe8Sc4_#63_1A.cif",
"CONTCAR_Fe8Sc4_#63_1A",
"Fe8Sc4_#63_1A.png"
]
      },
      "attached files info": {
        "value": null
      }
    }
  }
}
