{
  "confidential": {
  "value": false
  }, 
  "name": "NOVAMAG_theory_ICCRAM_Fe8Sc6_#139_1A",
  "properties": {
    "approach": {
      "value": "theory"
    },
    "summary": {
      "value": "crystal, energy, magnetization, MAE, coercivity, energy product"
    },
    "chemistry": {
      "chemical formula": {
        "value": "Fe8Sc6"
      },
      "production info": {
        "value": "initial POSCAR from AFLOW library http://aflow.org/material.php?id=Fe_pvSc_sv/264"
      }
    },
    "crystal": {
      "compound space group": {
        "value": 139
      },
      "unit cell volume": {
        "value": 225.584552
      },
      "lattice parameters": {
        "value": [
          3.06736,
          3.06736,
          23.97614
        ]
      },
      "lattice angles": {
        "value": [
          90.00000,
          90.00000,
          90.00000
        ]
      },
      "atomic positions": {
        "value": [
"Fe1(4e)",
0.00000,
0.00000,
0.12272,
"Fe2(4e)",
0.00000,
0.00000,
0.42644,
"Sc1(2a)",
0.00000,
0.00000,
0.00000,
"Sc2(4e)",
0.00000,
0.00000,
0.30760
]
      },
      "crystal info": {
        "value": "software VASP (vasp.5.4.4), k-points mesh 20x20x3, Ecut-off=401.823 eV, PAW_PBE, Fe:PAW_PBE:06Sep2000, Sc:PAW_PBE:04Feb2005, Pressure=0.0 kbar, temperature=0K"
      }
    },
    "thermodynamics": {
      "unit cell energy": {
        "value": -103.27305168
      },
      "unit cell formation enthalpy": {
        "value": -0.164667
      },
      "energy info": {
        "value": "software VASP (vasp.5.4.4), k-points mesh 20x20x3, Ecut-off=401.823 eV, PAW_PBE, Fe:PAW_PBE:06Sep2000, Sc:PAW_PBE:04Feb2005, Pressure=0.0 kbar, temperature=0K"
      },
      "interatomic potentials info": {
        "value": null
      },
      "magnetic free energy": {
        "value": null
      },
      "magnetic free energy info": {
        "value": null
      }
    },
    "magnetics": {
      "unit cell spin polarization": {
        "value": 15.821
      },
      "atomic spin specie": {
        "value": [
"1 Fe",
2.165,
"2 Fe",
2.165,
"3 Fe",
2.165,
"4 Fe",
2.165,
"5 Fe",
2.263,
"6 Fe",
2.263,
"7 Fe",
2.264,
"8 Fe",
2.264,
"9 Sc",
-0.460,
"10 Sc",
-0.461,
"11 Sc",
-0.243,
"12 Sc",
-0.243,
"13 Sc",
-0.243,
"14 Sc",
-0.243
]
      },
      "saturation magnetization": {
        "value": 0.817
      },
      "magnetization temperature": {
        "value": 0
      },
      "magnetization info": {
        "value": "software VASP (vasp.5.4.4), k-points mesh 20x20x3, Ecut-off=401.823 eV, PAW_PBE, Fe:PAW_PBE:06Sep2000, Sc:PAW_PBE:04Feb2005, Pressure=0.0 kbar, temperature=0K"
      },
      "magnetocrystalline anisotropy energy": {
        "value": [
0.0000000000000000,0,1.0000000000000000,-103.33474249,0.2588190451025207,0,0.9659258262890683,-103.33460659,0.5000000000000000,0,0.8660254037844386,-103.33423273,0.7071067811865476,0,0.7071067811865476,-103.33371115,0.8660254037844386,0,0.5000000000000000,-103.33317452,1.0000000000000000,0,0.0000000000000000,-103.33267275]
      },
      "anisotropy energy type": {
        "value": "uniaxial"
      },
      "magnetocrystalline anisotropy constants": {
        "value": [
1.466,0.008]
      },
      "kind of anisotropy": {
        "value": "easy axis"
      },
      "anisotropy info": {
        "value": "software VASP (vasp.5.4.4) with spin-orbit coupling, k-points mesh 20x20x3, Ecut-off=401.823 eV, PAW_PBE, Fe:PAW_PBE:06Sep2000, Sc:PAW_PBE:04Feb2005, Pressure=0.0 kbar, temperature=0K"
      },
      "exchange integrals": {
        "value": null
      },
      "exchange info": {
        "value": null
      },
      "magnetic order": {
        "value": null
      },
      "curie temperature": {
        "value": null
      },
      "curie temperature info": {
        "value": null
      },
      "anisotropy field": {
        "value": 4.559
      },
      "remanence": {
        "value": 0.817
      },
      "coercivity": {
        "value": 4.559
      },
      "energy product": {
        "value": 132.793
      },
      "hysteresis info": {
        "value": "Stoner-Wohlfarth model without shape anisotropy, perfectly rectangular hysteresis loop, temperature = 0 K. Remanence equals to saturation magnetization (Ms). Anisotropy field: mu_0*Hk=(2*K_1+4*K_2)/Ms, where mu_0 is the vacuum permeability. Coercivity: Hc=Hk. Maximum energy product (upper limit)=(1/4)*mu_0*Ms^2, note this value can only be reached if the demagnetization factor is D=0.5 and Hc>0.5*Ms."
      },
      "domain wall width": {
        "value": null
      },
      "domain wall info": {
        "value": null
      },
      "exchange stiffness": {
        "value": null
      },
      "exchange stiffness info": {
        "value": null
      }
    },
    "additional information": {
      "authors": {
        "value": ["ICCRAM"]
      },
      "reference": {
        "value": "S. Curtarolo et al. Computational Materials Science 58 (2012) 218-226"
      },
      "comments": {
        "value": "Hardness parameter=1.661"
      },
      "attached files": {
        "value": [
"Fe8Sc6_#139_1A.cif",
"CONTCAR_Fe8Sc6_#139_1A",
"Fe8Sc6_#139_1A.png"
]
      },
      "attached files info": {
        "value": null
      }
    }
  }
}
