{
  "confidential": {
  "value": false
  }, 
  "name": "NOVAMAG_theory_ICCRAM_Co16P2_#139_1A",
  "properties": {
    "approach": {
      "value": "theory"
    },
    "summary": {
      "value": "crystal, energy, magnetization, MAE, coercivity, energy product"
    },
    "chemistry": {
      "chemical formula": {
        "value": "Co16P2"
      },
      "production info": {
        "value": "initial POSCAR from AFLOW library http://aflow.org/material.php?id=CoP/311"
      }
    },
    "crystal": {
      "compound space group": {
        "value": 139
      },
      "unit cell volume": {
        "value": 192.728395
      },
      "lattice parameters": {
        "value": [
          7.42046,
          7.42046,
          3.50013
        ]
      },
      "lattice angles": {
        "value": [
          90.00000,
          90.00000,
          90.00000
        ]
      },
      "atomic positions": {
        "value": [
"Co1(8h)",
0.66774,
0.66774,
0.00000,
"Co2(8i)",
0.33588,
0.00000,
0.00000,
"P1(2a)",
0.00000,
0.00000,
0.00000
]
      },
      "crystal info": {
        "value": "software VASP (vasp.5.4.4), k-points mesh 8x8x17, Ecut-off=401.952 eV, PAW_PBE, Co:PAW_PBE:02Aug2007, P:PAW_PBE:06Sep2000, Pressure=0.0 kbar, temperature=0K"
      }
    },
    "thermodynamics": {
      "unit cell energy": {
        "value": -124.35661191
      },
      "unit cell formation enthalpy": {
        "value": -1.033399
      },
      "energy info": {
        "value": "software VASP (vasp.5.4.4), k-points mesh 8x8x17, Ecut-off=401.952 eV, PAW_PBE, Co:PAW_PBE:02Aug2007, P:PAW_PBE:06Sep2000, Pressure=0.0 kbar, temperature=0K"
      },
      "interatomic potentials info": {
        "value": null
      },
      "magnetic free energy": {
        "value": null
      },
      "magnetic free energy info": {
        "value": null
      }
    },
    "magnetics": {
      "unit cell spin polarization": {
        "value": 23.602
      },
      "atomic spin specie": {
        "value": [
"1 Co",
1.451,
"2 Co",
1.449,
"3 Co",
1.449,
"4 Co",
1.451,
"5 Co",
1.453,
"6 Co",
1.451,
"7 Co",
1.451,
"8 Co",
1.453,
"9 Co",
1.505,
"10 Co",
1.505,
"11 Co",
1.505,
"12 Co",
1.505,
"13 Co",
1.506,
"14 Co",
1.506,
"15 Co",
1.506,
"16 Co",
1.506,
"17 P",
-0.024,
"18 P",
-0.024
]
      },
      "saturation magnetization": {
        "value": 1.426
      },
      "magnetization temperature": {
        "value": 0
      },
      "magnetization info": {
        "value": "software VASP (vasp.5.4.4), k-points mesh 8x8x17, Ecut-off=401.952 eV, PAW_PBE, Co:PAW_PBE:02Aug2007, P:PAW_PBE:06Sep2000, Pressure=0.0 kbar, temperature=0K"
      },
      "magnetocrystalline anisotropy energy": {
        "value": [
0.0000000000000000,0,1.0000000000000000,-124.48969610,0.2588190451025207,0,0.9659258262890683,-124.48968196,0.5000000000000000,0,0.8660254037844386,-124.48964168,0.7071067811865476,0,0.7071067811865476,-124.48958780,0.8660254037844386,0,0.5000000000000000,-124.48953647,1.0000000000000000,0,0.0000000000000000,-124.48948981]
      },
      "anisotropy energy type": {
        "value": "uniaxial"
      },
      "magnetocrystalline anisotropy constants": {
        "value": [
0.188,-0.016]
      },
      "kind of anisotropy": {
        "value": "easy axis"
      },
      "anisotropy info": {
        "value": "software VASP (vasp.5.4.4) with spin-orbit coupling, k-points mesh 8x8x17, Ecut-off=401.952 eV, PAW_PBE, Co:PAW_PBE:02Aug2007, P:PAW_PBE:06Sep2000, Pressure=0.0 kbar, temperature=0K"
      },
      "exchange integrals": {
        "value": null
      },
      "exchange info": {
        "value": null
      },
      "magnetic order": {
        "value": null
      },
      "curie temperature": {
        "value": null
      },
      "curie temperature info": {
        "value": null
      },
      "anisotropy field": {
        "value": 0.275
      },
      "remanence": {
        "value": 1.426
      },
      "coercivity": {
        "value": 0.275
      },
      "energy product": {
        "value": 404.547
      },
      "hysteresis info": {
        "value": "Stoner-Wohlfarth model without shape anisotropy, perfectly rectangular hysteresis loop, temperature = 0 K. Remanence equals to saturation magnetization (Ms). Anisotropy field: mu_0*Hk=(2*K_1+4*K_2)/Ms, where mu_0 is the vacuum permeability. Coercivity: Hc=Hk. Maximum energy product (upper limit)=(1/4)*mu_0*Ms^2, note this value can only be reached if the demagnetization factor is D=0.5 and Hc>0.5*Ms."
      },
      "domain wall width": {
        "value": null
      },
      "domain wall info": {
        "value": null
      },
      "exchange stiffness": {
        "value": null
      },
      "exchange stiffness info": {
        "value": null
      }
    },
    "additional information": {
      "authors": {
        "value": ["ICCRAM"]
      },
      "reference": {
        "value": "S. Curtarolo et al. Computational Materials Science 58 (2012) 218-226"
      },
      "comments": {
        "value": "Hardness parameter=0.341"
      },
      "attached files": {
        "value": [
"Co16P2_#139_1A.cif",
"CONTCAR_Co16P2_#139_1A",
"Co16P2_#139_1A.png"
]
      },
      "attached files info": {
        "value": null
      }
    }
  }
}
