{
  "confidential": {
  "value": false
  }, 
  "name": "NOVAMAG_theory_ICCRAM_Co3P1_#187_1A",
  "properties": {
    "approach": {
      "value": "theory"
    },
    "summary": {
      "value": "crystal, energy, magnetization, MAE, coercivity, energy product"
    },
    "chemistry": {
      "chemical formula": {
        "value": "Co3P1"
      },
      "production info": {
        "value": "initial POSCAR from AFLOW library http://aflow.org/material.php?id=CoP/127"
      }
    },
    "crystal": {
      "compound space group": {
        "value": 187
      },
      "unit cell volume": {
        "value": 44.916851
      },
      "lattice parameters": {
        "value": [
          2.70041,
          2.70041,
          7.11245
        ]
      },
      "lattice angles": {
        "value": [
          90.00000,
          90.00000,
          120.00000
        ]
      },
      "atomic positions": {
        "value": [
"Co1(2g)",
0.00000,
0.00000,
0.72242,
"Co2(1e)",
0.66667,
0.33333,
0.00000,
"P1(1f)",
0.66667,
0.33333,
0.50000
]
      },
      "crystal info": {
        "value": "software VASP (vasp.5.4.4), k-points mesh 26x26x8, Ecut-off=401.952 eV, PAW_PBE, Co:PAW_PBE:02Aug2007, P:PAW_PBE:06Sep2000, Pressure=0.0 kbar, temperature=0K"
      }
    },
    "thermodynamics": {
      "unit cell energy": {
        "value": -26.67730747
      },
      "unit cell formation enthalpy": {
        "value": -0.195633
      },
      "energy info": {
        "value": "software VASP (vasp.5.4.4), k-points mesh 26x26x8, Ecut-off=401.952 eV, PAW_PBE, Co:PAW_PBE:02Aug2007, P:PAW_PBE:06Sep2000, Pressure=0.0 kbar, temperature=0K"
      },
      "interatomic potentials info": {
        "value": null
      },
      "magnetic free energy": {
        "value": null
      },
      "magnetic free energy info": {
        "value": null
      }
    },
    "magnetics": {
      "unit cell spin polarization": {
        "value": 3.553
      },
      "atomic spin specie": {
        "value": [
"1 Co",
0.845,
"2 Co",
0.845,
"3 Co",
1.886,
"4 P",
-0.022
]
      },
      "saturation magnetization": {
        "value": 0.921
      },
      "magnetization temperature": {
        "value": 0
      },
      "magnetization info": {
        "value": "software VASP (vasp.5.4.4), k-points mesh 26x26x8, Ecut-off=401.952 eV, PAW_PBE, Co:PAW_PBE:02Aug2007, P:PAW_PBE:06Sep2000, Pressure=0.0 kbar, temperature=0K"
      },
      "magnetocrystalline anisotropy energy": {
        "value": [
0.0000000000000000,0,1.0000000000000000,-26.70221627,0.2588190451025207,0,0.9659258262890683,-26.70217755,0.5000000000000000,0,0.8660254037844386,-26.70207007,0.7071067811865476,0,0.7071067811865476,-26.70192008,0.8660254037844386,0,0.5000000000000000,-26.70176872,1.0000000000000000,0,0.0000000000000000,-26.70161480]
      },
      "anisotropy energy type": {
        "value": "uniaxial"
      },
      "magnetocrystalline anisotropy constants": {
        "value": [
2.076,0.068]
      },
      "kind of anisotropy": {
        "value": "easy axis"
      },
      "anisotropy info": {
        "value": "software VASP (vasp.5.4.4) with spin-orbit coupling, k-points mesh 26x26x8, Ecut-off=401.952 eV, PAW_PBE, Co:PAW_PBE:02Aug2007, P:PAW_PBE:06Sep2000, Pressure=0.0 kbar, temperature=0K"
      },
      "exchange integrals": {
        "value": null
      },
      "exchange info": {
        "value": null
      },
      "magnetic order": {
        "value": null
      },
      "curie temperature": {
        "value": null
      },
      "curie temperature info": {
        "value": null
      },
      "anisotropy field": {
        "value": 6.036
      },
      "remanence": {
        "value": 0.921
      },
      "coercivity": {
        "value": 6.036
      },
      "energy product": {
        "value": 168.752
      },
      "hysteresis info": {
        "value": "Stoner-Wohlfarth model without shape anisotropy, perfectly rectangular hysteresis loop, temperature = 0 K. Remanence equals to saturation magnetization (Ms). Anisotropy field: mu_0*Hk=(2*K_1+4*K_2)/Ms, where mu_0 is the vacuum permeability. Coercivity: Hc=Hk. Maximum energy product (upper limit)=(1/4)*mu_0*Ms^2, note this value can only be reached if the demagnetization factor is D=0.5 and Hc>0.5*Ms."
      },
      "domain wall width": {
        "value": null
      },
      "domain wall info": {
        "value": null
      },
      "exchange stiffness": {
        "value": null
      },
      "exchange stiffness info": {
        "value": null
      }
    },
    "additional information": {
      "authors": {
        "value": ["ICCRAM"]
      },
      "reference": {
        "value": "S. Curtarolo et al. Computational Materials Science 58 (2012) 218-226"
      },
      "comments": {
        "value": "Hardness parameter=1.754"
      },
      "attached files": {
        "value": [
"Co3P1_#187_1A.cif",
"CONTCAR_Co3P1_#187_1A",
"Co3P1_#187_1A.png"
]
      },
      "attached files info": {
        "value": null
      }
    }
  }
}
