{
  "confidential": {
  "value": false
  }, 
  "name": "NOVAMAG_theory_ICCRAM_Co3P1_#123_1A",
  "properties": {
    "approach": {
      "value": "theory"
    },
    "summary": {
      "value": "crystal, energy, magnetization, MAE"
    },
    "chemistry": {
      "chemical formula": {
        "value": "Co3P1"
      },
      "production info": {
        "value": "initial POSCAR from AFLOW library http://aflow.org/material.php?id=CoP/78"
      }
    },
    "crystal": {
      "compound space group": {
        "value": 123
      },
      "unit cell volume": {
        "value": 43.106375
      },
      "lattice parameters": {
        "value": [
          2.65511,
          2.65511,
          6.11472
        ]
      },
      "lattice angles": {
        "value": [
          90.00000,
          90.00000,
          90.00000
        ]
      },
      "atomic positions": {
        "value": [
"Co1(2g)",
0.00000,
0.00000,
0.71536,
"Co2(1c)",
0.50000,
0.50000,
0.00000,
"P1(1d)",
0.50000,
0.50000,
0.50000
]
      },
      "crystal info": {
        "value": "software VASP (vasp.5.4.4), k-points mesh 23x23x10, Ecut-off=401.952 eV, PAW_PBE, Co:PAW_PBE:02Aug2007, P:PAW_PBE:06Sep2000, Pressure=0.0 kbar, temperature=0K"
      }
    },
    "thermodynamics": {
      "unit cell energy": {
        "value": -26.87467882
      },
      "unit cell formation enthalpy": {
        "value": -0.393004
      },
      "energy info": {
        "value": "software VASP (vasp.5.4.4), k-points mesh 23x23x10, Ecut-off=401.952 eV, PAW_PBE, Co:PAW_PBE:02Aug2007, P:PAW_PBE:06Sep2000, Pressure=0.0 kbar, temperature=0K"
      },
      "interatomic potentials info": {
        "value": null
      },
      "magnetic free energy": {
        "value": null
      },
      "magnetic free energy info": {
        "value": null
      }
    },
    "magnetics": {
      "unit cell spin polarization": {
        "value": 3.318
      },
      "atomic spin specie": {
        "value": [
"1 Co",
0.774,
"2 Co",
0.774,
"3 Co",
1.779,
"4 P",
-0.009
]
      },
      "saturation magnetization": {
        "value": 0.897
      },
      "magnetization temperature": {
        "value": 0
      },
      "magnetization info": {
        "value": "software VASP (vasp.5.4.4), k-points mesh 23x23x10, Ecut-off=401.952 eV, PAW_PBE, Co:PAW_PBE:02Aug2007, P:PAW_PBE:06Sep2000, Pressure=0.0 kbar, temperature=0K"
      },
      "magnetocrystalline anisotropy energy": {
        "value": [
0.0000000000000000,0,1.0000000000000000,-26.89876580,0.2588190451025207,0,0.9659258262890683,-26.89884380,0.5000000000000000,0,0.8660254037844386,-26.89907070,0.7071067811865476,0,0.7071067811865476,-26.89939038,0.8660254037844386,0,0.5000000000000000,-26.89970367,1.0000000000000000,0,0.0000000000000000,-26.90001175]
      },
      "anisotropy energy type": {
        "value": "uniaxial"
      },
      "magnetocrystalline anisotropy constants": {
        "value": [
-4.605,-0.034]
      },
      "kind of anisotropy": {
        "value": "easy plane"
      },
      "anisotropy info": {
        "value": "software VASP (vasp.5.4.4) with spin-orbit coupling, k-points mesh 23x23x10, Ecut-off=401.952 eV, PAW_PBE, Co:PAW_PBE:02Aug2007, P:PAW_PBE:06Sep2000, Pressure=0.0 kbar, temperature=0K"
      },
      "exchange integrals": {
        "value": null
      },
      "exchange info": {
        "value": null
      },
      "magnetic order": {
        "value": null
      },
      "curie temperature": {
        "value": null
      },
      "curie temperature info": {
        "value": null
      },
      "anisotropy field": {
        "value": null
      },
      "remanence": {
        "value": null
      },
      "coercivity": {
        "value": null
      },
      "energy product": {
        "value": null
      },
      "hysteresis info": {
        "value": null
      },
      "domain wall width": {
        "value": null
      },
      "domain wall info": {
        "value": null
      },
      "exchange stiffness": {
        "value": null
      },
      "exchange stiffness info": {
        "value": null
      }
    },
    "additional information": {
      "authors": {
        "value": ["ICCRAM"]
      },
      "reference": {
        "value": "S. Curtarolo et al. Computational Materials Science 58 (2012) 218-226"
      },
      "comments": {
        "value": null
      },
      "attached files": {
        "value": [
"Co3P1_#123_1A.cif",
"CONTCAR_Co3P1_#123_1A",
"Co3P1_#123_1A.png"
]
      },
      "attached files info": {
        "value": null
      }
    }
  }
}
