{
  "confidential": {
  "value": false
  }, 
  "name": "NOVAMAG_theory_ICCRAM_Co5P1_#123_1A",
  "properties": {
    "approach": {
      "value": "theory"
    },
    "summary": {
      "value": "crystal, energy, magnetization, MAE"
    },
    "chemistry": {
      "chemical formula": {
        "value": "Co5P1"
      },
      "production info": {
        "value": "initial POSCAR from AFLOW library http://aflow.org/material.php?id=CoP/477"
      }
    },
    "crystal": {
      "compound space group": {
        "value": 123
      },
      "unit cell volume": {
        "value": 64.760178
      },
      "lattice parameters": {
        "value": [
          2.61864,
          2.61864,
          9.44400
        ]
      },
      "lattice angles": {
        "value": [
          90.00000,
          90.00000,
          90.00000
        ]
      },
      "atomic positions": {
        "value": [
"Co1(2g)",
0.00000,
0.00000,
0.85984,
"Co2(2h)",
0.50000,
0.50000,
0.67095,
"Co3(1b)",
0.00000,
0.00000,
0.50000,
"P1(1c)",
0.50000,
0.50000,
0.00000
]
      },
      "crystal info": {
        "value": "software VASP (vasp.5.4.4), k-points mesh 23x23x6, Ecut-off=401.952 eV, PAW_PBE, Co:PAW_PBE:02Aug2007, P:PAW_PBE:06Sep2000, Pressure=0.0 kbar, temperature=0K"
      }
    },
    "thermodynamics": {
      "unit cell energy": {
        "value": -40.84351391
      },
      "unit cell formation enthalpy": {
        "value": -0.289867
      },
      "energy info": {
        "value": "software VASP (vasp.5.4.4), k-points mesh 23x23x6, Ecut-off=401.952 eV, PAW_PBE, Co:PAW_PBE:02Aug2007, P:PAW_PBE:06Sep2000, Pressure=0.0 kbar, temperature=0K"
      },
      "interatomic potentials info": {
        "value": null
      },
      "magnetic free energy": {
        "value": null
      },
      "magnetic free energy info": {
        "value": null
      }
    },
    "magnetics": {
      "unit cell spin polarization": {
        "value": 6.286
      },
      "atomic spin specie": {
        "value": [
"1 Co",
0.609,
"2 Co",
0.609,
"3 Co",
1.716,
"4 Co",
1.716,
"5 Co",
1.655,
"6 P",
-0.019
]
      },
      "saturation magnetization": {
        "value": 1.131
      },
      "magnetization temperature": {
        "value": 0
      },
      "magnetization info": {
        "value": "software VASP (vasp.5.4.4), k-points mesh 23x23x6, Ecut-off=401.952 eV, PAW_PBE, Co:PAW_PBE:02Aug2007, P:PAW_PBE:06Sep2000, Pressure=0.0 kbar, temperature=0K"
      },
      "magnetocrystalline anisotropy energy": {
        "value": [
0.0000000000000000,0,1.0000000000000000,-40.88509178,0.2588190451025207,0,0.9659258262890683,-40.88517102,0.5000000000000000,0,0.8660254037844386,-40.88539214,0.7071067811865476,0,0.7071067811865476,-40.88570107,0.8660254037844386,0,0.5000000000000000,-40.88600314,1.0000000000000000,0,0.0000000000000000,-40.88630310]
      },
      "anisotropy energy type": {
        "value": "uniaxial"
      },
      "magnetocrystalline anisotropy constants": {
        "value": [
-3.009,0.009]
      },
      "kind of anisotropy": {
        "value": "easy plane"
      },
      "anisotropy info": {
        "value": "software VASP (vasp.5.4.4) with spin-orbit coupling, k-points mesh 23x23x6, Ecut-off=401.952 eV, PAW_PBE, Co:PAW_PBE:02Aug2007, P:PAW_PBE:06Sep2000, Pressure=0.0 kbar, temperature=0K"
      },
      "exchange integrals": {
        "value": null
      },
      "exchange info": {
        "value": null
      },
      "magnetic order": {
        "value": null
      },
      "curie temperature": {
        "value": null
      },
      "curie temperature info": {
        "value": null
      },
      "anisotropy field": {
        "value": null
      },
      "remanence": {
        "value": null
      },
      "coercivity": {
        "value": null
      },
      "energy product": {
        "value": null
      },
      "hysteresis info": {
        "value": null
      },
      "domain wall width": {
        "value": null
      },
      "domain wall info": {
        "value": null
      },
      "exchange stiffness": {
        "value": null
      },
      "exchange stiffness info": {
        "value": null
      }
    },
    "additional information": {
      "authors": {
        "value": ["ICCRAM"]
      },
      "reference": {
        "value": "S. Curtarolo et al. Computational Materials Science 58 (2012) 218-226"
      },
      "comments": {
        "value": null
      },
      "attached files": {
        "value": [
"Co5P1_#123_1A.cif",
"CONTCAR_Co5P1_#123_1A",
"Co5P1_#123_1A.png"
]
      },
      "attached files info": {
        "value": null
      }
    }
  }
}
