{
  "confidential": {
  "value": false
  }, 
  "name": "NOVAMAG_theory_ICCRAM_Co9P3_#166_1A",
  "properties": {
    "approach": {
      "value": "theory"
    },
    "summary": {
      "value": "crystal, energy, magnetization, MAE"
    },
    "chemistry": {
      "chemical formula": {
        "value": "Co9P3"
      },
      "production info": {
        "value": "initial POSCAR from AFLOW library http://aflow.org/material.php?id=CoP/29"
      }
    },
    "crystal": {
      "compound space group": {
        "value": 166
      },
      "unit cell volume": {
        "value": 130.929981
      },
      "lattice parameters": {
        "value": [
          2.60138,
          2.60138,
          22.34085
        ]
      },
      "lattice angles": {
        "value": [
          90.00000,
          90.00000,
          120.00000
        ]
      },
      "atomic positions": {
        "value": [
"Co1(6c)",
0.00000,
0.00000,
0.74378,
"Co2(3b)",
0.00000,
0.00000,
0.50000,
"P1(3a)",
0.00000,
0.00000,
0.00000
]
      },
      "crystal info": {
        "value": "software VASP (vasp.5.4.4), k-points mesh 27x27x3, Ecut-off=401.952 eV, PAW_PBE, Co:PAW_PBE:02Aug2007, P:PAW_PBE:06Sep2000, Pressure=0.0 kbar, temperature=0K"
      }
    },
    "thermodynamics": {
      "unit cell energy": {
        "value": -79.90806629
      },
      "unit cell formation enthalpy": {
        "value": -0.463043
      },
      "energy info": {
        "value": "software VASP (vasp.5.4.4), k-points mesh 27x27x3, Ecut-off=401.952 eV, PAW_PBE, Co:PAW_PBE:02Aug2007, P:PAW_PBE:06Sep2000, Pressure=0.0 kbar, temperature=0K"
      },
      "interatomic potentials info": {
        "value": null
      },
      "magnetic free energy": {
        "value": null
      },
      "magnetic free energy info": {
        "value": null
      }
    },
    "magnetics": {
      "unit cell spin polarization": {
        "value": 10.559
      },
      "atomic spin specie": {
        "value": [
"1 Co",
0.897,
"2 Co",
0.897,
"3 Co",
0.897,
"4 Co",
0.897,
"5 Co",
0.897,
"6 Co",
0.897,
"7 Co",
1.750,
"8 Co",
1.750,
"9 Co",
1.751,
"10 P",
-0.025,
"11 P",
-0.025,
"12 P",
-0.025
]
      },
      "saturation magnetization": {
        "value": 0.939
      },
      "magnetization temperature": {
        "value": 0
      },
      "magnetization info": {
        "value": "software VASP (vasp.5.4.4), k-points mesh 27x27x3, Ecut-off=401.952 eV, PAW_PBE, Co:PAW_PBE:02Aug2007, P:PAW_PBE:06Sep2000, Pressure=0.0 kbar, temperature=0K"
      },
      "magnetocrystalline anisotropy energy": {
        "value": [
0.0000000000000000,0,1.0000000000000000,-79.98472228,0.2588190451025207,0,0.9659258262890683,-79.98477312,0.5000000000000000,0,0.8660254037844386,-79.98491479,0.7071067811865476,0,0.7071067811865476,-79.98511440,0.8660254037844386,0,0.5000000000000000,-79.98531793,1.0000000000000000,0,0.0000000000000000,-79.98552617]
      },
      "anisotropy energy type": {
        "value": "uniaxial"
      },
      "magnetocrystalline anisotropy constants": {
        "value": [
-0.933,-0.050]
      },
      "kind of anisotropy": {
        "value": "easy plane"
      },
      "anisotropy info": {
        "value": "software VASP (vasp.5.4.4) with spin-orbit coupling, k-points mesh 27x27x3, Ecut-off=401.952 eV, PAW_PBE, Co:PAW_PBE:02Aug2007, P:PAW_PBE:06Sep2000, Pressure=0.0 kbar, temperature=0K"
      },
      "exchange integrals": {
        "value": null
      },
      "exchange info": {
        "value": null
      },
      "magnetic order": {
        "value": null
      },
      "curie temperature": {
        "value": null
      },
      "curie temperature info": {
        "value": null
      },
      "anisotropy field": {
        "value": null
      },
      "remanence": {
        "value": null
      },
      "coercivity": {
        "value": null
      },
      "energy product": {
        "value": null
      },
      "hysteresis info": {
        "value": null
      },
      "domain wall width": {
        "value": null
      },
      "domain wall info": {
        "value": null
      },
      "exchange stiffness": {
        "value": null
      },
      "exchange stiffness info": {
        "value": null
      }
    },
    "additional information": {
      "authors": {
        "value": ["ICCRAM"]
      },
      "reference": {
        "value": "S. Curtarolo et al. Computational Materials Science 58 (2012) 218-226"
      },
      "comments": {
        "value": null
      },
      "attached files": {
        "value": [
"Co9P3_#166_1A.cif",
"CONTCAR_Co9P3_#166_1A",
"Co9P3_#166_1A.png"
]
      },
      "attached files info": {
        "value": null
      }
    }
  }
}
