{
  "confidential": {
  "value": false
  }, 
  "name": "NOVAMAG_theory_ICCRAM_Fe8Nb4_#96_1N",
  "properties": {
    "approach": {
      "value": "theory"
    },
    "summary": {
      "value": "crystal, energy, magnetization, MAE"
    },
    "chemistry": {
      "chemical formula": {
        "value": "Fe8Nb4"
      },
      "production info": {
        "value": "initial POSCAR from NOVAMAG library http://crono.ubu.es/novamag/show_item_features?mafid=253"
      }
    },
    "crystal": {
      "compound space group": {
        "value": 96
      },
      "unit cell volume": {
        "value": 157.851059
      },
      "lattice parameters": {
        "value": [
          4.81483,
          4.81483,
          6.80903
        ]
      },
      "lattice angles": {
        "value": [
          90.00000,
          90.00000,
          90.00000
        ]
      },
      "atomic positions": {
        "value": [
"Fe1(8b)",
0.50009,
0.75000,
0.62506,
"Nb1(4a)",
0.75021,
0.75021,
0.00000
]
      },
      "crystal info": {
        "value": "software VASP (vasp.5.4.4), k-points mesh 12x12x9, Ecut-off=401.823 eV, PAW_PBE, Fe:PAW_PBE:06Sep2000, Nb_pv:PAW_PBE:08Apr2002, Pressure=0.0 kbar, temperature=0K"
      }
    },
    "thermodynamics": {
      "unit cell energy": {
        "value": -107.92850572
      },
      "unit cell formation enthalpy": {
        "value": -1.665311
      },
      "energy info": {
        "value": "software VASP (vasp.5.4.4), k-points mesh 12x12x9, Ecut-off=401.823 eV, PAW_PBE, Fe:PAW_PBE:06Sep2000, Nb_pv:PAW_PBE:08Apr2002, Pressure=0.0 kbar, temperature=0K"
      },
      "interatomic potentials info": {
        "value": null
      },
      "magnetic free energy": {
        "value": null
      },
      "magnetic free energy info": {
        "value": null
      }
    },
    "magnetics": {
      "unit cell spin polarization": {
        "value": 10.061
      },
      "atomic spin specie": {
        "value": [
"1 Fe",
1.485,
"2 Fe",
1.485,
"3 Fe",
1.483,
"4 Fe",
1.485,
"5 Fe",
1.485,
"6 Fe",
1.484,
"7 Fe",
1.486,
"8 Fe",
1.485,
"9 Nb",
-0.454,
"10 Nb",
-0.454,
"11 Nb",
-0.455,
"12 Nb",
-0.454
]
      },
      "saturation magnetization": {
        "value": 0.742
      },
      "magnetization temperature": {
        "value": 0
      },
      "magnetization info": {
        "value": "software VASP (vasp.5.4.4), k-points mesh 12x12x9, Ecut-off=401.823 eV, PAW_PBE, Fe:PAW_PBE:06Sep2000, Nb_pv:PAW_PBE:08Apr2002, Pressure=0.0 kbar, temperature=0K"
      },
      "magnetocrystalline anisotropy energy": {
        "value": [
0.0000000000000000,0,1.0000000000000000,-108.21785567,0.2588190451025207,0,0.9659258262890683,-108.21783750,0.5000000000000000,0,0.8660254037844386,-108.21776891,0.7071067811865476,0,0.7071067811865476,-108.21774101,0.8660254037844386,0,0.5000000000000000,-108.21777193,1.0000000000000000,0,0.0000000000000000,-108.21781168]
      },
      "anisotropy energy type": {
        "value": "uniaxial"
      },
      "magnetocrystalline anisotropy constants": {
        "value": [
0.409,-0.372]
      },
      "kind of anisotropy": {
        "value": null
      },
      "anisotropy info": {
        "value": "software VASP (vasp.5.4.4) with spin-orbit coupling, k-points mesh 12x12x9, Ecut-off=401.823 eV, PAW_PBE, Fe:PAW_PBE:06Sep2000, Nb_pv:PAW_PBE:08Apr2002, Pressure=0.0 kbar, temperature=0K"
      },
      "exchange integrals": {
        "value": null
      },
      "exchange info": {
        "value": null
      },
      "magnetic order": {
        "value": null
      },
      "curie temperature": {
        "value": null
      },
      "curie temperature info": {
        "value": null
      },
      "anisotropy field": {
        "value": null
      },
      "remanence": {
        "value": null
      },
      "coercivity": {
        "value": null
      },
      "energy product": {
        "value": null
      },
      "hysteresis info": {
        "value": null
      },
      "domain wall width": {
        "value": null
      },
      "domain wall info": {
        "value": null
      },
      "exchange stiffness": {
        "value": null
      },
      "exchange stiffness info": {
        "value": null
      }
    },
    "additional information": {
      "authors": {
        "value": ["ICCRAM"]
      },
      "reference": {
        "value": null
      },
      "comments": {
        "value": null
      },
      "attached files": {
        "value": [
"Fe8Nb4_#96_1N.cif",
"CONTCAR_Fe8Nb4_#96_1N",
"Fe8Nb4_#96_1N.png"
]
      },
      "attached files info": {
        "value": null
      }
    }
  }
}
