{
  "confidential": {
  "value": false
  }, 
  "name": "NOVAMAG_theory_ICCRAM_Fe16P2_#139_1A",
  "properties": {
    "approach": {
      "value": "theory"
    },
    "summary": {
      "value": "crystal, energy, magnetization, MAE, coercivity, energy product"
    },
    "chemistry": {
      "chemical formula": {
        "value": "Fe16P2"
      },
      "production info": {
        "value": "initial POSCAR from AFLOW library http://aflow.org/material.php?id=Fe_pvP/311"
      }
    },
    "crystal": {
      "compound space group": {
        "value": 139
      },
      "unit cell volume": {
        "value": 206.007833
      },
      "lattice parameters": {
        "value": [
          7.27250,
          7.27250,
          3.89508
        ]
      },
      "lattice angles": {
        "value": [
          90.00000,
          90.00000,
          90.00000
        ]
      },
      "atomic positions": {
        "value": [
"Fe1(8h)",
0.66350,
0.66350,
0.00000,
"Fe2(8i)",
0.32768,
0.00000,
0.00000,
"P1(2a)",
0.00000,
0.00000,
0.00000
]
      },
      "crystal info": {
        "value": "software VASP (vasp.5.4.4), k-points mesh 8x8x15, Ecut-off=401.823 eV, PAW_PBE, Fe:PAW_PBE:06Sep2000, P:PAW_PBE:06Sep2000, Pressure=0.0 kbar, temperature=0K"
      }
    },
    "thermodynamics": {
      "unit cell energy": {
        "value": -143.00994401
      },
      "unit cell formation enthalpy": {
        "value": -0.467452
      },
      "energy info": {
        "value": "software VASP (vasp.5.4.4), k-points mesh 8x8x15, Ecut-off=401.823 eV, PAW_PBE, Fe:PAW_PBE:06Sep2000, P:PAW_PBE:06Sep2000, Pressure=0.0 kbar, temperature=0K"
      },
      "interatomic potentials info": {
        "value": null
      },
      "magnetic free energy": {
        "value": null
      },
      "magnetic free energy info": {
        "value": null
      }
    },
    "magnetics": {
      "unit cell spin polarization": {
        "value": 36.438
      },
      "atomic spin specie": {
        "value": [
"1 Fe",
2.287,
"2 Fe",
2.284,
"3 Fe",
2.284,
"4 Fe",
2.284,
"5 Fe",
2.286,
"6 Fe",
2.285,
"7 Fe",
2.285,
"8 Fe",
2.288,
"9 Fe",
2.288,
"10 Fe",
2.289,
"11 Fe",
2.289,
"12 Fe",
2.288,
"13 Fe",
2.288,
"14 Fe",
2.287,
"15 Fe",
2.287,
"16 Fe",
2.288,
"17 P",
-0.073,
"18 P",
-0.073
]
      },
      "saturation magnetization": {
        "value": 2.060
      },
      "magnetization temperature": {
        "value": 0
      },
      "magnetization info": {
        "value": "software VASP (vasp.5.4.4), k-points mesh 8x8x15, Ecut-off=401.823 eV, PAW_PBE, Fe:PAW_PBE:06Sep2000, P:PAW_PBE:06Sep2000, Pressure=0.0 kbar, temperature=0K"
      },
      "magnetocrystalline anisotropy energy": {
        "value": [
0.0000000000000000,0,1.0000000000000000,-143.11826551,0.2588190451025207,0,0.9659258262890683,-143.11814831,0.5000000000000000,0,0.8660254037844386,-143.11783162,0.7071067811865476,0,0.7071067811865476,-143.11739898,0.8660254037844386,0,0.5000000000000000,-143.11696622,1.0000000000000000,0,0.0000000000000000,-143.11652748]
      },
      "anisotropy energy type": {
        "value": "uniaxial"
      },
      "magnetocrystalline anisotropy constants": {
        "value": [
1.345,0.005]
      },
      "kind of anisotropy": {
        "value": "easy axis"
      },
      "anisotropy info": {
        "value": "software VASP (vasp.5.4.4) with spin-orbit coupling, k-points mesh 8x8x15, Ecut-off=401.823 eV, PAW_PBE, Fe:PAW_PBE:06Sep2000, P:PAW_PBE:06Sep2000, Pressure=0.0 kbar, temperature=0K"
      },
      "exchange integrals": {
        "value": null
      },
      "exchange info": {
        "value": null
      },
      "magnetic order": {
        "value": null
      },
      "curie temperature": {
        "value": null
      },
      "curie temperature info": {
        "value": null
      },
      "anisotropy field": {
        "value": 1.653
      },
      "remanence": {
        "value": 2.060
      },
      "coercivity": {
        "value": 1.653
      },
      "energy product": {
        "value": 844.237
      },
      "hysteresis info": {
        "value": "Stoner-Wohlfarth model without shape anisotropy, perfectly rectangular hysteresis loop, temperature = 0 K. Remanence equals to saturation magnetization (Ms). Anisotropy field: mu_0*Hk=(2*K_1+4*K_2)/Ms, where mu_0 is the vacuum permeability. Coercivity: Hc=Hk. Maximum energy product (upper limit)=(1/4)*mu_0*Ms^2, note this value can only be reached if the demagnetization factor is D=0.5 and Hc>0.5*Ms."
      },
      "domain wall width": {
        "value": null
      },
      "domain wall info": {
        "value": null
      },
      "exchange stiffness": {
        "value": null
      },
      "exchange stiffness info": {
        "value": null
      }
    },
    "additional information": {
      "authors": {
        "value": ["ICCRAM"]
      },
      "reference": {
        "value": "S. Curtarolo et al. Computational Materials Science 58 (2012) 218-226"
      },
      "comments": {
        "value": "Hardness parameter=0.631"
      },
      "attached files": {
        "value": [
"Fe16P2_#139_1A.cif",
"CONTCAR_Fe16P2_#139_1A",
"Fe16P2_#139_1A.png"
]
      },
      "attached files info": {
        "value": null
      }
    }
  }
}
