{
  "confidential": {
  "value": false
  }, 
  "name": "NOVAMAG_theory_ICCRAM_Fe16P8_#141_1A",
  "properties": {
    "approach": {
      "value": "theory"
    },
    "summary": {
      "value": "crystal, energy, magnetization, MAE"
    },
    "chemistry": {
      "chemical formula": {
        "value": "Fe16P8"
      },
      "production info": {
        "value": "initial POSCAR from AFLOW library http://aflow.org/material.php?id=Fe_pvP/381"
      }
    },
    "crystal": {
      "compound space group": {
        "value": 141
      },
      "unit cell volume": {
        "value": 274.205095
      },
      "lattice parameters": {
        "value": [
          3.53388,
          3.53388,
          21.95701
        ]
      },
      "lattice angles": {
        "value": [
          90.00000,
          90.00000,
          90.00000
        ]
      },
      "atomic positions": {
        "value": [
"Fe1(8e)",
0.00000,
0.25000,
0.62089,
"Fe2(8e)",
0.00000,
0.25000,
0.79027,
"P1(8e)",
0.00000,
0.25000,
0.44303
]
      },
      "crystal info": {
        "value": "software VASP (vasp.5.4.4), k-points mesh 17x17x3, Ecut-off=401.823 eV, PAW_PBE, Fe:PAW_PBE:06Sep2000, P:PAW_PBE:06Sep2000, Pressure=0.0 kbar, temperature=0K"
      }
    },
    "thermodynamics": {
      "unit cell energy": {
        "value": -178.03049315
      },
      "unit cell formation enthalpy": {
        "value": -3.245709
      },
      "energy info": {
        "value": "software VASP (vasp.5.4.4), k-points mesh 17x17x3, Ecut-off=401.823 eV, PAW_PBE, Fe:PAW_PBE:06Sep2000, P:PAW_PBE:06Sep2000, Pressure=0.0 kbar, temperature=0K"
      },
      "interatomic potentials info": {
        "value": null
      },
      "magnetic free energy": {
        "value": null
      },
      "magnetic free energy info": {
        "value": null
      }
    },
    "magnetics": {
      "unit cell spin polarization": {
        "value": 25.105
      },
      "atomic spin specie": {
        "value": [
"1 Fe",
0.789,
"2 Fe",
0.789,
"3 Fe",
0.789,
"4 Fe",
0.789,
"5 Fe",
0.789,
"6 Fe",
0.789,
"7 Fe",
0.789,
"8 Fe",
0.789,
"9 Fe",
2.370,
"10 Fe",
2.370,
"11 Fe",
2.370,
"12 Fe",
2.370,
"13 Fe",
2.370,
"14 Fe",
2.370,
"15 Fe",
2.370,
"16 Fe",
2.370,
"17 P",
-0.020,
"18 P",
-0.020,
"19 P",
-0.020,
"20 P",
-0.020,
"21 P",
-0.020,
"22 P",
-0.020,
"23 P",
-0.020,
"24 P",
-0.020
]
      },
      "saturation magnetization": {
        "value": 1.066
      },
      "magnetization temperature": {
        "value": 0
      },
      "magnetization info": {
        "value": "software VASP (vasp.5.4.4), k-points mesh 17x17x3, Ecut-off=401.823 eV, PAW_PBE, Fe:PAW_PBE:06Sep2000, P:PAW_PBE:06Sep2000, Pressure=0.0 kbar, temperature=0K"
      },
      "magnetocrystalline anisotropy energy": {
        "value": [
0.0000000000000000,0,1.0000000000000000,-178.13743515,0.2588190451025207,0,0.9659258262890683,-178.13756308,0.5000000000000000,0,0.8660254037844386,-178.13791340,0.7071067811865476,0,0.7071067811865476,-178.13839572,0.8660254037844386,0,0.5000000000000000,-178.13888112,1.0000000000000000,0,0.0000000000000000,-178.13937098]
      },
      "anisotropy energy type": {
        "value": "uniaxial"
      },
      "magnetocrystalline anisotropy constants": {
        "value": [
-1.114,-0.018]
      },
      "kind of anisotropy": {
        "value": "easy plane"
      },
      "anisotropy info": {
        "value": "software VASP (vasp.5.4.4) with spin-orbit coupling, k-points mesh 17x17x3, Ecut-off=401.823 eV, PAW_PBE, Fe:PAW_PBE:06Sep2000, P:PAW_PBE:06Sep2000, Pressure=0.0 kbar, temperature=0K"
      },
      "exchange integrals": {
        "value": null
      },
      "exchange info": {
        "value": null
      },
      "magnetic order": {
        "value": null
      },
      "curie temperature": {
        "value": null
      },
      "curie temperature info": {
        "value": null
      },
      "anisotropy field": {
        "value": null
      },
      "remanence": {
        "value": null
      },
      "coercivity": {
        "value": null
      },
      "energy product": {
        "value": null
      },
      "hysteresis info": {
        "value": null
      },
      "domain wall width": {
        "value": null
      },
      "domain wall info": {
        "value": null
      },
      "exchange stiffness": {
        "value": null
      },
      "exchange stiffness info": {
        "value": null
      }
    },
    "additional information": {
      "authors": {
        "value": ["ICCRAM"]
      },
      "reference": {
        "value": "S. Curtarolo et al. Computational Materials Science 58 (2012) 218-226"
      },
      "comments": {
        "value": null
      },
      "attached files": {
        "value": [
"Fe16P8_#141_1A.cif",
"CONTCAR_Fe16P8_#141_1A",
"Fe16P8_#141_1A.png"
]
      },
      "attached files info": {
        "value": null
      }
    }
  }
}
