{
  "confidential": {
  "value": false
  }, 
  "name": "NOVAMAG_theory_ICCRAM_Fe18P6_#194_1A",
  "properties": {
    "approach": {
      "value": "theory"
    },
    "summary": {
      "value": "crystal, energy, magnetization, MAE, coercivity, energy product"
    },
    "chemistry": {
      "chemical formula": {
        "value": "Fe18P6"
      },
      "production info": {
        "value": "initial POSCAR from AFLOW library http://aflow.org/material.php?id=Fe_pvP/239"
      }
    },
    "crystal": {
      "compound space group": {
        "value": 194
      },
      "unit cell volume": {
        "value": 267.583442
      },
      "lattice parameters": {
        "value": [
          4.97434,
          4.97434,
          12.48697
        ]
      },
      "lattice angles": {
        "value": [
          90.00000,
          90.00000,
          120.00000
        ]
      },
      "atomic positions": {
        "value": [
"Fe1(6h)",
0.49799,
-0.00403,
0.25000,
"Fe2(12k)",
0.83314,
0.66627,
0.41653,
"P1(2b)",
0.00000,
0.00000,
0.25000,
"P2(4f)",
0.33333,
0.66667,
0.41287
]
      },
      "crystal info": {
        "value": "software VASP (vasp.5.4.4), k-points mesh 14x14x5, Ecut-off=401.823 eV, PAW_PBE, Fe:PAW_PBE:06Sep2000, P:PAW_PBE:06Sep2000, Pressure=0.0 kbar, temperature=0K"
      }
    },
    "thermodynamics": {
      "unit cell energy": {
        "value": -183.94145839
      },
      "unit cell formation enthalpy": {
        "value": -3.429723
      },
      "energy info": {
        "value": "software VASP (vasp.5.4.4), k-points mesh 14x14x5, Ecut-off=401.823 eV, PAW_PBE, Fe:PAW_PBE:06Sep2000, P:PAW_PBE:06Sep2000, Pressure=0.0 kbar, temperature=0K"
      },
      "interatomic potentials info": {
        "value": null
      },
      "magnetic free energy": {
        "value": null
      },
      "magnetic free energy info": {
        "value": null
      }
    },
    "magnetics": {
      "unit cell spin polarization": {
        "value": 37.051
      },
      "atomic spin specie": {
        "value": [
"1 Fe",
1.910,
"2 Fe",
1.910,
"3 Fe",
1.910,
"4 Fe",
1.910,
"5 Fe",
1.910,
"6 Fe",
1.910,
"7 Fe",
2.169,
"8 Fe",
2.168,
"9 Fe",
2.169,
"10 Fe",
2.169,
"11 Fe",
2.169,
"12 Fe",
2.169,
"13 Fe",
2.169,
"14 Fe",
2.168,
"15 Fe",
2.169,
"16 Fe",
2.169,
"17 Fe",
2.168,
"18 Fe",
2.169,
"19 P",
-0.088,
"20 P",
-0.088,
"21 P",
-0.064,
"22 P",
-0.064,
"23 P",
-0.064,
"24 P",
-0.064
]
      },
      "saturation magnetization": {
        "value": 1.613
      },
      "magnetization temperature": {
        "value": 0
      },
      "magnetization info": {
        "value": "software VASP (vasp.5.4.4), k-points mesh 14x14x5, Ecut-off=401.823 eV, PAW_PBE, Fe:PAW_PBE:06Sep2000, P:PAW_PBE:06Sep2000, Pressure=0.0 kbar, temperature=0K"
      },
      "magnetocrystalline anisotropy energy": {
        "value": [
0.0000000000000000,0,1.0000000000000000,-184.06289598,0.2588190451025207,0,0.9659258262890683,-184.06288748,0.5000000000000000,0,0.8660254037844386,-184.06286104,0.7071067811865476,0,0.7071067811865476,-184.06282108,0.8660254037844386,0,0.5000000000000000,-184.06277467,1.0000000000000000,0,0.0000000000000000,-184.06272468]
      },
      "anisotropy energy type": {
        "value": "uniaxial"
      },
      "magnetocrystalline anisotropy constants": {
        "value": [
0.077,0.026]
      },
      "kind of anisotropy": {
        "value": "easy axis"
      },
      "anisotropy info": {
        "value": "software VASP (vasp.5.4.4) with spin-orbit coupling, k-points mesh 14x14x5, Ecut-off=401.823 eV, PAW_PBE, Fe:PAW_PBE:06Sep2000, P:PAW_PBE:06Sep2000, Pressure=0.0 kbar, temperature=0K"
      },
      "exchange integrals": {
        "value": null
      },
      "exchange info": {
        "value": null
      },
      "magnetic order": {
        "value": null
      },
      "curie temperature": {
        "value": null
      },
      "curie temperature info": {
        "value": null
      },
      "anisotropy field": {
        "value": 0.201
      },
      "remanence": {
        "value": 1.613
      },
      "coercivity": {
        "value": 0.201
      },
      "energy product": {
        "value": 517.606
      },
      "hysteresis info": {
        "value": "Stoner-Wohlfarth model without shape anisotropy, perfectly rectangular hysteresis loop, temperature = 0 K. Remanence equals to saturation magnetization (Ms). Anisotropy field: mu_0*Hk=(2*K_1+4*K_2)/Ms, where mu_0 is the vacuum permeability. Coercivity: Hc=Hk. Maximum energy product (upper limit)=(1/4)*mu_0*Ms^2, note this value can only be reached if the demagnetization factor is D=0.5 and Hc>0.5*Ms."
      },
      "domain wall width": {
        "value": null
      },
      "domain wall info": {
        "value": null
      },
      "exchange stiffness": {
        "value": null
      },
      "exchange stiffness info": {
        "value": null
      }
    },
    "additional information": {
      "authors": {
        "value": ["ICCRAM"]
      },
      "reference": {
        "value": "S. Curtarolo et al. Computational Materials Science 58 (2012) 218-226"
      },
      "comments": {
        "value": "Hardness parameter=0.193"
      },
      "attached files": {
        "value": [
"Fe18P6_#194_1A.cif",
"CONTCAR_Fe18P6_#194_1A",
"Fe18P6_#194_1A.png"
]
      },
      "attached files info": {
        "value": null
      }
    }
  }
}
