{
  "confidential": {
  "value": false
  }, 
  "name": "NOVAMAG_theory_ICCRAM_Fe24P8_#82_1A",
  "properties": {
    "approach": {
      "value": "theory"
    },
    "summary": {
      "value": "crystal, energy, magnetization, MAE, coercivity, energy product"
    },
    "chemistry": {
      "chemical formula": {
        "value": "Fe24P8"
      },
      "production info": {
        "value": "initial POSCAR from AFLOW library http://aflow.org/material.php?id=Fe_pvP/ICSD_43365.AB"
      }
    },
    "crystal": {
      "compound space group": {
        "value": 82
      },
      "unit cell volume": {
        "value": 357.354894
      },
      "lattice parameters": {
        "value": [
          9.04006,
          9.04006,
          4.37278
        ]
      },
      "lattice angles": {
        "value": [
          90.00000,
          90.00000,
          90.00000
        ]
      },
      "atomic positions": {
        "value": [
"Fe1(8g)",
0.39406,
0.42171,
0.26611,
"Fe2(8g)",
-0.03115,
0.63720,
0.00994,
"Fe3(8g)",
0.77991,
0.83028,
0.24130,
"P1(8g)",
0.45470,
0.20926,
0.00641
]
      },
      "crystal info": {
        "value": "software VASP (vasp.5.4.4), k-points mesh 7x7x14, Ecut-off=401.823 eV, PAW_PBE, Fe:PAW_PBE:06Sep2000, P:PAW_PBE:06Sep2000, Pressure=0.0 kbar, temperature=0K"
      }
    },
    "thermodynamics": {
      "unit cell energy": {
        "value": -252.48321272
      },
      "unit cell formation enthalpy": {
        "value": -11.800898
      },
      "energy info": {
        "value": "software VASP (vasp.5.4.4), k-points mesh 7x7x14, Ecut-off=401.823 eV, PAW_PBE, Fe:PAW_PBE:06Sep2000, P:PAW_PBE:06Sep2000, Pressure=0.0 kbar, temperature=0K"
      },
      "interatomic potentials info": {
        "value": null
      },
      "magnetic free energy": {
        "value": null
      },
      "magnetic free energy info": {
        "value": null
      }
    },
    "magnetics": {
      "unit cell spin polarization": {
        "value": 45.477
      },
      "atomic spin specie": {
        "value": [
"1 Fe",
2.214,
"2 Fe",
2.214,
"3 Fe",
2.214,
"4 Fe",
2.214,
"5 Fe",
2.214,
"6 Fe",
2.214,
"7 Fe",
2.214,
"8 Fe",
2.214,
"9 Fe",
1.553,
"10 Fe",
1.553,
"11 Fe",
1.553,
"12 Fe",
1.553,
"13 Fe",
1.553,
"14 Fe",
1.553,
"15 Fe",
1.553,
"16 Fe",
1.552,
"17 Fe",
1.995,
"18 Fe",
1.995,
"19 Fe",
1.994,
"20 Fe",
1.994,
"21 Fe",
1.994,
"22 Fe",
1.994,
"23 Fe",
1.994,
"24 Fe",
1.995,
"25 P",
-0.076,
"26 P",
-0.076,
"27 P",
-0.076,
"28 P",
-0.076,
"29 P",
-0.076,
"30 P",
-0.076,
"31 P",
-0.076,
"32 P",
-0.076
]
      },
      "saturation magnetization": {
        "value": 1.482
      },
      "magnetization temperature": {
        "value": 0
      },
      "magnetization info": {
        "value": "software VASP (vasp.5.4.4), k-points mesh 7x7x14, Ecut-off=401.823 eV, PAW_PBE, Fe:PAW_PBE:06Sep2000, P:PAW_PBE:06Sep2000, Pressure=0.0 kbar, temperature=0K"
      },
      "magnetocrystalline anisotropy energy": {
        "value": [
0.0000000000000000,0,1.0000000000000000,-252.63277986,0.2588190451025207,0,0.9659258262890683,-252.63275782,0.5000000000000000,0,0.8660254037844386,-252.63270614,0.7071067811865476,0,0.7071067811865476,-252.63263133,0.8660254037844386,0,0.5000000000000000,-252.63255874,1.0000000000000000,0,0.0000000000000000,-252.63248635]
      },
      "anisotropy energy type": {
        "value": "uniaxial"
      },
      "magnetocrystalline anisotropy constants": {
        "value": [
0.135,-0.004]
      },
      "kind of anisotropy": {
        "value": "easy axis"
      },
      "anisotropy info": {
        "value": "software VASP (vasp.5.4.4) with spin-orbit coupling, k-points mesh 7x7x14, Ecut-off=401.823 eV, PAW_PBE, Fe:PAW_PBE:06Sep2000, P:PAW_PBE:06Sep2000, Pressure=0.0 kbar, temperature=0K"
      },
      "exchange integrals": {
        "value": null
      },
      "exchange info": {
        "value": null
      },
      "magnetic order": {
        "value": null
      },
      "curie temperature": {
        "value": null
      },
      "curie temperature info": {
        "value": null
      },
      "anisotropy field": {
        "value": 0.215
      },
      "remanence": {
        "value": 1.482
      },
      "coercivity": {
        "value": 0.215
      },
      "energy product": {
        "value": 436.945
      },
      "hysteresis info": {
        "value": "Stoner-Wohlfarth model without shape anisotropy, perfectly rectangular hysteresis loop, temperature = 0 K. Remanence equals to saturation magnetization (Ms). Anisotropy field: mu_0*Hk=(2*K_1+4*K_2)/Ms, where mu_0 is the vacuum permeability. Coercivity: Hc=Hk. Maximum energy product (upper limit)=(1/4)*mu_0*Ms^2, note this value can only be reached if the demagnetization factor is D=0.5 and Hc>0.5*Ms."
      },
      "domain wall width": {
        "value": null
      },
      "domain wall info": {
        "value": null
      },
      "exchange stiffness": {
        "value": null
      },
      "exchange stiffness info": {
        "value": null
      }
    },
    "additional information": {
      "authors": {
        "value": ["ICCRAM"]
      },
      "reference": {
        "value": "S. Curtarolo et al. Computational Materials Science 58 (2012) 218-226"
      },
      "comments": {
        "value": "Hardness parameter=0.278"
      },
      "attached files": {
        "value": [
"Fe24P8_#82_1A.cif",
"CONTCAR_Fe24P8_#82_1A",
"Fe24P8_#82_1A.png"
]
      },
      "attached files info": {
        "value": null
      }
    }
  }
}
