{
  "confidential": {
  "value": false
  }, 
  "name": "NOVAMAG_theory_ICCRAM_Fe2P1_#123_1A",
  "properties": {
    "approach": {
      "value": "theory"
    },
    "summary": {
      "value": "crystal, energy, magnetization, MAE"
    },
    "chemistry": {
      "chemical formula": {
        "value": "Fe2P1"
      },
      "production info": {
        "value": "initial POSCAR from AFLOW library http://aflow.org/material.php?id=Fe_pvP/389"
      }
    },
    "crystal": {
      "compound space group": {
        "value": 123
      },
      "unit cell volume": {
        "value": 36.463776
      },
      "lattice parameters": {
        "value": [
          3.69812,
          3.69812,
          2.66624
        ]
      },
      "lattice angles": {
        "value": [
          90.00000,
          90.00000,
          90.00000
        ]
      },
      "atomic positions": {
        "value": [
"Fe1(2e)",
0.00000,
0.50000,
0.50000,
"P1(1a)",
0.00000,
0.00000,
0.00000
]
      },
      "crystal info": {
        "value": "software VASP (vasp.5.4.4), k-points mesh 16x16x23, Ecut-off=401.823 eV, PAW_PBE, Fe:PAW_PBE:06Sep2000, P:PAW_PBE:06Sep2000, Pressure=0.0 kbar, temperature=0K"
      }
    },
    "thermodynamics": {
      "unit cell energy": {
        "value": -22.08003448
      },
      "unit cell formation enthalpy": {
        "value": -0.231937
      },
      "energy info": {
        "value": "software VASP (vasp.5.4.4), k-points mesh 16x16x23, Ecut-off=401.823 eV, PAW_PBE, Fe:PAW_PBE:06Sep2000, P:PAW_PBE:06Sep2000, Pressure=0.0 kbar, temperature=0K"
      },
      "interatomic potentials info": {
        "value": null
      },
      "magnetic free energy": {
        "value": null
      },
      "magnetic free energy info": {
        "value": null
      }
    },
    "magnetics": {
      "unit cell spin polarization": {
        "value": 2.625
      },
      "atomic spin specie": {
        "value": [
"1 Fe",
1.342,
"2 Fe",
1.342,
"3 P",
-0.059
]
      },
      "saturation magnetization": {
        "value": 0.839
      },
      "magnetization temperature": {
        "value": 0
      },
      "magnetization info": {
        "value": "software VASP (vasp.5.4.4), k-points mesh 16x16x23, Ecut-off=401.823 eV, PAW_PBE, Fe:PAW_PBE:06Sep2000, P:PAW_PBE:06Sep2000, Pressure=0.0 kbar, temperature=0K"
      },
      "magnetocrystalline anisotropy energy": {
        "value": [
0.0000000000000000,0,1.0000000000000000,-22.09351661,0.2588190451025207,0,0.9659258262890683,-22.09352229,0.5000000000000000,0,0.8660254037844386,-22.09353913,0.7071067811865476,0,0.7071067811865476,-22.09356201,0.8660254037844386,0,0.5000000000000000,-22.09358443,1.0000000000000000,0,0.0000000000000000,-22.09360633]
      },
      "anisotropy energy type": {
        "value": "uniaxial"
      },
      "magnetocrystalline anisotropy constants": {
        "value": [
-0.401,0.007]
      },
      "kind of anisotropy": {
        "value": "easy plane"
      },
      "anisotropy info": {
        "value": "software VASP (vasp.5.4.4) with spin-orbit coupling, k-points mesh 16x16x23, Ecut-off=401.823 eV, PAW_PBE, Fe:PAW_PBE:06Sep2000, P:PAW_PBE:06Sep2000, Pressure=0.0 kbar, temperature=0K"
      },
      "exchange integrals": {
        "value": null
      },
      "exchange info": {
        "value": null
      },
      "magnetic order": {
        "value": null
      },
      "curie temperature": {
        "value": null
      },
      "curie temperature info": {
        "value": null
      },
      "anisotropy field": {
        "value": null
      },
      "remanence": {
        "value": null
      },
      "coercivity": {
        "value": null
      },
      "energy product": {
        "value": null
      },
      "hysteresis info": {
        "value": null
      },
      "domain wall width": {
        "value": null
      },
      "domain wall info": {
        "value": null
      },
      "exchange stiffness": {
        "value": null
      },
      "exchange stiffness info": {
        "value": null
      }
    },
    "additional information": {
      "authors": {
        "value": ["ICCRAM"]
      },
      "reference": {
        "value": "S. Curtarolo et al. Computational Materials Science 58 (2012) 218-226"
      },
      "comments": {
        "value": null
      },
      "attached files": {
        "value": [
"Fe2P1_#123_1A.cif",
"CONTCAR_Fe2P1_#123_1A",
"Fe2P1_#123_1A.png"
]
      },
      "attached files info": {
        "value": null
      }
    }
  }
}
