{
  "confidential": {
  "value": false
  }, 
  "name": "NOVAMAG_theory_ICCRAM_Fe8P2_#87_1A",
  "properties": {
    "approach": {
      "value": "theory"
    },
    "summary": {
      "value": "crystal, energy, magnetization, MAE, coercivity, energy product"
    },
    "chemistry": {
      "chemical formula": {
        "value": "Fe8P2"
      },
      "production info": {
        "value": "initial POSCAR from AFLOW library http://aflow.org/material.php?id=Fe_pvP/286"
      }
    },
    "crystal": {
      "compound space group": {
        "value": 87
      },
      "unit cell volume": {
        "value": 112.812709
      },
      "lattice parameters": {
        "value": [
          5.36719,
          5.36719,
          3.91619
        ]
      },
      "lattice angles": {
        "value": [
          90.00000,
          90.00000,
          90.00000
        ]
      },
      "atomic positions": {
        "value": [
"Fe1(8h)",
0.80128,
0.62095,
0.00000,
"P1(2a)",
0.00000,
0.00000,
0.00000
]
      },
      "crystal info": {
        "value": "software VASP (vasp.5.4.4), k-points mesh 11x11x15, Ecut-off=401.823 eV, PAW_PBE, Fe:PAW_PBE:06Sep2000, P:PAW_PBE:06Sep2000, Pressure=0.0 kbar, temperature=0K"
      }
    },
    "thermodynamics": {
      "unit cell energy": {
        "value": -77.83710337
      },
      "unit cell formation enthalpy": {
        "value": -1.192142
      },
      "energy info": {
        "value": "software VASP (vasp.5.4.4), k-points mesh 11x11x15, Ecut-off=401.823 eV, PAW_PBE, Fe:PAW_PBE:06Sep2000, P:PAW_PBE:06Sep2000, Pressure=0.0 kbar, temperature=0K"
      },
      "interatomic potentials info": {
        "value": null
      },
      "magnetic free energy": {
        "value": null
      },
      "magnetic free energy info": {
        "value": null
      }
    },
    "magnetics": {
      "unit cell spin polarization": {
        "value": 17.086
      },
      "atomic spin specie": {
        "value": [
"1 Fe",
2.149,
"2 Fe",
2.149,
"3 Fe",
2.150,
"4 Fe",
2.150,
"5 Fe",
2.149,
"6 Fe",
2.149,
"7 Fe",
2.150,
"8 Fe",
2.150,
"9 P",
-0.054,
"10 P",
-0.054
]
      },
      "saturation magnetization": {
        "value": 1.764
      },
      "magnetization temperature": {
        "value": 0
      },
      "magnetization info": {
        "value": "software VASP (vasp.5.4.4), k-points mesh 11x11x15, Ecut-off=401.823 eV, PAW_PBE, Fe:PAW_PBE:06Sep2000, P:PAW_PBE:06Sep2000, Pressure=0.0 kbar, temperature=0K"
      },
      "magnetocrystalline anisotropy energy": {
        "value": [
0.0000000000000000,0,1.0000000000000000,-77.88947906,0.2588190451025207,0,0.9659258262890683,-77.88942362,0.5000000000000000,0,0.8660254037844386,-77.88927175,0.7071067811865476,0,0.7071067811865476,-77.88906558,0.8660254037844386,0,0.5000000000000000,-77.88886072,1.0000000000000000,0,0.0000000000000000,-77.88865572]
      },
      "anisotropy energy type": {
        "value": "uniaxial"
      },
      "magnetocrystalline anisotropy constants": {
        "value": [
1.179,-0.010]
      },
      "kind of anisotropy": {
        "value": "easy axis"
      },
      "anisotropy info": {
        "value": "software VASP (vasp.5.4.4) with spin-orbit coupling, k-points mesh 11x11x15, Ecut-off=401.823 eV, PAW_PBE, Fe:PAW_PBE:06Sep2000, P:PAW_PBE:06Sep2000, Pressure=0.0 kbar, temperature=0K"
      },
      "exchange integrals": {
        "value": null
      },
      "exchange info": {
        "value": null
      },
      "magnetic order": {
        "value": null
      },
      "curie temperature": {
        "value": null
      },
      "curie temperature info": {
        "value": null
      },
      "anisotropy field": {
        "value": 1.651
      },
      "remanence": {
        "value": 1.764
      },
      "coercivity": {
        "value": 1.651
      },
      "energy product": {
        "value": 619.052
      },
      "hysteresis info": {
        "value": "Stoner-Wohlfarth model without shape anisotropy, perfectly rectangular hysteresis loop, temperature = 0 K. Remanence equals to saturation magnetization (Ms). Anisotropy field: mu_0*Hk=(2*K_1+4*K_2)/Ms, where mu_0 is the vacuum permeability. Coercivity: Hc=Hk. Maximum energy product (upper limit)=(1/4)*mu_0*Ms^2, note this value can only be reached if the demagnetization factor is D=0.5 and Hc>0.5*Ms."
      },
      "domain wall width": {
        "value": null
      },
      "domain wall info": {
        "value": null
      },
      "exchange stiffness": {
        "value": null
      },
      "exchange stiffness info": {
        "value": null
      }
    },
    "additional information": {
      "authors": {
        "value": ["ICCRAM"]
      },
      "reference": {
        "value": "S. Curtarolo et al. Computational Materials Science 58 (2012) 218-226"
      },
      "comments": {
        "value": "Hardness parameter=0.690"
      },
      "attached files": {
        "value": [
"Fe8P2_#87_1A.cif",
"CONTCAR_Fe8P2_#87_1A",
"Fe8P2_#87_1A.png"
]
      },
      "attached files info": {
        "value": null
      }
    }
  }
}
