{
  "confidential": {
  "value": false
  }, 
  "name": "NOVAMAG_theory_ICCRAM_Fe8P4_#140_1A",
  "properties": {
    "approach": {
      "value": "theory"
    },
    "summary": {
      "value": "crystal, energy, magnetization, MAE"
    },
    "chemistry": {
      "chemical formula": {
        "value": "Fe8P4"
      },
      "production info": {
        "value": "initial POSCAR from AFLOW library http://aflow.org/material.php?id=Fe_pvP/235"
      }
    },
    "crystal": {
      "compound space group": {
        "value": 140
      },
      "unit cell volume": {
        "value": 132.795427
      },
      "lattice parameters": {
        "value": [
          5.17487,
          5.17487,
          4.95890
        ]
      },
      "lattice angles": {
        "value": [
          90.00000,
          90.00000,
          90.00000
        ]
      },
      "atomic positions": {
        "value": [
"Fe1(8h)",
0.67194,
0.17194,
0.00000,
"P1(4a)",
0.00000,
0.00000,
0.25000
]
      },
      "crystal info": {
        "value": "software VASP (vasp.5.4.4), k-points mesh 12x12x12, Ecut-off=401.823 eV, PAW_PBE, Fe:PAW_PBE:06Sep2000, P:PAW_PBE:06Sep2000, Pressure=0.0 kbar, temperature=0K"
      }
    },
    "thermodynamics": {
      "unit cell energy": {
        "value": -90.95586144
      },
      "unit cell formation enthalpy": {
        "value": -3.563470
      },
      "energy info": {
        "value": "software VASP (vasp.5.4.4), k-points mesh 12x12x12, Ecut-off=401.823 eV, PAW_PBE, Fe:PAW_PBE:06Sep2000, P:PAW_PBE:06Sep2000, Pressure=0.0 kbar, temperature=0K"
      },
      "interatomic potentials info": {
        "value": null
      },
      "magnetic free energy": {
        "value": null
      },
      "magnetic free energy info": {
        "value": null
      }
    },
    "magnetics": {
      "unit cell spin polarization": {
        "value": 11.734
      },
      "atomic spin specie": {
        "value": [
"1 Fe",
1.497,
"2 Fe",
1.497,
"3 Fe",
1.497,
"4 Fe",
1.497,
"5 Fe",
1.497,
"6 Fe",
1.496,
"7 Fe",
1.496,
"8 Fe",
1.497,
"9 P",
-0.060,
"10 P",
-0.060,
"11 P",
-0.060,
"12 P",
-0.060
]
      },
      "saturation magnetization": {
        "value": 1.029
      },
      "magnetization temperature": {
        "value": 0
      },
      "magnetization info": {
        "value": "software VASP (vasp.5.4.4), k-points mesh 12x12x12, Ecut-off=401.823 eV, PAW_PBE, Fe:PAW_PBE:06Sep2000, P:PAW_PBE:06Sep2000, Pressure=0.0 kbar, temperature=0K"
      },
      "magnetocrystalline anisotropy energy": {
        "value": [
0.0000000000000000,0,1.0000000000000000,-91.00191967,0.2588190451025207,0,0.9659258262890683,-91.00194080,0.5000000000000000,0,0.8660254037844386,-91.00199971,0.7071067811865476,0,0.7071067811865476,-91.00208138,0.8660254037844386,0,0.5000000000000000,-91.00216378,1.0000000000000000,0,0.0000000000000000,-91.00224963]
      },
      "anisotropy energy type": {
        "value": "uniaxial"
      },
      "magnetocrystalline anisotropy constants": {
        "value": [
-0.381,-0.016]
      },
      "kind of anisotropy": {
        "value": "easy plane"
      },
      "anisotropy info": {
        "value": "software VASP (vasp.5.4.4) with spin-orbit coupling, k-points mesh 12x12x12, Ecut-off=401.823 eV, PAW_PBE, Fe:PAW_PBE:06Sep2000, P:PAW_PBE:06Sep2000, Pressure=0.0 kbar, temperature=0K"
      },
      "exchange integrals": {
        "value": null
      },
      "exchange info": {
        "value": null
      },
      "magnetic order": {
        "value": null
      },
      "curie temperature": {
        "value": null
      },
      "curie temperature info": {
        "value": null
      },
      "anisotropy field": {
        "value": null
      },
      "remanence": {
        "value": null
      },
      "coercivity": {
        "value": null
      },
      "energy product": {
        "value": null
      },
      "hysteresis info": {
        "value": null
      },
      "domain wall width": {
        "value": null
      },
      "domain wall info": {
        "value": null
      },
      "exchange stiffness": {
        "value": null
      },
      "exchange stiffness info": {
        "value": null
      }
    },
    "additional information": {
      "authors": {
        "value": ["ICCRAM"]
      },
      "reference": {
        "value": "S. Curtarolo et al. Computational Materials Science 58 (2012) 218-226"
      },
      "comments": {
        "value": null
      },
      "attached files": {
        "value": [
"Fe8P4_#140_1A.cif",
"CONTCAR_Fe8P4_#140_1A",
"Fe8P4_#140_1A.png"
]
      },
      "attached files info": {
        "value": null
      }
    }
  }
}
