{
  "confidential": {
  "value": false
  }, 
  "name": "NOVAMAG_theory_ICCRAM_Co3Si1_#123_1A",
  "properties": {
    "approach": {
      "value": "theory"
    },
    "summary": {
      "value": "crystal, energy, magnetization, MAE, coercivity, energy product"
    },
    "chemistry": {
      "chemical formula": {
        "value": "Co3Si1"
      },
      "production info": {
        "value": "initial POSCAR from AFLOW library http://aflow.org/material.php?id=CoSi/83"
      }
    },
    "crystal": {
      "compound space group": {
        "value": 123
      },
      "unit cell volume": {
        "value": 43.368742
      },
      "lattice parameters": {
        "value": [
          3.93178,
          3.93178,
          2.80542
        ]
      },
      "lattice angles": {
        "value": [
          90.00000,
          90.00000,
          90.00000
        ]
      },
      "atomic positions": {
        "value": [
"Co1(2f)",
0.00000,
0.50000,
0.00000,
"Co2(1b)",
0.00000,
0.00000,
0.50000,
"Si1(1d)",
0.50000,
0.50000,
0.50000
]
      },
      "crystal info": {
        "value": "software VASP (vasp.5.4.4), k-points mesh 15x15x21, Ecut-off=401.952 eV, PAW_PBE, Co:PAW_PBE:02Aug2007, Si:PAW_PBE:05Jan2001, Pressure=0.0 kbar, temperature=0K"
      }
    },
    "thermodynamics": {
      "unit cell energy": {
        "value": -27.36396824
      },
      "unit cell formation enthalpy": {
        "value": -0.831131
      },
      "energy info": {
        "value": "software VASP (vasp.5.4.4), k-points mesh 15x15x21, Ecut-off=401.952 eV, PAW_PBE, Co:PAW_PBE:02Aug2007, Si:PAW_PBE:05Jan2001, Pressure=0.0 kbar, temperature=0K"
      },
      "interatomic potentials info": {
        "value": null
      },
      "magnetic free energy": {
        "value": null
      },
      "magnetic free energy info": {
        "value": null
      }
    },
    "magnetics": {
      "unit cell spin polarization": {
        "value": 3.957
      },
      "atomic spin specie": {
        "value": [
"1 Co",
1.194,
"2 Co",
1.194,
"3 Co",
1.579,
"4 Si",
-0.011
]
      },
      "saturation magnetization": {
        "value": 1.063
      },
      "magnetization temperature": {
        "value": 0
      },
      "magnetization info": {
        "value": "software VASP (vasp.5.4.4), k-points mesh 15x15x21, Ecut-off=401.952 eV, PAW_PBE, Co:PAW_PBE:02Aug2007, Si:PAW_PBE:05Jan2001, Pressure=0.0 kbar, temperature=0K"
      },
      "magnetocrystalline anisotropy energy": {
        "value": [
0.0000000000000000,0,1.0000000000000000,-27.38915638,0.2588190451025207,0,0.9659258262890683,-27.38911836,0.5000000000000000,0,0.8660254037844386,-27.38901502,0.7071067811865476,0,0.7071067811865476,-27.38887586,0.8660254037844386,0,0.5000000000000000,-27.38873308,1.0000000000000000,0,0.0000000000000000,-27.38858920]
      },
      "anisotropy energy type": {
        "value": "uniaxial"
      },
      "magnetocrystalline anisotropy constants": {
        "value": [
2.059,0.043]
      },
      "kind of anisotropy": {
        "value": "easy axis"
      },
      "anisotropy info": {
        "value": "software VASP (vasp.5.4.4) with spin-orbit coupling, k-points mesh 15x15x21, Ecut-off=401.952 eV, PAW_PBE, Co:PAW_PBE:02Aug2007, Si:PAW_PBE:05Jan2001, Pressure=0.0 kbar, temperature=0K"
      },
      "exchange integrals": {
        "value": null
      },
      "exchange info": {
        "value": null
      },
      "magnetic order": {
        "value": null
      },
      "curie temperature": {
        "value": null
      },
      "curie temperature info": {
        "value": null
      },
      "anisotropy field": {
        "value": 5.071
      },
      "remanence": {
        "value": 1.063
      },
      "coercivity": {
        "value": 5.071
      },
      "energy product": {
        "value": 224.800
      },
      "hysteresis info": {
        "value": "Stoner-Wohlfarth model without shape anisotropy, perfectly rectangular hysteresis loop, temperature = 0 K. Remanence equals to saturation magnetization (Ms). Anisotropy field: mu_0*Hk=(2*K_1+4*K_2)/Ms, where mu_0 is the vacuum permeability. Coercivity: Hc=Hk. Maximum energy product (upper limit)=(1/4)*mu_0*Ms^2, note this value can only be reached if the demagnetization factor is D=0.5 and Hc>0.5*Ms."
      },
      "domain wall width": {
        "value": null
      },
      "domain wall info": {
        "value": null
      },
      "exchange stiffness": {
        "value": null
      },
      "exchange stiffness info": {
        "value": null
      }
    },
    "additional information": {
      "authors": {
        "value": ["ICCRAM"]
      },
      "reference": {
        "value": "S. Curtarolo et al. Computational Materials Science 58 (2012) 218-226"
      },
      "comments": {
        "value": "Hardness parameter=1.513"
      },
      "attached files": {
        "value": [
"Co3Si1_#123_1A.cif",
"CONTCAR_Co3Si1_#123_1A",
"Co3Si1_#123_1A.png"
]
      },
      "attached files info": {
        "value": null
      }
    }
  }
}
