{
  "confidential": {
  "value": false
  }, 
  "name": "NOVAMAG_theory_ICCRAM_Co5Si1_#123_1A",
  "properties": {
    "approach": {
      "value": "theory"
    },
    "summary": {
      "value": "crystal, energy, magnetization, MAE"
    },
    "chemistry": {
      "chemical formula": {
        "value": "Co5Si1"
      },
      "production info": {
        "value": "initial POSCAR from AFLOW library http://aflow.org/material.php?id=CoSi/477"
      }
    },
    "crystal": {
      "compound space group": {
        "value": 123
      },
      "unit cell volume": {
        "value": 64.753296
      },
      "lattice parameters": {
        "value": [
          2.60377,
          2.60377,
          9.55120
        ]
      },
      "lattice angles": {
        "value": [
          90.00000,
          90.00000,
          90.00000
        ]
      },
      "atomic positions": {
        "value": [
"Co1(2g)",
0.00000,
0.00000,
0.84972,
"Co2(2h)",
0.50000,
0.50000,
0.67166,
"Co3(1b)",
0.00000,
0.00000,
0.50000,
"Si1(1c)",
0.50000,
0.50000,
0.00000
]
      },
      "crystal info": {
        "value": "software VASP (vasp.5.4.4), k-points mesh 23x23x6, Ecut-off=401.952 eV, PAW_PBE, Co:PAW_PBE:02Aug2007, Si:PAW_PBE:05Jan2001, Pressure=0.0 kbar, temperature=0K"
      }
    },
    "thermodynamics": {
      "unit cell energy": {
        "value": -41.39144810
      },
      "unit cell formation enthalpy": {
        "value": -0.786638
      },
      "energy info": {
        "value": "software VASP (vasp.5.4.4), k-points mesh 23x23x6, Ecut-off=401.952 eV, PAW_PBE, Co:PAW_PBE:02Aug2007, Si:PAW_PBE:05Jan2001, Pressure=0.0 kbar, temperature=0K"
      },
      "interatomic potentials info": {
        "value": null
      },
      "magnetic free energy": {
        "value": null
      },
      "magnetic free energy info": {
        "value": null
      }
    },
    "magnetics": {
      "unit cell spin polarization": {
        "value": 6.498
      },
      "atomic spin specie": {
        "value": [
"1 Co",
0.673,
"2 Co",
0.673,
"3 Co",
1.758,
"4 Co",
1.758,
"5 Co",
1.653,
"6 Si",
-0.018
]
      },
      "saturation magnetization": {
        "value": 1.169
      },
      "magnetization temperature": {
        "value": 0
      },
      "magnetization info": {
        "value": "software VASP (vasp.5.4.4), k-points mesh 23x23x6, Ecut-off=401.952 eV, PAW_PBE, Co:PAW_PBE:02Aug2007, Si:PAW_PBE:05Jan2001, Pressure=0.0 kbar, temperature=0K"
      },
      "magnetocrystalline anisotropy energy": {
        "value": [
0.0000000000000000,0,1.0000000000000000,-41.43235890,0.2588190451025207,0,0.9659258262890683,-41.43240627,0.5000000000000000,0,0.8660254037844386,-41.43252949,0.7071067811865476,0,0.7071067811865476,-41.43269205,0.8660254037844386,0,0.5000000000000000,-41.43285103,1.0000000000000000,0,0.0000000000000000,-41.43300498]
      },
      "anisotropy energy type": {
        "value": "uniaxial"
      },
      "magnetocrystalline anisotropy constants": {
        "value": [
-1.706,0.108]
      },
      "kind of anisotropy": {
        "value": "easy plane"
      },
      "anisotropy info": {
        "value": "software VASP (vasp.5.4.4) with spin-orbit coupling, k-points mesh 23x23x6, Ecut-off=401.952 eV, PAW_PBE, Co:PAW_PBE:02Aug2007, Si:PAW_PBE:05Jan2001, Pressure=0.0 kbar, temperature=0K"
      },
      "exchange integrals": {
        "value": null
      },
      "exchange info": {
        "value": null
      },
      "magnetic order": {
        "value": null
      },
      "curie temperature": {
        "value": null
      },
      "curie temperature info": {
        "value": null
      },
      "anisotropy field": {
        "value": null
      },
      "remanence": {
        "value": null
      },
      "coercivity": {
        "value": null
      },
      "energy product": {
        "value": null
      },
      "hysteresis info": {
        "value": null
      },
      "domain wall width": {
        "value": null
      },
      "domain wall info": {
        "value": null
      },
      "exchange stiffness": {
        "value": null
      },
      "exchange stiffness info": {
        "value": null
      }
    },
    "additional information": {
      "authors": {
        "value": ["ICCRAM"]
      },
      "reference": {
        "value": "S. Curtarolo et al. Computational Materials Science 58 (2012) 218-226"
      },
      "comments": {
        "value": null
      },
      "attached files": {
        "value": [
"Co5Si1_#123_1A.cif",
"CONTCAR_Co5Si1_#123_1A",
"Co5Si1_#123_1A.png"
]
      },
      "attached files info": {
        "value": null
      }
    }
  }
}
