{
  "confidential": {
  "value": false
  }, 
  "name": "NOVAMAG_theory_ICCRAM_Co8Si2_#87_1A",
  "properties": {
    "approach": {
      "value": "theory"
    },
    "summary": {
      "value": "crystal, energy, magnetization, MAE, coercivity, energy product"
    },
    "chemistry": {
      "chemical formula": {
        "value": "Co8Si2"
      },
      "production info": {
        "value": "initial POSCAR from AFLOW library http://aflow.org/material.php?id=CoSi/286"
      }
    },
    "crystal": {
      "compound space group": {
        "value": 87
      },
      "unit cell volume": {
        "value": 106.829153
      },
      "lattice parameters": {
        "value": [
          5.49988,
          5.49988,
          3.53169
        ]
      },
      "lattice angles": {
        "value": [
          90.00000,
          90.00000,
          90.00000
        ]
      },
      "atomic positions": {
        "value": [
"Co1(8h)",
0.80226,
0.60154,
0.00000,
"Si1(2a)",
0.00000,
0.00000,
0.00000
]
      },
      "crystal info": {
        "value": "software VASP (vasp.5.4.4), k-points mesh 11x11x17, Ecut-off=401.952 eV, PAW_PBE, Co:PAW_PBE:02Aug2007, Si:PAW_PBE:05Jan2001, Pressure=0.0 kbar, temperature=0K"
      }
    },
    "thermodynamics": {
      "unit cell energy": {
        "value": -69.15397715
      },
      "unit cell formation enthalpy": {
        "value": -2.016330
      },
      "energy info": {
        "value": "software VASP (vasp.5.4.4), k-points mesh 11x11x17, Ecut-off=401.952 eV, PAW_PBE, Co:PAW_PBE:02Aug2007, Si:PAW_PBE:05Jan2001, Pressure=0.0 kbar, temperature=0K"
      },
      "interatomic potentials info": {
        "value": null
      },
      "magnetic free energy": {
        "value": null
      },
      "magnetic free energy info": {
        "value": null
      }
    },
    "magnetics": {
      "unit cell spin polarization": {
        "value": 9.300
      },
      "atomic spin specie": {
        "value": [
"1 Co",
1.175,
"2 Co",
1.175,
"3 Co",
1.176,
"4 Co",
1.176,
"5 Co",
1.175,
"6 Co",
1.175,
"7 Co",
1.176,
"8 Co",
1.176,
"9 Si",
-0.053,
"10 Si",
-0.053
]
      },
      "saturation magnetization": {
        "value": 1.014
      },
      "magnetization temperature": {
        "value": 0
      },
      "magnetization info": {
        "value": "software VASP (vasp.5.4.4), k-points mesh 11x11x17, Ecut-off=401.952 eV, PAW_PBE, Co:PAW_PBE:02Aug2007, Si:PAW_PBE:05Jan2001, Pressure=0.0 kbar, temperature=0K"
      },
      "magnetocrystalline anisotropy energy": {
        "value": [
0.0000000000000000,0,1.0000000000000000,-69.22244896,0.2588190451025207,0,0.9659258262890683,-69.22237947,0.5000000000000000,0,0.8660254037844386,-69.22217800,0.7071067811865476,0,0.7071067811865476,-69.22189932,0.8660254037844386,0,0.5000000000000000,-69.22161437,1.0000000000000000,0,0.0000000000000000,-69.22133199]
      },
      "anisotropy energy type": {
        "value": "uniaxial"
      },
      "magnetocrystalline anisotropy constants": {
        "value": [
1.620,0.060]
      },
      "kind of anisotropy": {
        "value": "easy axis"
      },
      "anisotropy info": {
        "value": "software VASP (vasp.5.4.4) with spin-orbit coupling, k-points mesh 11x11x17, Ecut-off=401.952 eV, PAW_PBE, Co:PAW_PBE:02Aug2007, Si:PAW_PBE:05Jan2001, Pressure=0.0 kbar, temperature=0K"
      },
      "exchange integrals": {
        "value": null
      },
      "exchange info": {
        "value": null
      },
      "magnetic order": {
        "value": null
      },
      "curie temperature": {
        "value": null
      },
      "curie temperature info": {
        "value": null
      },
      "anisotropy field": {
        "value": 4.313
      },
      "remanence": {
        "value": 1.014
      },
      "coercivity": {
        "value": 4.313
      },
      "energy product": {
        "value": 204.553
      },
      "hysteresis info": {
        "value": "Stoner-Wohlfarth model without shape anisotropy, perfectly rectangular hysteresis loop, temperature = 0 K. Remanence equals to saturation magnetization (Ms). Anisotropy field: mu_0*Hk=(2*K_1+4*K_2)/Ms, where mu_0 is the vacuum permeability. Coercivity: Hc=Hk. Maximum energy product (upper limit)=(1/4)*mu_0*Ms^2, note this value can only be reached if the demagnetization factor is D=0.5 and Hc>0.5*Ms."
      },
      "domain wall width": {
        "value": null
      },
      "domain wall info": {
        "value": null
      },
      "exchange stiffness": {
        "value": null
      },
      "exchange stiffness info": {
        "value": null
      }
    },
    "additional information": {
      "authors": {
        "value": ["ICCRAM"]
      },
      "reference": {
        "value": "S. Curtarolo et al. Computational Materials Science 58 (2012) 218-226"
      },
      "comments": {
        "value": "Hardness parameter=1.407"
      },
      "attached files": {
        "value": [
"Co8Si2_#87_1A.cif",
"CONTCAR_Co8Si2_#87_1A",
"Co8Si2_#87_1A.png"
]
      },
      "attached files info": {
        "value": null
      }
    }
  }
}
