{
  "confidential": {
  "value": false
  }, 
  "name": "NOVAMAG_theory_ICCRAM_Co9Si3_#166_1A",
  "properties": {
    "approach": {
      "value": "theory"
    },
    "summary": {
      "value": "crystal, energy, magnetization, MAE, coercivity, energy product"
    },
    "chemistry": {
      "chemical formula": {
        "value": "Co9Si3"
      },
      "production info": {
        "value": "initial POSCAR from AFLOW library http://aflow.org/material.php?id=CoSi/69"
      }
    },
    "crystal": {
      "compound space group": {
        "value": 166
      },
      "unit cell volume": {
        "value": 131.688215
      },
      "lattice parameters": {
        "value": [
          7.76869,
          7.76869,
          2.51953
        ]
      },
      "lattice angles": {
        "value": [
          90.00000,
          90.00000,
          120.00000
        ]
      },
      "atomic positions": {
        "value": [
"Co1(9d)",
0.50000,
0.00000,
0.50000,
"Si1(3b)",
0.00000,
0.00000,
0.50000
]
      },
      "crystal info": {
        "value": "software VASP (vasp.5.4.4), k-points mesh 9x9x24, Ecut-off=401.952 eV, PAW_PBE, Co:PAW_PBE:02Aug2007, Si:PAW_PBE:05Jan2001, Pressure=0.0 kbar, temperature=0K"
      }
    },
    "thermodynamics": {
      "unit cell energy": {
        "value": -80.80484014
      },
      "unit cell formation enthalpy": {
        "value": -1.206329
      },
      "energy info": {
        "value": "software VASP (vasp.5.4.4), k-points mesh 9x9x24, Ecut-off=401.952 eV, PAW_PBE, Co:PAW_PBE:02Aug2007, Si:PAW_PBE:05Jan2001, Pressure=0.0 kbar, temperature=0K"
      },
      "interatomic potentials info": {
        "value": null
      },
      "magnetic free energy": {
        "value": null
      },
      "magnetic free energy info": {
        "value": null
      }
    },
    "magnetics": {
      "unit cell spin polarization": {
        "value": 12.164
      },
      "atomic spin specie": {
        "value": [
"1 Co",
1.352,
"2 Co",
1.352,
"3 Co",
1.352,
"4 Co",
1.352,
"5 Co",
1.352,
"6 Co",
1.352,
"7 Co",
1.352,
"8 Co",
1.352,
"9 Co",
1.352,
"10 Si",
-0.001,
"11 Si",
-0.001,
"12 Si",
-0.001
]
      },
      "saturation magnetization": {
        "value": 1.076
      },
      "magnetization temperature": {
        "value": 0
      },
      "magnetization info": {
        "value": "software VASP (vasp.5.4.4), k-points mesh 9x9x24, Ecut-off=401.952 eV, PAW_PBE, Co:PAW_PBE:02Aug2007, Si:PAW_PBE:05Jan2001, Pressure=0.0 kbar, temperature=0K"
      },
      "magnetocrystalline anisotropy energy": {
        "value": [
0.0000000000000000,0,1.0000000000000000,-80.87985971,0.2588190451025207,0,0.9659258262890683,-80.87981918,0.5000000000000000,0,0.8660254037844386,-80.87970305,0.7071067811865476,0,0.7071067811865476,-80.87954796,0.8660254037844386,0,0.5000000000000000,-80.87939414,1.0000000000000000,0,0.0000000000000000,-80.87923972]
      },
      "anisotropy energy type": {
        "value": "uniaxial"
      },
      "magnetocrystalline anisotropy constants": {
        "value": [
0.762,-0.008]
      },
      "kind of anisotropy": {
        "value": "easy axis"
      },
      "anisotropy info": {
        "value": "software VASP (vasp.5.4.4) with spin-orbit coupling, k-points mesh 9x9x24, Ecut-off=401.952 eV, PAW_PBE, Co:PAW_PBE:02Aug2007, Si:PAW_PBE:05Jan2001, Pressure=0.0 kbar, temperature=0K"
      },
      "exchange integrals": {
        "value": null
      },
      "exchange info": {
        "value": null
      },
      "magnetic order": {
        "value": null
      },
      "curie temperature": {
        "value": null
      },
      "curie temperature info": {
        "value": null
      },
      "anisotropy field": {
        "value": 1.742
      },
      "remanence": {
        "value": 1.076
      },
      "coercivity": {
        "value": 1.742
      },
      "energy product": {
        "value": 230.332
      },
      "hysteresis info": {
        "value": "Stoner-Wohlfarth model without shape anisotropy, perfectly rectangular hysteresis loop, temperature = 0 K. Remanence equals to saturation magnetization (Ms). Anisotropy field: mu_0*Hk=(2*K_1+4*K_2)/Ms, where mu_0 is the vacuum permeability. Coercivity: Hc=Hk. Maximum energy product (upper limit)=(1/4)*mu_0*Ms^2, note this value can only be reached if the demagnetization factor is D=0.5 and Hc>0.5*Ms."
      },
      "domain wall width": {
        "value": null
      },
      "domain wall info": {
        "value": null
      },
      "exchange stiffness": {
        "value": null
      },
      "exchange stiffness info": {
        "value": null
      }
    },
    "additional information": {
      "authors": {
        "value": ["ICCRAM"]
      },
      "reference": {
        "value": "S. Curtarolo et al. Computational Materials Science 58 (2012) 218-226"
      },
      "comments": {
        "value": "Hardness parameter=0.909"
      },
      "attached files": {
        "value": [
"Co9Si3_#166_1A.cif",
"CONTCAR_Co9Si3_#166_1A",
"Co9Si3_#166_1A.png"
]
      },
      "attached files info": {
        "value": null
      }
    }
  }
}
