{
  "confidential": {
  "value": false
  }, 
  "name": "NOVAMAG_theory_ICCRAM_Fe18Y6_#194_1A",
  "properties": {
    "approach": {
      "value": "theory"
    },
    "summary": {
      "value": "crystal, energy, magnetization, MAE"
    },
    "chemistry": {
      "chemical formula": {
        "value": "Fe18Y6"
      },
      "production info": {
        "value": "initial POSCAR from AFLOW library http://aflow.org/material.php?id=Fe_pvY_sv/ICSD_634092.AB"
      }
    },
    "crystal": {
      "compound space group": {
        "value": 194
      },
      "unit cell volume": {
        "value": 362.783923
      },
      "lattice parameters": {
        "value": [
          5.09394,
          5.09394,
          16.14395
        ]
      },
      "lattice angles": {
        "value": [
          90.00000,
          90.00000,
          120.00000
        ]
      },
      "atomic positions": {
        "value": [
"Fe1(12k)",
0.16663,
0.33326,
0.12822,
"Fe2(2c)",
0.33333,
0.66667,
0.25000,
"Fe3(2b)",
0.00000,
0.00000,
0.25000,
"Fe4(2a)",
0.00000,
0.00000,
0.00000,
"Y1(4f)",
0.33333,
0.66667,
0.53727,
"Y2(2d)",
0.33333,
0.66667,
0.75000
]
      },
      "crystal info": {
        "value": "software VASP (vasp.5.4.4), k-points mesh 14x14x4, Ecut-off=401.823 eV, PAW_PBE, Fe:PAW_PBE:06Sep2000, Y_sv:PAW_PBE:25May2007, Pressure=0.0 kbar, temperature=0K"
      }
    },
    "thermodynamics": {
      "unit cell energy": {
        "value": -188.56890752
      },
      "unit cell formation enthalpy": {
        "value": -1.700929
      },
      "energy info": {
        "value": "software VASP (vasp.5.4.4), k-points mesh 14x14x4, Ecut-off=401.823 eV, PAW_PBE, Fe:PAW_PBE:06Sep2000, Y_sv:PAW_PBE:25May2007, Pressure=0.0 kbar, temperature=0K"
      },
      "interatomic potentials info": {
        "value": null
      },
      "magnetic free energy": {
        "value": null
      },
      "magnetic free energy info": {
        "value": null
      }
    },
    "magnetics": {
      "unit cell spin polarization": {
        "value": .003
      },
      "atomic spin specie": {
        "value": [
"1 Fe",
0.000,
"2 Fe",
0.000,
"3 Fe",
0.000,
"4 Fe",
0.000,
"5 Fe",
0.000,
"6 Fe",
0.000,
"7 Fe",
0.000,
"8 Fe",
0.000,
"9 Fe",
0.000,
"10 Fe",
0.000,
"11 Fe",
0.000,
"12 Fe",
0.000,
"13 Fe",
0.000,
"14 Fe",
0.000,
"15 Fe",
0.000,
"16 Fe",
0.000,
"17 Fe",
0.000,
"18 Fe",
0.000,
"19 Y",
-0.001,
"20 Y",
-0.001,
"21 Y",
-0.001,
"22 Y",
-0.001,
"23 Y",
-0.001,
"24 Y",
-0.001
]
      },
      "saturation magnetization": {
        "value": 0.000
      },
      "magnetization temperature": {
        "value": 0
      },
      "magnetization info": {
        "value": "software VASP (vasp.5.4.4), k-points mesh 14x14x4, Ecut-off=401.823 eV, PAW_PBE, Fe:PAW_PBE:06Sep2000, Y_sv:PAW_PBE:25May2007, Pressure=0.0 kbar, temperature=0K"
      },
      "magnetocrystalline anisotropy energy": {
        "value": [
0.0000000000000000,0,1.0000000000000000,-188.99461453,0.2588190451025207,0,0.9659258262890683,-188.99471567,0.5000000000000000,0,0.8660254037844386,-188.99499504,0.7071067811865476,0,0.7071067811865476,-188.99537618,0.8660254037844386,0,0.5000000000000000,-188.99575660,1.0000000000000000,0,0.0000000000000000,-188.99613814]
      },
      "anisotropy energy type": {
        "value": "uniaxial"
      },
      "magnetocrystalline anisotropy constants": {
        "value": [
-0.672,-0.001]
      },
      "kind of anisotropy": {
        "value": "easy plane"
      },
      "anisotropy info": {
        "value": "software VASP (vasp.5.4.4) with spin-orbit coupling, k-points mesh 14x14x4, Ecut-off=401.823 eV, PAW_PBE, Fe:PAW_PBE:06Sep2000, Y_sv:PAW_PBE:25May2007, Pressure=0.0 kbar, temperature=0K"
      },
      "exchange integrals": {
        "value": null
      },
      "exchange info": {
        "value": null
      },
      "magnetic order": {
        "value": null
      },
      "curie temperature": {
        "value": null
      },
      "curie temperature info": {
        "value": null
      },
      "anisotropy field": {
        "value": null
      },
      "remanence": {
        "value": null
      },
      "coercivity": {
        "value": null
      },
      "energy product": {
        "value": null
      },
      "hysteresis info": {
        "value": null
      },
      "domain wall width": {
        "value": null
      },
      "domain wall info": {
        "value": null
      },
      "exchange stiffness": {
        "value": null
      },
      "exchange stiffness info": {
        "value": null
      }
    },
    "additional information": {
      "authors": {
        "value": ["ICCRAM"]
      },
      "reference": {
        "value": "S. Curtarolo et al. Computational Materials Science 58 (2012) 218-226"
      },
      "comments": {
        "value": null
      },
      "attached files": {
        "value": [
"Fe18Y6_#194_1A.cif",
"CONTCAR_Fe18Y6_#194_1A",
"Fe18Y6_#194_1A.png"
]
      },
      "attached files info": {
        "value": null
      }
    }
  }
}
