{
  "confidential": {
  "value": false
  }, 
  "name": "NOVAMAG_theory_ICCRAM_Fe5Y1_#191_1A",
  "properties": {
    "approach": {
      "value": "theory"
    },
    "summary": {
      "value": "crystal, energy, magnetization, MAE"
    },
    "chemistry": {
      "chemical formula": {
        "value": "Fe5Y1"
      },
      "production info": {
        "value": "initial POSCAR from AFLOW library http://aflow.org/material.php?id=Fe_pvY_sv/205"
      }
    },
    "crystal": {
      "compound space group": {
        "value": 191
      },
      "unit cell volume": {
        "value": 85.222081
      },
      "lattice parameters": {
        "value": [
          5.00544,
          5.00544,
          3.92768
        ]
      },
      "lattice angles": {
        "value": [
          90.00000,
          90.00000,
          120.00000
        ]
      },
      "atomic positions": {
        "value": [
"Fe1(3g)",
0.50000,
0.00000,
0.50000,
"Fe2(2c)",
0.33333,
0.66667,
0.00000,
"Y1(1a)",
0.00000,
0.00000,
0.00000
]
      },
      "crystal info": {
        "value": "software VASP (vasp.5.4.4), k-points mesh 14x14x15, Ecut-off=401.823 eV, PAW_PBE, Fe:PAW_PBE:06Sep2000, Y_sv:PAW_PBE:25May2007, Pressure=0.0 kbar, temperature=0K"
      }
    },
    "thermodynamics": {
      "unit cell energy": {
        "value": -47.94296450
      },
      "unit cell formation enthalpy": {
        "value": -0.323919
      },
      "energy info": {
        "value": "software VASP (vasp.5.4.4), k-points mesh 14x14x15, Ecut-off=401.823 eV, PAW_PBE, Fe:PAW_PBE:06Sep2000, Y_sv:PAW_PBE:25May2007, Pressure=0.0 kbar, temperature=0K"
      },
      "interatomic potentials info": {
        "value": null
      },
      "magnetic free energy": {
        "value": null
      },
      "magnetic free energy info": {
        "value": null
      }
    },
    "magnetics": {
      "unit cell spin polarization": {
        "value": .001
      },
      "atomic spin specie": {
        "value": [
"1 Fe",
0.000,
"2 Fe",
0.000,
"3 Fe",
0.000,
"4 Fe",
0.000,
"5 Fe",
0.000,
"6 Y",
0.001
]
      },
      "saturation magnetization": {
        "value": 0.000
      },
      "magnetization temperature": {
        "value": 0
      },
      "magnetization info": {
        "value": "software VASP (vasp.5.4.4), k-points mesh 14x14x15, Ecut-off=401.823 eV, PAW_PBE, Fe:PAW_PBE:06Sep2000, Y_sv:PAW_PBE:25May2007, Pressure=0.0 kbar, temperature=0K"
      },
      "magnetocrystalline anisotropy energy": {
        "value": [
0.0000000000000000,0,1.0000000000000000,-48.02612957,0.2588190451025207,0,0.9659258262890683,-48.02621768,0.5000000000000000,0,0.8660254037844386,-48.02646186,0.7071067811865476,0,0.7071067811865476,-48.02679806,0.8660254037844386,0,0.5000000000000000,-48.02714883,1.0000000000000000,0,0.0000000000000000,-48.02750985]
      },
      "anisotropy energy type": {
        "value": "uniaxial"
      },
      "magnetocrystalline anisotropy constants": {
        "value": [
-2.444,-0.150]
      },
      "kind of anisotropy": {
        "value": "easy plane"
      },
      "anisotropy info": {
        "value": "software VASP (vasp.5.4.4) with spin-orbit coupling, k-points mesh 14x14x15, Ecut-off=401.823 eV, PAW_PBE, Fe:PAW_PBE:06Sep2000, Y_sv:PAW_PBE:25May2007, Pressure=0.0 kbar, temperature=0K"
      },
      "exchange integrals": {
        "value": null
      },
      "exchange info": {
        "value": null
      },
      "magnetic order": {
        "value": null
      },
      "curie temperature": {
        "value": null
      },
      "curie temperature info": {
        "value": null
      },
      "anisotropy field": {
        "value": null
      },
      "remanence": {
        "value": null
      },
      "coercivity": {
        "value": null
      },
      "energy product": {
        "value": null
      },
      "hysteresis info": {
        "value": null
      },
      "domain wall width": {
        "value": null
      },
      "domain wall info": {
        "value": null
      },
      "exchange stiffness": {
        "value": null
      },
      "exchange stiffness info": {
        "value": null
      }
    },
    "additional information": {
      "authors": {
        "value": ["ICCRAM"]
      },
      "reference": {
        "value": "S. Curtarolo et al. Computational Materials Science 58 (2012) 218-226"
      },
      "comments": {
        "value": null
      },
      "attached files": {
        "value": [
"Fe5Y1_#191_1A.cif",
"CONTCAR_Fe5Y1_#191_1A",
"Fe5Y1_#191_1A.png"
]
      },
      "attached files info": {
        "value": null
      }
    }
  }
}
