{
  "confidential": {
  "value": false
  }, 
  "name": "NOVAMAG_theory_ICCRAM_Fe8Y4_#194_1A",
  "properties": {
    "approach": {
      "value": "theory"
    },
    "summary": {
      "value": "crystal, energy, magnetization, MAE, coercivity, energy product"
    },
    "chemistry": {
      "chemical formula": {
        "value": "Fe8Y4"
      },
      "production info": {
        "value": "initial POSCAR from AFLOW library http://aflow.org/material.php?id=Fe_pvY_sv/179"
      }
    },
    "crystal": {
      "compound space group": {
        "value": 194
      },
      "unit cell volume": {
        "value": 193.113082
      },
      "lattice parameters": {
        "value": [
          5.16687,
          5.16687,
          8.35269
        ]
      },
      "lattice angles": {
        "value": [
          90.00000,
          90.00000,
          120.00000
        ]
      },
      "atomic positions": {
        "value": [
"Fe1(2a)",
0.00000,
0.00000,
0.00000,
"Fe2(6h)",
0.16467,
0.32933,
0.25000,
"Y1(4f)",
0.33333,
0.66667,
0.56208
]
      },
      "crystal info": {
        "value": "software VASP (vasp.5.4.4), k-points mesh 13x13x7, Ecut-off=401.823 eV, PAW_PBE, Fe:PAW_PBE:06Sep2000, Y_sv:PAW_PBE:25May2007, Pressure=0.0 kbar, temperature=0K"
      }
    },
    "thermodynamics": {
      "unit cell energy": {
        "value": -92.28216222
      },
      "unit cell formation enthalpy": {
        "value": -0.652275
      },
      "energy info": {
        "value": "software VASP (vasp.5.4.4), k-points mesh 13x13x7, Ecut-off=401.823 eV, PAW_PBE, Fe:PAW_PBE:06Sep2000, Y_sv:PAW_PBE:25May2007, Pressure=0.0 kbar, temperature=0K"
      },
      "interatomic potentials info": {
        "value": null
      },
      "magnetic free energy": {
        "value": null
      },
      "magnetic free energy info": {
        "value": null
      }
    },
    "magnetics": {
      "unit cell spin polarization": {
        "value": .011
      },
      "atomic spin specie": {
        "value": [
"1 Fe",
0.000,
"2 Fe",
0.000,
"3 Fe",
0.000,
"4 Fe",
0.000,
"5 Fe",
0.000,
"6 Fe",
0.000,
"7 Fe",
0.000,
"8 Fe",
0.000,
"9 Y",
-0.003,
"10 Y",
-0.003,
"11 Y",
-0.003,
"12 Y",
-0.003
]
      },
      "saturation magnetization": {
        "value": 0.001
      },
      "magnetization temperature": {
        "value": 0
      },
      "magnetization info": {
        "value": "software VASP (vasp.5.4.4), k-points mesh 13x13x7, Ecut-off=401.823 eV, PAW_PBE, Fe:PAW_PBE:06Sep2000, Y_sv:PAW_PBE:25May2007, Pressure=0.0 kbar, temperature=0K"
      },
      "magnetocrystalline anisotropy energy": {
        "value": [
0.0000000000000000,0,1.0000000000000000,-92.54216244,0.2588190451025207,0,0.9659258262890683,-92.54212634,0.5000000000000000,0,0.8660254037844386,-92.54203050,0.7071067811865476,0,0.7071067811865476,-92.54189647,0.8660254037844386,0,0.5000000000000000,-92.54176160,1.0000000000000000,0,0.0000000000000000,-92.54162752]
      },
      "anisotropy energy type": {
        "value": "uniaxial"
      },
      "magnetocrystalline anisotropy constants": {
        "value": [
0.439,0.006]
      },
      "kind of anisotropy": {
        "value": "easy axis"
      },
      "anisotropy info": {
        "value": "software VASP (vasp.5.4.4) with spin-orbit coupling, k-points mesh 13x13x7, Ecut-off=401.823 eV, PAW_PBE, Fe:PAW_PBE:06Sep2000, Y_sv:PAW_PBE:25May2007, Pressure=0.0 kbar, temperature=0K"
      },
      "exchange integrals": {
        "value": null
      },
      "exchange info": {
        "value": null
      },
      "magnetic order": {
        "value": null
      },
      "curie temperature": {
        "value": null
      },
      "curie temperature info": {
        "value": null
      },
      "anisotropy field": {
        "value": 1133.487
      },
      "remanence": {
        "value": 0.001
      },
      "coercivity": {
        "value": 1133.487
      },
      "energy product": {
        "value": 0.000
      },
      "hysteresis info": {
        "value": "Stoner-Wohlfarth model without shape anisotropy, perfectly rectangular hysteresis loop, temperature = 0 K. Remanence equals to saturation magnetization (Ms). Anisotropy field: mu_0*Hk=(2*K_1+4*K_2)/Ms, where mu_0 is the vacuum permeability. Coercivity: Hc=Hk. Maximum energy product (upper limit)=(1/4)*mu_0*Ms^2, note this value can only be reached if the demagnetization factor is D=0.5 and Hc>0.5*Ms."
      },
      "domain wall width": {
        "value": null
      },
      "domain wall info": {
        "value": null
      },
      "exchange stiffness": {
        "value": null
      },
      "exchange stiffness info": {
        "value": null
      }
    },
    "additional information": {
      "authors": {
        "value": ["ICCRAM"]
      },
      "reference": {
        "value": "S. Curtarolo et al. Computational Materials Science 58 (2012) 218-226"
      },
      "comments": {
        "value": "Hardness parameter=742.741"
      },
      "attached files": {
        "value": [
"Fe8Y4_#194_1A.cif",
"CONTCAR_Fe8Y4_#194_1A",
"Fe8Y4_#194_1A.png"
]
      },
      "attached files info": {
        "value": null
      }
    }
  }
}
