{
  "confidential": {
  "value": false
  }, 
  "name": "NOVAMAG_theory_ICCRAM_Co12Sc4_#194_1A",
  "properties": {
    "approach": {
      "value": "theory"
    },
    "summary": {
      "value": "crystal, energy, magnetization, MAE"
    },
    "chemistry": {
      "chemical formula": {
        "value": "Co12Sc4"
      },
      "production info": {
        "value": "initial POSCAR from AFLOW library http://aflow.org/material.php?id=CoSc_sv/244"
      }
    },
    "crystal": {
      "compound space group": {
        "value": 194
      },
      "unit cell volume": {
        "value": 205.895373
      },
      "lattice parameters": {
        "value": [
          5.26832,
          5.26832,
          8.56586
        ]
      },
      "lattice angles": {
        "value": [
          90.00000,
          90.00000,
          120.00000
        ]
      },
      "atomic positions": {
        "value": [
"Co1(6g)",
0.50000,
0.00000,
0.00000,
"Co2(6h)",
0.17926,
0.35852,
0.25000,
"Sc1(2a)",
0.00000,
0.00000,
0.00000,
"Sc2(2d)",
0.33333,
0.66667,
0.75000
]
      },
      "crystal info": {
        "value": "software VASP (vasp.5.4.4), k-points mesh 13x13x7, Ecut-off=401.952 eV, PAW_PBE, Co:PAW_PBE:02Aug2007, Sc:PAW_PBE:04Feb2005, Pressure=0.0 kbar, temperature=0K"
      }
    },
    "thermodynamics": {
      "unit cell energy": {
        "value": -110.42853466
      },
      "unit cell formation enthalpy": {
        "value": -1.189462
      },
      "energy info": {
        "value": "software VASP (vasp.5.4.4), k-points mesh 13x13x7, Ecut-off=401.952 eV, PAW_PBE, Co:PAW_PBE:02Aug2007, Sc:PAW_PBE:04Feb2005, Pressure=0.0 kbar, temperature=0K"
      },
      "interatomic potentials info": {
        "value": null
      },
      "magnetic free energy": {
        "value": null
      },
      "magnetic free energy info": {
        "value": null
      }
    },
    "magnetics": {
      "unit cell spin polarization": {
        "value": 14.638
      },
      "atomic spin specie": {
        "value": [
"1 Co",
1.309,
"2 Co",
1.309,
"3 Co",
1.309,
"4 Co",
1.309,
"5 Co",
1.309,
"6 Co",
1.309,
"7 Co",
1.347,
"8 Co",
1.347,
"9 Co",
1.347,
"10 Co",
1.347,
"11 Co",
1.347,
"12 Co",
1.347,
"13 Sc",
-0.311,
"14 Sc",
-0.311,
"15 Sc",
-0.338,
"16 Sc",
-0.338
]
      },
      "saturation magnetization": {
        "value": 0.828
      },
      "magnetization temperature": {
        "value": 0
      },
      "magnetization info": {
        "value": "software VASP (vasp.5.4.4), k-points mesh 13x13x7, Ecut-off=401.952 eV, PAW_PBE, Co:PAW_PBE:02Aug2007, Sc:PAW_PBE:04Feb2005, Pressure=0.0 kbar, temperature=0K"
      },
      "magnetocrystalline anisotropy energy": {
        "value": [
0.0000000000000000,0,1.0000000000000000,-110.54218054,0.2588190451025207,0,0.9659258262890683,-110.54230634,0.5000000000000000,0,0.8660254037844386,-110.54266462,0.7071067811865476,0,0.7071067811865476,-110.54316597,0.8660254037844386,0,0.5000000000000000,-110.54367207,1.0000000000000000,0,0.0000000000000000,-110.54417477]
      },
      "anisotropy energy type": {
        "value": "uniaxial"
      },
      "magnetocrystalline anisotropy constants": {
        "value": [
-1.509,-0.045]
      },
      "kind of anisotropy": {
        "value": "easy plane"
      },
      "anisotropy info": {
        "value": "software VASP (vasp.5.4.4) with spin-orbit coupling, k-points mesh 13x13x7, Ecut-off=401.952 eV, PAW_PBE, Co:PAW_PBE:02Aug2007, Sc:PAW_PBE:04Feb2005, Pressure=0.0 kbar, temperature=0K"
      },
      "exchange integrals": {
        "value": null
      },
      "exchange info": {
        "value": null
      },
      "magnetic order": {
        "value": null
      },
      "curie temperature": {
        "value": null
      },
      "curie temperature info": {
        "value": null
      },
      "anisotropy field": {
        "value": null
      },
      "remanence": {
        "value": null
      },
      "coercivity": {
        "value": null
      },
      "energy product": {
        "value": null
      },
      "hysteresis info": {
        "value": null
      },
      "domain wall width": {
        "value": null
      },
      "domain wall info": {
        "value": null
      },
      "exchange stiffness": {
        "value": null
      },
      "exchange stiffness info": {
        "value": null
      }
    },
    "additional information": {
      "authors": {
        "value": ["ICCRAM"]
      },
      "reference": {
        "value": "S. Curtarolo et al. Computational Materials Science 58 (2012) 218-226"
      },
      "comments": {
        "value": null
      },
      "attached files": {
        "value": [
"Co12Sc4_#194_1A.cif",
"CONTCAR_Co12Sc4_#194_1A",
"Co12Sc4_#194_1A.png"
]
      },
      "attached files info": {
        "value": null
      }
    }
  }
}
