{
  "confidential": {
  "value": false
  }, 
  "name": "NOVAMAG_theory_ICCRAM_Co4Sc2_#139_1A",
  "properties": {
    "approach": {
      "value": "theory"
    },
    "summary": {
      "value": "crystal, energy, magnetization, MAE"
    },
    "chemistry": {
      "chemical formula": {
        "value": "Co4Sc2"
      },
      "production info": {
        "value": "initial POSCAR from AFLOW library http://aflow.org/material.php?id=CoSc_sv/547"
      }
    },
    "crystal": {
      "compound space group": {
        "value": 139
      },
      "unit cell volume": {
        "value": 84.767287
      },
      "lattice parameters": {
        "value": [
          3.06356,
          3.06356,
          9.03184
        ]
      },
      "lattice angles": {
        "value": [
          90.00000,
          90.00000,
          90.00000
        ]
      },
      "atomic positions": {
        "value": [
"Co1(4e)",
0.00000,
0.00000,
0.18453,
"Sc1(2b)",
0.00000,
0.00000,
0.50000
]
      },
      "crystal info": {
        "value": "software VASP (vasp.5.4.4), k-points mesh 20x20x7, Ecut-off=401.952 eV, PAW_PBE, Co:PAW_PBE:02Aug2007, Sc:PAW_PBE:04Feb2005, Pressure=0.0 kbar, temperature=0K"
      }
    },
    "thermodynamics": {
      "unit cell energy": {
        "value": -41.08979140
      },
      "unit cell formation enthalpy": {
        "value": -0.542228
      },
      "energy info": {
        "value": "software VASP (vasp.5.4.4), k-points mesh 20x20x7, Ecut-off=401.952 eV, PAW_PBE, Co:PAW_PBE:02Aug2007, Sc:PAW_PBE:04Feb2005, Pressure=0.0 kbar, temperature=0K"
      },
      "interatomic potentials info": {
        "value": null
      },
      "magnetic free energy": {
        "value": null
      },
      "magnetic free energy info": {
        "value": null
      }
    },
    "magnetics": {
      "unit cell spin polarization": {
        "value": 5.756
      },
      "atomic spin specie": {
        "value": [
"1 Co",
1.578,
"2 Co",
1.578,
"3 Co",
1.578,
"4 Co",
1.578,
"5 Sc",
-0.279,
"6 Sc",
-0.279
]
      },
      "saturation magnetization": {
        "value": 0.791
      },
      "magnetization temperature": {
        "value": 0
      },
      "magnetization info": {
        "value": "software VASP (vasp.5.4.4), k-points mesh 20x20x7, Ecut-off=401.952 eV, PAW_PBE, Co:PAW_PBE:02Aug2007, Sc:PAW_PBE:04Feb2005, Pressure=0.0 kbar, temperature=0K"
      },
      "magnetocrystalline anisotropy energy": {
        "value": [
0.0000000000000000,0,1.0000000000000000,-41.12596295,0.2588190451025207,0,0.9659258262890683,-41.12603335,0.5000000000000000,0,0.8660254037844386,-41.12622575,0.7071067811865476,0,0.7071067811865476,-41.12648784,0.8660254037844386,0,0.5000000000000000,-41.12674845,1.0000000000000000,0,0.0000000000000000,-41.12700841]
      },
      "anisotropy energy type": {
        "value": "uniaxial"
      },
      "magnetocrystalline anisotropy constants": {
        "value": [
-1.991,0.015]
      },
      "kind of anisotropy": {
        "value": "easy plane"
      },
      "anisotropy info": {
        "value": "software VASP (vasp.5.4.4) with spin-orbit coupling, k-points mesh 20x20x7, Ecut-off=401.952 eV, PAW_PBE, Co:PAW_PBE:02Aug2007, Sc:PAW_PBE:04Feb2005, Pressure=0.0 kbar, temperature=0K"
      },
      "exchange integrals": {
        "value": null
      },
      "exchange info": {
        "value": null
      },
      "magnetic order": {
        "value": null
      },
      "curie temperature": {
        "value": null
      },
      "curie temperature info": {
        "value": null
      },
      "anisotropy field": {
        "value": null
      },
      "remanence": {
        "value": null
      },
      "coercivity": {
        "value": null
      },
      "energy product": {
        "value": null
      },
      "hysteresis info": {
        "value": null
      },
      "domain wall width": {
        "value": null
      },
      "domain wall info": {
        "value": null
      },
      "exchange stiffness": {
        "value": null
      },
      "exchange stiffness info": {
        "value": null
      }
    },
    "additional information": {
      "authors": {
        "value": ["ICCRAM"]
      },
      "reference": {
        "value": "S. Curtarolo et al. Computational Materials Science 58 (2012) 218-226"
      },
      "comments": {
        "value": null
      },
      "attached files": {
        "value": [
"Co4Sc2_#139_1A.cif",
"CONTCAR_Co4Sc2_#139_1A",
"Co4Sc2_#139_1A.png"
]
      },
      "attached files info": {
        "value": null
      }
    }
  }
}
