{
  "confidential": {
  "value": false
  }, 
  "name": "NOVAMAG_theory_ICCRAM_Co5Sc1_#191_1A",
  "properties": {
    "approach": {
      "value": "theory"
    },
    "summary": {
      "value": "crystal, energy, magnetization, MAE, coercivity, energy product"
    },
    "chemistry": {
      "chemical formula": {
        "value": "Co5Sc1"
      },
      "production info": {
        "value": "initial POSCAR from AFLOW library http://aflow.org/material.php?id=CoSc_sv/205"
      }
    },
    "crystal": {
      "compound space group": {
        "value": 191
      },
      "unit cell volume": {
        "value": 77.382396
      },
      "lattice parameters": {
        "value": [
          4.74399,
          4.74399,
          3.97031
        ]
      },
      "lattice angles": {
        "value": [
          90.00000,
          90.00000,
          120.00000
        ]
      },
      "atomic positions": {
        "value": [
"Co1(3g)",
0.50000,
0.00000,
0.50000,
"Co2(2c)",
0.33333,
0.66667,
0.00000,
"Sc1(1a)",
0.00000,
0.00000,
0.00000
]
      },
      "crystal info": {
        "value": "software VASP (vasp.5.4.4), k-points mesh 15x15x15, Ecut-off=401.952 eV, PAW_PBE, Co:PAW_PBE:02Aug2007, Sc:PAW_PBE:04Feb2005, Pressure=0.0 kbar, temperature=0K"
      }
    },
    "thermodynamics": {
      "unit cell energy": {
        "value": -42.00012883
      },
      "unit cell formation enthalpy": {
        "value": -0.618388
      },
      "energy info": {
        "value": "software VASP (vasp.5.4.4), k-points mesh 15x15x15, Ecut-off=401.952 eV, PAW_PBE, Co:PAW_PBE:02Aug2007, Sc:PAW_PBE:04Feb2005, Pressure=0.0 kbar, temperature=0K"
      },
      "interatomic potentials info": {
        "value": null
      },
      "magnetic free energy": {
        "value": null
      },
      "magnetic free energy info": {
        "value": null
      }
    },
    "magnetics": {
      "unit cell spin polarization": {
        "value": 7.086
      },
      "atomic spin specie": {
        "value": [
"1 Co",
1.539,
"2 Co",
1.539,
"3 Co",
1.539,
"4 Co",
1.467,
"5 Co",
1.467,
"6 Sc",
-0.465
]
      },
      "saturation magnetization": {
        "value": 1.067
      },
      "magnetization temperature": {
        "value": 0
      },
      "magnetization info": {
        "value": "software VASP (vasp.5.4.4), k-points mesh 15x15x15, Ecut-off=401.952 eV, PAW_PBE, Co:PAW_PBE:02Aug2007, Sc:PAW_PBE:04Feb2005, Pressure=0.0 kbar, temperature=0K"
      },
      "magnetocrystalline anisotropy energy": {
        "value": [
0.0000000000000000,0,1.0000000000000000,-42.04786199,0.2588190451025207,0,0.9659258262890683,-42.04780041,0.5000000000000000,0,0.8660254037844386,-42.04763345,0.7071067811865476,0,0.7071067811865476,-42.04740516,0.8660254037844386,0,0.5000000000000000,-42.04717862,1.0000000000000000,0,0.0000000000000000,-42.04694882]
      },
      "anisotropy energy type": {
        "value": "uniaxial"
      },
      "magnetocrystalline anisotropy constants": {
        "value": [
1.888,0.005]
      },
      "kind of anisotropy": {
        "value": "easy axis"
      },
      "anisotropy info": {
        "value": "software VASP (vasp.5.4.4) with spin-orbit coupling, k-points mesh 15x15x15, Ecut-off=401.952 eV, PAW_PBE, Co:PAW_PBE:02Aug2007, Sc:PAW_PBE:04Feb2005, Pressure=0.0 kbar, temperature=0K"
      },
      "exchange integrals": {
        "value": null
      },
      "exchange info": {
        "value": null
      },
      "magnetic order": {
        "value": null
      },
      "curie temperature": {
        "value": null
      },
      "curie temperature info": {
        "value": null
      },
      "anisotropy field": {
        "value": 4.471
      },
      "remanence": {
        "value": 1.067
      },
      "coercivity": {
        "value": 4.471
      },
      "energy product": {
        "value": 226.495
      },
      "hysteresis info": {
        "value": "Stoner-Wohlfarth model without shape anisotropy, perfectly rectangular hysteresis loop, temperature = 0 K. Remanence equals to saturation magnetization (Ms). Anisotropy field: mu_0*Hk=(2*K_1+4*K_2)/Ms, where mu_0 is the vacuum permeability. Coercivity: Hc=Hk. Maximum energy product (upper limit)=(1/4)*mu_0*Ms^2, note this value can only be reached if the demagnetization factor is D=0.5 and Hc>0.5*Ms."
      },
      "domain wall width": {
        "value": null
      },
      "domain wall info": {
        "value": null
      },
      "exchange stiffness": {
        "value": null
      },
      "exchange stiffness info": {
        "value": null
      }
    },
    "additional information": {
      "authors": {
        "value": ["ICCRAM"]
      },
      "reference": {
        "value": "S. Curtarolo et al. Computational Materials Science 58 (2012) 218-226"
      },
      "comments": {
        "value": "Hardness parameter=1.444"
      },
      "attached files": {
        "value": [
"Co5Sc1_#191_1A.cif",
"CONTCAR_Co5Sc1_#191_1A",
"Co5Sc1_#191_1A.png"
]
      },
      "attached files info": {
        "value": null
      }
    }
  }
}
