{
  "confidential": {
  "value": false
  }, 
  "name": "NOVAMAG_theory_ICCRAM_Co16Ti2_#139_1A",
  "properties": {
    "approach": {
      "value": "theory"
    },
    "summary": {
      "value": "crystal, energy, magnetization, MAE"
    },
    "chemistry": {
      "chemical formula": {
        "value": "Co16Ti2"
      },
      "production info": {
        "value": "initial POSCAR from AFLOW library http://aflow.org/material.php?id=CoTi_sv/311"
      }
    },
    "crystal": {
      "compound space group": {
        "value": 139
      },
      "unit cell volume": {
        "value": 202.167310
      },
      "lattice parameters": {
        "value": [
          7.55222,
          7.55222,
          3.54455
        ]
      },
      "lattice angles": {
        "value": [
          90.00000,
          90.00000,
          90.00000
        ]
      },
      "atomic positions": {
        "value": [
"Co1(8i)",
0.33959,
0.00000,
0.00000,
"Co2(8h)",
0.32663,
0.32663,
0.00000,
"Ti1(2a)",
0.00000,
0.00000,
0.00000
]
      },
      "crystal info": {
        "value": "software VASP (vasp.5.4.4), k-points mesh 8x8x17, Ecut-off=401.952 eV, PAW_PBE, Co:PAW_PBE:02Aug2007, Ti:PAW_PBE:08Apr2002, Pressure=0.0 kbar, temperature=0K"
      }
    },
    "thermodynamics": {
      "unit cell energy": {
        "value": -129.49908463
      },
      "unit cell formation enthalpy": {
        "value": -1.398655
      },
      "energy info": {
        "value": "software VASP (vasp.5.4.4), k-points mesh 8x8x17, Ecut-off=401.952 eV, PAW_PBE, Co:PAW_PBE:02Aug2007, Ti:PAW_PBE:08Apr2002, Pressure=0.0 kbar, temperature=0K"
      },
      "interatomic potentials info": {
        "value": null
      },
      "magnetic free energy": {
        "value": null
      },
      "magnetic free energy info": {
        "value": null
      }
    },
    "magnetics": {
      "unit cell spin polarization": {
        "value": 21.878
      },
      "atomic spin specie": {
        "value": [
"1 Co",
1.466,
"2 Co",
1.466,
"3 Co",
1.466,
"4 Co",
1.466,
"5 Co",
1.466,
"6 Co",
1.466,
"7 Co",
1.466,
"8 Co",
1.466,
"9 Co",
1.447,
"10 Co",
1.448,
"11 Co",
1.448,
"12 Co",
1.447,
"13 Co",
1.448,
"14 Co",
1.449,
"15 Co",
1.449,
"16 Co",
1.448,
"17 Ti",
-0.715,
"18 Ti",
-0.715
]
      },
      "saturation magnetization": {
        "value": 1.261
      },
      "magnetization temperature": {
        "value": 0
      },
      "magnetization info": {
        "value": "software VASP (vasp.5.4.4), k-points mesh 8x8x17, Ecut-off=401.952 eV, PAW_PBE, Co:PAW_PBE:02Aug2007, Ti:PAW_PBE:08Apr2002, Pressure=0.0 kbar, temperature=0K"
      },
      "magnetocrystalline anisotropy energy": {
        "value": [
0.0000000000000000,0,1.0000000000000000,-129.63417901,0.2588190451025207,0,0.9659258262890683,-129.63417865,0.5000000000000000,0,0.8660254037844386,-129.63417964,0.7071067811865476,0,0.7071067811865476,-129.63418224,0.8660254037844386,0,0.5000000000000000,-129.63418536,1.0000000000000000,0,0.0000000000000000,-129.63419169]
      },
      "anisotropy energy type": {
        "value": "uniaxial"
      },
      "magnetocrystalline anisotropy constants": {
        "value": [
0.001,-0.011]
      },
      "kind of anisotropy": {
        "value": null
      },
      "anisotropy info": {
        "value": "software VASP (vasp.5.4.4) with spin-orbit coupling, k-points mesh 8x8x17, Ecut-off=401.952 eV, PAW_PBE, Co:PAW_PBE:02Aug2007, Ti:PAW_PBE:08Apr2002, Pressure=0.0 kbar, temperature=0K"
      },
      "exchange integrals": {
        "value": null
      },
      "exchange info": {
        "value": null
      },
      "magnetic order": {
        "value": null
      },
      "curie temperature": {
        "value": null
      },
      "curie temperature info": {
        "value": null
      },
      "anisotropy field": {
        "value": null
      },
      "remanence": {
        "value": null
      },
      "coercivity": {
        "value": null
      },
      "energy product": {
        "value": null
      },
      "hysteresis info": {
        "value": null
      },
      "domain wall width": {
        "value": null
      },
      "domain wall info": {
        "value": null
      },
      "exchange stiffness": {
        "value": null
      },
      "exchange stiffness info": {
        "value": null
      }
    },
    "additional information": {
      "authors": {
        "value": ["ICCRAM"]
      },
      "reference": {
        "value": "S. Curtarolo et al. Computational Materials Science 58 (2012) 218-226"
      },
      "comments": {
        "value": hard_param
      },
      "attached files": {
        "value": [
"Co16Ti2_#139_1A.cif",
"CONTCAR_Co16Ti2_#139_1A",
"Co16Ti2_#139_1A.png"
]
      },
      "attached files info": {
        "value": null
      }
    }
  }
}
