{
  "confidential": {
  "value": false
  }, 
  "name": "NOVAMAG_theory_ICCRAM_Co3Ti1_#123_1A",
  "properties": {
    "approach": {
      "value": "theory"
    },
    "summary": {
      "value": "crystal, energy, magnetization, MAE, coercivity, energy product"
    },
    "chemistry": {
      "chemical formula": {
        "value": "Co3Ti1"
      },
      "production info": {
        "value": "initial POSCAR from AFLOW library http://aflow.org/material.php?id=CoTi_sv/78"
      }
    },
    "crystal": {
      "compound space group": {
        "value": 123
      },
      "unit cell volume": {
        "value": 47.965381
      },
      "lattice parameters": {
        "value": [
          3.01004,
          3.01004,
          5.29399
        ]
      },
      "lattice angles": {
        "value": [
          90.00000,
          90.00000,
          90.00000
        ]
      },
      "atomic positions": {
        "value": [
"Co1(2g)",
0.00000,
0.00000,
0.76322,
"Co2(1c)",
0.50000,
0.50000,
0.00000,
"Ti1(1d)",
0.50000,
0.50000,
0.50000
]
      },
      "crystal info": {
        "value": "software VASP (vasp.5.4.4), k-points mesh 20x20x11, Ecut-off=401.952 eV, PAW_PBE, Co:PAW_PBE:02Aug2007, Ti:PAW_PBE:08Apr2002, Pressure=0.0 kbar, temperature=0K"
      }
    },
    "thermodynamics": {
      "unit cell energy": {
        "value": -29.34470259
      },
      "unit cell formation enthalpy": {
        "value": -0.474420
      },
      "energy info": {
        "value": "software VASP (vasp.5.4.4), k-points mesh 20x20x11, Ecut-off=401.952 eV, PAW_PBE, Co:PAW_PBE:02Aug2007, Ti:PAW_PBE:08Apr2002, Pressure=0.0 kbar, temperature=0K"
      },
      "interatomic potentials info": {
        "value": null
      },
      "magnetic free energy": {
        "value": null
      },
      "magnetic free energy info": {
        "value": null
      }
    },
    "magnetics": {
      "unit cell spin polarization": {
        "value": 3.465
      },
      "atomic spin specie": {
        "value": [
"1 Co",
1.125,
"2 Co",
1.125,
"3 Co",
1.683,
"4 Ti",
-0.470
]
      },
      "saturation magnetization": {
        "value": 0.841
      },
      "magnetization temperature": {
        "value": 0
      },
      "magnetization info": {
        "value": "software VASP (vasp.5.4.4), k-points mesh 20x20x11, Ecut-off=401.952 eV, PAW_PBE, Co:PAW_PBE:02Aug2007, Ti:PAW_PBE:08Apr2002, Pressure=0.0 kbar, temperature=0K"
      },
      "magnetocrystalline anisotropy energy": {
        "value": [
0.0000000000000000,0,1.0000000000000000,-29.37242880,0.2588190451025207,0,0.9659258262890683,-29.37237850,0.5000000000000000,0,0.8660254037844386,-29.37223960,0.7071067811865476,0,0.7071067811865476,-29.37204795,0.8660254037844386,0,0.5000000000000000,-29.37185424,1.0000000000000000,0,0.0000000000000000,-29.37167320]
      },
      "anisotropy energy type": {
        "value": "uniaxial"
      },
      "magnetocrystalline anisotropy constants": {
        "value": [
2.572,-0.042]
      },
      "kind of anisotropy": {
        "value": "easy axis"
      },
      "anisotropy info": {
        "value": "software VASP (vasp.5.4.4) with spin-orbit coupling, k-points mesh 20x20x11, Ecut-off=401.952 eV, PAW_PBE, Co:PAW_PBE:02Aug2007, Ti:PAW_PBE:08Apr2002, Pressure=0.0 kbar, temperature=0K"
      },
      "exchange integrals": {
        "value": null
      },
      "exchange info": {
        "value": null
      },
      "magnetic order": {
        "value": null
      },
      "curie temperature": {
        "value": null
      },
      "curie temperature info": {
        "value": null
      },
      "anisotropy field": {
        "value": 7.435
      },
      "remanence": {
        "value": 0.841
      },
      "coercivity": {
        "value": 7.435
      },
      "energy product": {
        "value": 140.709
      },
      "hysteresis info": {
        "value": "Stoner-Wohlfarth model without shape anisotropy, perfectly rectangular hysteresis loop, temperature = 0 K. Remanence equals to saturation magnetization (Ms). Anisotropy field: mu_0*Hk=(2*K_1+4*K_2)/Ms, where mu_0 is the vacuum permeability. Coercivity: Hc=Hk. Maximum energy product (upper limit)=(1/4)*mu_0*Ms^2, note this value can only be reached if the demagnetization factor is D=0.5 and Hc>0.5*Ms."
      },
      "domain wall width": {
        "value": null
      },
      "domain wall info": {
        "value": null
      },
      "exchange stiffness": {
        "value": null
      },
      "exchange stiffness info": {
        "value": null
      }
    },
    "additional information": {
      "authors": {
        "value": ["ICCRAM"]
      },
      "reference": {
        "value": "S. Curtarolo et al. Computational Materials Science 58 (2012) 218-226"
      },
      "comments": {
        "value": "Hardness parameter=2.138"
      },
      "attached files": {
        "value": [
"Co3Ti1_#123_1A.cif",
"CONTCAR_Co3Ti1_#123_1A",
"Co3Ti1_#123_1A.png"
]
      },
      "attached files info": {
        "value": null
      }
    }
  }
}
