{
  "confidential": {
  "value": false
  }, 
  "name": "NOVAMAG_theory_ICCRAM_Co4Ti2_#139_1A",
  "properties": {
    "approach": {
      "value": "theory"
    },
    "summary": {
      "value": "crystal, energy, magnetization, MAE"
    },
    "chemistry": {
      "chemical formula": {
        "value": "Co4Ti2"
      },
      "production info": {
        "value": "initial POSCAR from AFLOW library http://aflow.org/material.php?id=CoTi_sv/657.AB"
      }
    },
    "crystal": {
      "compound space group": {
        "value": 139
      },
      "unit cell volume": {
        "value": 74.695923
      },
      "lattice parameters": {
        "value": [
          2.97616,
          2.97616,
          8.43304
        ]
      },
      "lattice angles": {
        "value": [
          90.00000,
          90.00000,
          90.00000
        ]
      },
      "atomic positions": {
        "value": [
"Co1(4e)",
0.00000,
0.00000,
0.33451,
"Ti1(2a)",
0.00000,
0.00000,
0.00000
]
      },
      "crystal info": {
        "value": "software VASP (vasp.5.4.4), k-points mesh 20x20x7, Ecut-off=401.952 eV, PAW_PBE, Co:PAW_PBE:02Aug2007, Ti:PAW_PBE:08Apr2002, Pressure=0.0 kbar, temperature=0K"
      }
    },
    "thermodynamics": {
      "unit cell energy": {
        "value": -44.80690175
      },
      "unit cell formation enthalpy": {
        "value": -1.138309
      },
      "energy info": {
        "value": "software VASP (vasp.5.4.4), k-points mesh 20x20x7, Ecut-off=401.952 eV, PAW_PBE, Co:PAW_PBE:02Aug2007, Ti:PAW_PBE:08Apr2002, Pressure=0.0 kbar, temperature=0K"
      },
      "interatomic potentials info": {
        "value": null
      },
      "magnetic free energy": {
        "value": null
      },
      "magnetic free energy info": {
        "value": null
      }
    },
    "magnetics": {
      "unit cell spin polarization": {
        "value": 4.661
      },
      "atomic spin specie": {
        "value": [
"1 Co",
1.324,
"2 Co",
1.324,
"3 Co",
1.325,
"4 Co",
1.325,
"5 Ti",
-0.318,
"6 Ti",
-0.318
]
      },
      "saturation magnetization": {
        "value": 0.727
      },
      "magnetization temperature": {
        "value": 0
      },
      "magnetization info": {
        "value": "software VASP (vasp.5.4.4), k-points mesh 20x20x7, Ecut-off=401.952 eV, PAW_PBE, Co:PAW_PBE:02Aug2007, Ti:PAW_PBE:08Apr2002, Pressure=0.0 kbar, temperature=0K"
      },
      "magnetocrystalline anisotropy energy": {
        "value": [
0.0000000000000000,0,1.0000000000000000,-44.84376817,0.2588190451025207,0,0.9659258262890683,-44.84392740,0.5000000000000000,0,0.8660254037844386,-44.84436127,0.7071067811865476,0,0.7071067811865476,-44.84495044,0.8660254037844386,0,0.5000000000000000,-44.84553560,1.0000000000000000,0,0.0000000000000000,-44.84611771]
      },
      "anisotropy energy type": {
        "value": "uniaxial"
      },
      "magnetocrystalline anisotropy constants": {
        "value": [
-5.104,0.064]
      },
      "kind of anisotropy": {
        "value": "easy plane"
      },
      "anisotropy info": {
        "value": "software VASP (vasp.5.4.4) with spin-orbit coupling, k-points mesh 20x20x7, Ecut-off=401.952 eV, PAW_PBE, Co:PAW_PBE:02Aug2007, Ti:PAW_PBE:08Apr2002, Pressure=0.0 kbar, temperature=0K"
      },
      "exchange integrals": {
        "value": null
      },
      "exchange info": {
        "value": null
      },
      "magnetic order": {
        "value": null
      },
      "curie temperature": {
        "value": null
      },
      "curie temperature info": {
        "value": null
      },
      "anisotropy field": {
        "value": null
      },
      "remanence": {
        "value": null
      },
      "coercivity": {
        "value": null
      },
      "energy product": {
        "value": null
      },
      "hysteresis info": {
        "value": null
      },
      "domain wall width": {
        "value": null
      },
      "domain wall info": {
        "value": null
      },
      "exchange stiffness": {
        "value": null
      },
      "exchange stiffness info": {
        "value": null
      }
    },
    "additional information": {
      "authors": {
        "value": ["ICCRAM"]
      },
      "reference": {
        "value": "S. Curtarolo et al. Computational Materials Science 58 (2012) 218-226"
      },
      "comments": {
        "value": null
      },
      "attached files": {
        "value": [
"Co4Ti2_#139_1A.cif",
"CONTCAR_Co4Ti2_#139_1A",
"Co4Ti2_#139_1A.png"
]
      },
      "attached files info": {
        "value": null
      }
    }
  }
}
