{
  "confidential": {
  "value": false
  }, 
  "name": "NOVAMAG_theory_ICCRAM_Co5Ti1_#189_1A",
  "properties": {
    "approach": {
      "value": "theory"
    },
    "summary": {
      "value": "crystal, energy, magnetization, MAE, coercivity, energy product"
    },
    "chemistry": {
      "chemical formula": {
        "value": "Co5Ti1"
      },
      "production info": {
        "value": "initial POSCAR from AFLOW library http://aflow.org/material.php?id=CoTi_sv/473"
      }
    },
    "crystal": {
      "compound space group": {
        "value": 189
      },
      "unit cell volume": {
        "value": 68.087849
      },
      "lattice parameters": {
        "value": [
          4.41110,
          4.41110,
          4.04059
        ]
      },
      "lattice angles": {
        "value": [
          90.00000,
          90.00000,
          120.00000
        ]
      },
      "atomic positions": {
        "value": [
"Co1(3f)",
0.64315,
0.00000,
0.00000,
"Co2(2d)",
0.33333,
0.66667,
0.50000,
"Ti1(1b)",
0.00000,
0.00000,
0.50000
]
      },
      "crystal info": {
        "value": "software VASP (vasp.5.4.4), k-points mesh 16x16x15, Ecut-off=401.952 eV, PAW_PBE, Co:PAW_PBE:02Aug2007, Ti:PAW_PBE:08Apr2002, Pressure=0.0 kbar, temperature=0K"
      }
    },
    "thermodynamics": {
      "unit cell energy": {
        "value": -43.61409431
      },
      "unit cell formation enthalpy": {
        "value": -0.671839
      },
      "energy info": {
        "value": "software VASP (vasp.5.4.4), k-points mesh 16x16x15, Ecut-off=401.952 eV, PAW_PBE, Co:PAW_PBE:02Aug2007, Ti:PAW_PBE:08Apr2002, Pressure=0.0 kbar, temperature=0K"
      },
      "interatomic potentials info": {
        "value": null
      },
      "magnetic free energy": {
        "value": null
      },
      "magnetic free energy info": {
        "value": null
      }
    },
    "magnetics": {
      "unit cell spin polarization": {
        "value": 5.070
      },
      "atomic spin specie": {
        "value": [
"1 Co",
1.092,
"2 Co",
1.092,
"3 Co",
1.092,
"4 Co",
1.256,
"5 Co",
1.256,
"6 Ti",
-0.718
]
      },
      "saturation magnetization": {
        "value": 0.867
      },
      "magnetization temperature": {
        "value": 0
      },
      "magnetization info": {
        "value": "software VASP (vasp.5.4.4), k-points mesh 16x16x15, Ecut-off=401.952 eV, PAW_PBE, Co:PAW_PBE:02Aug2007, Ti:PAW_PBE:08Apr2002, Pressure=0.0 kbar, temperature=0K"
      },
      "magnetocrystalline anisotropy energy": {
        "value": [
0.0000000000000000,0,1.0000000000000000,-43.65911880,0.2588190451025207,0,0.9659258262890683,-43.65909967,0.5000000000000000,0,0.8660254037844386,-43.65904775,0.7071067811865476,0,0.7071067811865476,-43.65897638,0.8660254037844386,0,0.5000000000000000,-43.65890476,1.0000000000000000,0,0.0000000000000000,-43.65883352]
      },
      "anisotropy energy type": {
        "value": "uniaxial"
      },
      "magnetocrystalline anisotropy constants": {
        "value": [
0.669,0.002]
      },
      "kind of anisotropy": {
        "value": "easy axis"
      },
      "anisotropy info": {
        "value": "software VASP (vasp.5.4.4) with spin-orbit coupling, k-points mesh 16x16x15, Ecut-off=401.952 eV, PAW_PBE, Co:PAW_PBE:02Aug2007, Ti:PAW_PBE:08Apr2002, Pressure=0.0 kbar, temperature=0K"
      },
      "exchange integrals": {
        "value": null
      },
      "exchange info": {
        "value": null
      },
      "magnetic order": {
        "value": null
      },
      "curie temperature": {
        "value": null
      },
      "curie temperature info": {
        "value": null
      },
      "anisotropy field": {
        "value": 1.951
      },
      "remanence": {
        "value": 0.867
      },
      "coercivity": {
        "value": 1.951
      },
      "energy product": {
        "value": 149.544
      },
      "hysteresis info": {
        "value": "Stoner-Wohlfarth model without shape anisotropy, perfectly rectangular hysteresis loop, temperature = 0 K. Remanence equals to saturation magnetization (Ms). Anisotropy field: mu_0*Hk=(2*K_1+4*K_2)/Ms, where mu_0 is the vacuum permeability. Coercivity: Hc=Hk. Maximum energy product (upper limit)=(1/4)*mu_0*Ms^2, note this value can only be reached if the demagnetization factor is D=0.5 and Hc>0.5*Ms."
      },
      "domain wall width": {
        "value": null
      },
      "domain wall info": {
        "value": null
      },
      "exchange stiffness": {
        "value": null
      },
      "exchange stiffness info": {
        "value": null
      }
    },
    "additional information": {
      "authors": {
        "value": ["ICCRAM"]
      },
      "reference": {
        "value": "S. Curtarolo et al. Computational Materials Science 58 (2012) 218-226"
      },
      "comments": {
        "value": "Hardness parameter=1.058"
      },
      "attached files": {
        "value": [
"Co5Ti1_#189_1A.cif",
"CONTCAR_Co5Ti1_#189_1A",
"Co5Ti1_#189_1A.png"
]
      },
      "attached files info": {
        "value": null
      }
    }
  }
}
