{
  "confidential": {
  "value": false
  }, 
  "name": "NOVAMAG_theory_ICCRAM_Co9Ti3_#166_1A",
  "properties": {
    "approach": {
      "value": "theory"
    },
    "summary": {
      "value": "crystal, energy, magnetization, MAE"
    },
    "chemistry": {
      "chemical formula": {
        "value": "Co9Ti3"
      },
      "production info": {
        "value": "initial POSCAR from AFLOW library http://aflow.org/material.php?id=CoTi_sv/69"
      }
    },
    "crystal": {
      "compound space group": {
        "value": 166
      },
      "unit cell volume": {
        "value": 142.645596
      },
      "lattice parameters": {
        "value": [
          8.06289,
          8.06289,
          2.53365
        ]
      },
      "lattice angles": {
        "value": [
          90.00000,
          90.00000,
          120.00000
        ]
      },
      "atomic positions": {
        "value": [
"Co1(9d)",
0.50000,
0.00000,
0.50000,
"Ti1(3b)",
0.00000,
0.00000,
0.50000
]
      },
      "crystal info": {
        "value": "software VASP (vasp.5.4.4), k-points mesh 9x9x24, Ecut-off=401.952 eV, PAW_PBE, Co:PAW_PBE:02Aug2007, Ti:PAW_PBE:08Apr2002, Pressure=0.0 kbar, temperature=0K"
      }
    },
    "thermodynamics": {
      "unit cell energy": {
        "value": -87.25318350
      },
      "unit cell formation enthalpy": {
        "value": -0.642335
      },
      "energy info": {
        "value": "software VASP (vasp.5.4.4), k-points mesh 9x9x24, Ecut-off=401.952 eV, PAW_PBE, Co:PAW_PBE:02Aug2007, Ti:PAW_PBE:08Apr2002, Pressure=0.0 kbar, temperature=0K"
      },
      "interatomic potentials info": {
        "value": null
      },
      "magnetic free energy": {
        "value": null
      },
      "magnetic free energy info": {
        "value": null
      }
    },
    "magnetics": {
      "unit cell spin polarization": {
        "value": 11.326
      },
      "atomic spin specie": {
        "value": [
"1 Co",
1.357,
"2 Co",
1.357,
"3 Co",
1.357,
"4 Co",
1.357,
"5 Co",
1.358,
"6 Co",
1.356,
"7 Co",
1.357,
"8 Co",
1.358,
"9 Co",
1.356,
"10 Ti",
-0.295,
"11 Ti",
-0.296,
"12 Ti",
-0.296
]
      },
      "saturation magnetization": {
        "value": 0.925
      },
      "magnetization temperature": {
        "value": 0
      },
      "magnetization info": {
        "value": "software VASP (vasp.5.4.4), k-points mesh 9x9x24, Ecut-off=401.952 eV, PAW_PBE, Co:PAW_PBE:02Aug2007, Ti:PAW_PBE:08Apr2002, Pressure=0.0 kbar, temperature=0K"
      },
      "magnetocrystalline anisotropy energy": {
        "value": [
0.0000000000000000,0,1.0000000000000000,-87.33471348,0.2588190451025207,0,0.9659258262890683,-87.33473067,0.5000000000000000,0,0.8660254037844386,-87.33477986,0.7071067811865476,0,0.7071067811865476,-87.33484771,0.8660254037844386,0,0.5000000000000000,-87.33491643,1.0000000000000000,0,0.0000000000000000,-87.33498478]
      },
      "anisotropy energy type": {
        "value": "uniaxial"
      },
      "magnetocrystalline anisotropy constants": {
        "value": [
-0.298,-0.008]
      },
      "kind of anisotropy": {
        "value": "easy plane"
      },
      "anisotropy info": {
        "value": "software VASP (vasp.5.4.4) with spin-orbit coupling, k-points mesh 9x9x24, Ecut-off=401.952 eV, PAW_PBE, Co:PAW_PBE:02Aug2007, Ti:PAW_PBE:08Apr2002, Pressure=0.0 kbar, temperature=0K"
      },
      "exchange integrals": {
        "value": null
      },
      "exchange info": {
        "value": null
      },
      "magnetic order": {
        "value": null
      },
      "curie temperature": {
        "value": null
      },
      "curie temperature info": {
        "value": null
      },
      "anisotropy field": {
        "value": null
      },
      "remanence": {
        "value": null
      },
      "coercivity": {
        "value": null
      },
      "energy product": {
        "value": null
      },
      "hysteresis info": {
        "value": null
      },
      "domain wall width": {
        "value": null
      },
      "domain wall info": {
        "value": null
      },
      "exchange stiffness": {
        "value": null
      },
      "exchange stiffness info": {
        "value": null
      }
    },
    "additional information": {
      "authors": {
        "value": ["ICCRAM"]
      },
      "reference": {
        "value": "S. Curtarolo et al. Computational Materials Science 58 (2012) 218-226"
      },
      "comments": {
        "value": null
      },
      "attached files": {
        "value": [
"Co9Ti3_#166_1A.cif",
"CONTCAR_Co9Ti3_#166_1A",
"Co9Ti3_#166_1A.png"
]
      },
      "attached files info": {
        "value": null
      }
    }
  }
}
