{
  "confidential": {
  "value": false
  }, 
  "name": "NOVAMAG_theory_ICCRAM_Co10Pt8_#139_1A",
  "properties": {
    "approach": {
      "value": "theory"
    },
    "summary": {
      "value": "crystal, energy, magnetization, MAE, coercivity, energy product"
    },
    "chemistry": {
      "chemical formula": {
        "value": "Co10Pt8"
      },
      "production info": {
        "value": "initial POSCAR from AFLOW library http://aflow.org/material.php?id=CoPt/314"
      }
    },
    "crystal": {
      "compound space group": {
        "value": 139
      },
      "unit cell volume": {
        "value": 237.275487
      },
      "lattice parameters": {
        "value": [
          7.91437,
          7.91437,
          3.78809
        ]
      },
      "lattice angles": {
        "value": [
          90.00000,
          90.00000,
          90.00000
        ]
      },
      "atomic positions": {
        "value": [
"Co1(2a)",
0.00000,
0.00000,
0.00000,
"Co2(8h)",
0.65891,
0.65891,
0.00000,
"Pt1(8i)",
0.31967,
0.00000,
0.00000
]
      },
      "crystal info": {
        "value": "software VASP (vasp.5.4.4), k-points mesh 8x8x16, Ecut-off=401.952 eV, PAW_PBE, Co:PAW_PBE:02Aug2007, Pt:PAW_PBE:04Feb2005, Pressure=0.0 kbar, temperature=0K"
      }
    },
    "thermodynamics": {
      "unit cell energy": {
        "value": -120.59474120
      },
      "unit cell formation enthalpy": {
        "value": -1.457076
      },
      "energy info": {
        "value": "software VASP (vasp.5.4.4), k-points mesh 8x8x16, Ecut-off=401.952 eV, PAW_PBE, Co:PAW_PBE:02Aug2007, Pt:PAW_PBE:04Feb2005, Pressure=0.0 kbar, temperature=0K"
      },
      "interatomic potentials info": {
        "value": null
      },
      "magnetic free energy": {
        "value": null
      },
      "magnetic free energy info": {
        "value": null
      }
    },
    "magnetics": {
      "unit cell spin polarization": {
        "value": 21.376
      },
      "atomic spin specie": {
        "value": [
"1 Co",
1.849,
"2 Co",
1.849,
"3 Co",
1.869,
"4 Co",
1.870,
"5 Co",
1.870,
"6 Co",
1.869,
"7 Co",
1.868,
"8 Co",
1.869,
"9 Co",
1.869,
"10 Co",
1.868,
"11 Pt",
0.340,
"12 Pt",
0.340,
"13 Pt",
0.340,
"14 Pt",
0.340,
"15 Pt",
0.341,
"16 Pt",
0.341,
"17 Pt",
0.341,
"18 Pt",
0.341
]
      },
      "saturation magnetization": {
        "value": 1.049
      },
      "magnetization temperature": {
        "value": 0
      },
      "magnetization info": {
        "value": "software VASP (vasp.5.4.4), k-points mesh 8x8x16, Ecut-off=401.952 eV, PAW_PBE, Co:PAW_PBE:02Aug2007, Pt:PAW_PBE:04Feb2005, Pressure=0.0 kbar, temperature=0K"
      },
      "magnetocrystalline anisotropy energy": {
        "value": [
0.0000000000000000,0,1.0000000000000000,-123.66048394,0.2588190451025207,0,0.9659258262890683,-123.65976268,0.5000000000000000,0,0.8660254037844386,-123.65775317,0.7071067811865476,0,0.7071067811865476,-123.65499970,0.8660254037844386,0,0.5000000000000000,-123.65236243,1.0000000000000000,0,0.0000000000000000,-123.64981864]
      },
      "anisotropy energy type": {
        "value": "uniaxial"
      },
      "magnetocrystalline anisotropy constants": {
        "value": [
7.554,-0.345]
      },
      "kind of anisotropy": {
        "value": "easy axis"
      },
      "anisotropy info": {
        "value": "software VASP (vasp.5.4.4) with spin-orbit coupling, k-points mesh 8x8x16, Ecut-off=401.952 eV, PAW_PBE, Co:PAW_PBE:02Aug2007, Pt:PAW_PBE:04Feb2005, Pressure=0.0 kbar, temperature=0K"
      },
      "exchange integrals": {
        "value": null
      },
      "exchange info": {
        "value": null
      },
      "magnetic order": {
        "value": null
      },
      "curie temperature": {
        "value": null
      },
      "curie temperature info": {
        "value": null
      },
      "anisotropy field": {
        "value": 16.445
      },
      "remanence": {
        "value": 1.049
      },
      "coercivity": {
        "value": 16.445
      },
      "energy product": {
        "value": 218.918
      },
      "hysteresis info": {
        "value": "Stoner-Wohlfarth model without shape anisotropy, perfectly rectangular hysteresis loop, temperature = 0 K. Remanence equals to saturation magnetization (Ms). Anisotropy field: mu_0*Hk=(2*K_1+4*K_2)/Ms, where mu_0 is the vacuum permeability. Coercivity: Hc=Hk. Maximum energy product (upper limit)=(1/4)*mu_0*Ms^2, note this value can only be reached if the demagnetization factor is D=0.5 and Hc>0.5*Ms."
      },
      "domain wall width": {
        "value": null
      },
      "domain wall info": {
        "value": null
      },
      "exchange stiffness": {
        "value": null
      },
      "exchange stiffness info": {
        "value": null
      }
    },
    "additional information": {
      "authors": {
        "value": ["ICCRAM"]
      },
      "reference": {
        "value": "S. Curtarolo et al. Computational Materials Science 58 (2012) 218-226"
      },
      "comments": {
        "value": "Hardness parameter=2.937"
      },
      "attached files": {
        "value": [
"Co10Pt8_#139_1A.cif",
"CONTCAR_Co10Pt8_#139_1A",
"Co10Pt8_#139_1A.png"
]
      },
      "attached files info": {
        "value": null
      }
    }
  }
}
