{
  "confidential": {
  "value": false
  }, 
  "name": "NOVAMAG_theory_ICCRAM_Co12Pt4_#139_1A",
  "properties": {
    "approach": {
      "value": "theory"
    },
    "summary": {
      "value": "crystal, energy, magnetization, MAE"
    },
    "chemistry": {
      "chemical formula": {
        "value": "Co12Pt4"
      },
      "production info": {
        "value": "initial POSCAR from AFLOW library http://aflow.org/material.php?id=CoPt/279"
      }
    },
    "crystal": {
      "compound space group": {
        "value": 139
      },
      "unit cell volume": {
        "value": 195.451075
      },
      "lattice parameters": {
        "value": [
          3.65956,
          3.65956,
          14.59423
        ]
      },
      "lattice angles": {
        "value": [
          90.00000,
          90.00000,
          90.00000
        ]
      },
      "atomic positions": {
        "value": [
"Co1(4c)",
0.00000,
0.50000,
0.00000,
"Co2(4e)",
0.00000,
0.00000,
0.87475,
"Co3(4d)",
0.00000,
0.50000,
0.25000,
"Pt1(4e)",
0.00000,
0.00000,
0.62510
]
      },
      "crystal info": {
        "value": "software VASP (vasp.5.4.4), k-points mesh 16x16x4, Ecut-off=401.952 eV, PAW_PBE, Co:PAW_PBE:02Aug2007, Pt:PAW_PBE:04Feb2005, Pressure=0.0 kbar, temperature=0K"
      }
    },
    "thermodynamics": {
      "unit cell energy": {
        "value": -109.67888280
      },
      "unit cell formation enthalpy": {
        "value": -0.858145
      },
      "energy info": {
        "value": "software VASP (vasp.5.4.4), k-points mesh 16x16x4, Ecut-off=401.952 eV, PAW_PBE, Co:PAW_PBE:02Aug2007, Pt:PAW_PBE:04Feb2005, Pressure=0.0 kbar, temperature=0K"
      },
      "interatomic potentials info": {
        "value": null
      },
      "magnetic free energy": {
        "value": null
      },
      "magnetic free energy info": {
        "value": null
      }
    },
    "magnetics": {
      "unit cell spin polarization": {
        "value": 22.716
      },
      "atomic spin specie": {
        "value": [
"1 Co",
1.775,
"2 Co",
1.775,
"3 Co",
1.776,
"4 Co",
1.776,
"5 Co",
1.799,
"6 Co",
1.799,
"7 Co",
1.800,
"8 Co",
1.800,
"9 Co",
1.759,
"10 Co",
1.759,
"11 Co",
1.759,
"12 Co",
1.759,
"13 Pt",
0.345,
"14 Pt",
0.345,
"15 Pt",
0.345,
"16 Pt",
0.345
]
      },
      "saturation magnetization": {
        "value": 1.354
      },
      "magnetization temperature": {
        "value": 0
      },
      "magnetization info": {
        "value": "software VASP (vasp.5.4.4), k-points mesh 16x16x4, Ecut-off=401.952 eV, PAW_PBE, Co:PAW_PBE:02Aug2007, Pt:PAW_PBE:04Feb2005, Pressure=0.0 kbar, temperature=0K"
      },
      "magnetocrystalline anisotropy energy": {
        "value": [
0.0000000000000000,0,1.0000000000000000,-111.27576425,0.2588190451025207,0,0.9659258262890683,-111.27597131,0.5000000000000000,0,0.8660254037844386,-111.27647572,0.7071067811865476,0,0.7071067811865476,-111.27713800,0.8660254037844386,0,0.5000000000000000,-111.27775608,1.0000000000000000,0,0.0000000000000000,-111.27825746]
      },
      "anisotropy energy type": {
        "value": "uniaxial"
      },
      "magnetocrystalline anisotropy constants": {
        "value": [
-2.476,0.425]
      },
      "kind of anisotropy": {
        "value": "easy plane"
      },
      "anisotropy info": {
        "value": "software VASP (vasp.5.4.4) with spin-orbit coupling, k-points mesh 16x16x4, Ecut-off=401.952 eV, PAW_PBE, Co:PAW_PBE:02Aug2007, Pt:PAW_PBE:04Feb2005, Pressure=0.0 kbar, temperature=0K"
      },
      "exchange integrals": {
        "value": null
      },
      "exchange info": {
        "value": null
      },
      "magnetic order": {
        "value": null
      },
      "curie temperature": {
        "value": null
      },
      "curie temperature info": {
        "value": null
      },
      "anisotropy field": {
        "value": null
      },
      "remanence": {
        "value": null
      },
      "coercivity": {
        "value": null
      },
      "energy product": {
        "value": null
      },
      "hysteresis info": {
        "value": null
      },
      "domain wall width": {
        "value": null
      },
      "domain wall info": {
        "value": null
      },
      "exchange stiffness": {
        "value": null
      },
      "exchange stiffness info": {
        "value": null
      }
    },
    "additional information": {
      "authors": {
        "value": ["ICCRAM"]
      },
      "reference": {
        "value": "S. Curtarolo et al. Computational Materials Science 58 (2012) 218-226"
      },
      "comments": {
        "value": null
      },
      "attached files": {
        "value": [
"Co12Pt4_#139_1A.cif",
"CONTCAR_Co12Pt4_#139_1A",
"Co12Pt4_#139_1A.png"
]
      },
      "attached files info": {
        "value": null
      }
    }
  }
}
