{
  "confidential": {
  "value": false
  }, 
  "name": "NOVAMAG_theory_ICCRAM_Co16Pt8_#194_1A",
  "properties": {
    "approach": {
      "value": "theory"
    },
    "summary": {
      "value": "crystal, energy, magnetization, MAE"
    },
    "chemistry": {
      "chemical formula": {
        "value": "Co16Pt8"
      },
      "production info": {
        "value": "initial POSCAR from AFLOW library http://aflow.org/material.php?id=CoPt/316"
      }
    },
    "crystal": {
      "compound space group": {
        "value": 194
      },
      "unit cell volume": {
        "value": 300.798499
      },
      "lattice parameters": {
        "value": [
          4.73533,
          4.73533,
          15.48978
        ]
      },
      "lattice angles": {
        "value": [
          90.00000,
          90.00000,
          120.00000
        ]
      },
      "atomic positions": {
        "value": [
"Co1(4f)",
0.33333,
0.66667,
0.62782,
"Co2(6g)",
0.50000,
0.00000,
0.00000,
"Co3(6h)",
0.83805,
0.67609,
0.25000,
"Pt1(4e)",
0.00000,
0.00000,
0.09143,
"Pt2(4f)",
0.33333,
0.66667,
0.34422
]
      },
      "crystal info": {
        "value": "software VASP (vasp.5.4.4), k-points mesh 15x15x4, Ecut-off=401.952 eV, PAW_PBE, Co:PAW_PBE:02Aug2007, Pt:PAW_PBE:04Feb2005, Pressure=0.0 kbar, temperature=0K"
      }
    },
    "thermodynamics": {
      "unit cell energy": {
        "value": -161.71937001
      },
      "unit cell formation enthalpy": {
        "value": -0.365786
      },
      "energy info": {
        "value": "software VASP (vasp.5.4.4), k-points mesh 15x15x4, Ecut-off=401.952 eV, PAW_PBE, Co:PAW_PBE:02Aug2007, Pt:PAW_PBE:04Feb2005, Pressure=0.0 kbar, temperature=0K"
      },
      "interatomic potentials info": {
        "value": null
      },
      "magnetic free energy": {
        "value": null
      },
      "magnetic free energy info": {
        "value": null
      }
    },
    "magnetics": {
      "unit cell spin polarization": {
        "value": 31.652
      },
      "atomic spin specie": {
        "value": [
"1 Co",
1.830,
"2 Co",
1.830,
"3 Co",
1.830,
"4 Co",
1.830,
"5 Co",
1.830,
"6 Co",
1.831,
"7 Co",
1.830,
"8 Co",
1.831,
"9 Co",
1.830,
"10 Co",
1.831,
"11 Co",
1.801,
"12 Co",
1.801,
"13 Co",
1.801,
"14 Co",
1.801,
"15 Co",
1.801,
"16 Co",
1.801,
"17 Pt",
0.310,
"18 Pt",
0.310,
"19 Pt",
0.310,
"20 Pt",
0.310,
"21 Pt",
0.325,
"22 Pt",
0.325,
"23 Pt",
0.326,
"24 Pt",
0.325
]
      },
      "saturation magnetization": {
        "value": 1.226
      },
      "magnetization temperature": {
        "value": 0
      },
      "magnetization info": {
        "value": "software VASP (vasp.5.4.4), k-points mesh 15x15x4, Ecut-off=401.952 eV, PAW_PBE, Co:PAW_PBE:02Aug2007, Pt:PAW_PBE:04Feb2005, Pressure=0.0 kbar, temperature=0K"
      },
      "magnetocrystalline anisotropy energy": {
        "value": [
0.0000000000000000,0,1.0000000000000000,-164.79490816,0.2588190451025207,0,0.9659258262890683,-164.79514589,0.5000000000000000,0,0.8660254037844386,-164.79578931,0.7071067811865476,0,0.7071067811865476,-164.79671498,0.8660254037844386,0,0.5000000000000000,-164.79765548,1.0000000000000000,0,0.0000000000000000,-164.79859167]
      },
      "anisotropy energy type": {
        "value": "uniaxial"
      },
      "magnetocrystalline anisotropy constants": {
        "value": [
-1.884,-0.076]
      },
      "kind of anisotropy": {
        "value": "easy plane"
      },
      "anisotropy info": {
        "value": "software VASP (vasp.5.4.4) with spin-orbit coupling, k-points mesh 15x15x4, Ecut-off=401.952 eV, PAW_PBE, Co:PAW_PBE:02Aug2007, Pt:PAW_PBE:04Feb2005, Pressure=0.0 kbar, temperature=0K"
      },
      "exchange integrals": {
        "value": null
      },
      "exchange info": {
        "value": null
      },
      "magnetic order": {
        "value": null
      },
      "curie temperature": {
        "value": null
      },
      "curie temperature info": {
        "value": null
      },
      "anisotropy field": {
        "value": null
      },
      "remanence": {
        "value": null
      },
      "coercivity": {
        "value": null
      },
      "energy product": {
        "value": null
      },
      "hysteresis info": {
        "value": null
      },
      "domain wall width": {
        "value": null
      },
      "domain wall info": {
        "value": null
      },
      "exchange stiffness": {
        "value": null
      },
      "exchange stiffness info": {
        "value": null
      }
    },
    "additional information": {
      "authors": {
        "value": ["ICCRAM"]
      },
      "reference": {
        "value": "S. Curtarolo et al. Computational Materials Science 58 (2012) 218-226"
      },
      "comments": {
        "value": null
      },
      "attached files": {
        "value": [
"Co16Pt8_#194_1A.cif",
"CONTCAR_Co16Pt8_#194_1A",
"Co16Pt8_#194_1A.png"
]
      },
      "attached files info": {
        "value": null
      }
    }
  }
}
