{
  "confidential": {
  "value": false
  }, 
  "name": "NOVAMAG_theory_ICCRAM_Co16Pt8_#141_1A",
  "properties": {
    "approach": {
      "value": "theory"
    },
    "summary": {
      "value": "crystal, energy, magnetization, MAE"
    },
    "chemistry": {
      "chemical formula": {
        "value": "Co16Pt8"
      },
      "production info": {
        "value": "initial POSCAR from AFLOW library http://aflow.org/material.php?id=CoPt/381"
      }
    },
    "crystal": {
      "compound space group": {
        "value": 141
      },
      "unit cell volume": {
        "value": 303.707341
      },
      "lattice parameters": {
        "value": [
          3.69701,
          3.69701,
          22.22055
        ]
      },
      "lattice angles": {
        "value": [
          90.00000,
          90.00000,
          90.00000
        ]
      },
      "atomic positions": {
        "value": [
"Co1(8e)",
0.00000,
0.25000,
0.62503,
"Co2(8e)",
0.00000,
0.25000,
0.45506,
"Pt1(8e)",
0.00000,
0.25000,
0.79433
]
      },
      "crystal info": {
        "value": "software VASP (vasp.5.4.4), k-points mesh 16x16x3, Ecut-off=401.952 eV, PAW_PBE, Co:PAW_PBE:02Aug2007, Pt:PAW_PBE:04Feb2005, Pressure=0.0 kbar, temperature=0K"
      }
    },
    "thermodynamics": {
      "unit cell energy": {
        "value": -162.96087618
      },
      "unit cell formation enthalpy": {
        "value": -1.607292
      },
      "energy info": {
        "value": "software VASP (vasp.5.4.4), k-points mesh 16x16x3, Ecut-off=401.952 eV, PAW_PBE, Co:PAW_PBE:02Aug2007, Pt:PAW_PBE:04Feb2005, Pressure=0.0 kbar, temperature=0K"
      },
      "interatomic potentials info": {
        "value": null
      },
      "magnetic free energy": {
        "value": null
      },
      "magnetic free energy info": {
        "value": null
      }
    },
    "magnetics": {
      "unit cell spin polarization": {
        "value": 32.090
      },
      "atomic spin specie": {
        "value": [
"1 Co",
1.822,
"2 Co",
1.822,
"3 Co",
1.822,
"4 Co",
1.822,
"5 Co",
1.822,
"6 Co",
1.822,
"7 Co",
1.822,
"8 Co",
1.822,
"9 Co",
1.833,
"10 Co",
1.833,
"11 Co",
1.833,
"12 Co",
1.833,
"13 Co",
1.833,
"14 Co",
1.832,
"15 Co",
1.833,
"16 Co",
1.833,
"17 Pt",
0.357,
"18 Pt",
0.356,
"19 Pt",
0.356,
"20 Pt",
0.356,
"21 Pt",
0.357,
"22 Pt",
0.357,
"23 Pt",
0.356,
"24 Pt",
0.356
]
      },
      "saturation magnetization": {
        "value": 1.231
      },
      "magnetization temperature": {
        "value": 0
      },
      "magnetization info": {
        "value": "software VASP (vasp.5.4.4), k-points mesh 16x16x3, Ecut-off=401.952 eV, PAW_PBE, Co:PAW_PBE:02Aug2007, Pt:PAW_PBE:04Feb2005, Pressure=0.0 kbar, temperature=0K"
      },
      "magnetocrystalline anisotropy energy": {
        "value": [
0.0000000000000000,0,1.0000000000000000,-166.07741996,0.2588190451025207,0,0.9659258262890683,-166.07800198,0.5000000000000000,0,0.8660254037844386,-166.07960460,0.7071067811865476,0,0.7071067811865476,-166.08178314,0.8660254037844386,0,0.5000000000000000,-166.08396373,1.0000000000000000,0,0.0000000000000000,-166.08601319]
      },
      "anisotropy energy type": {
        "value": "uniaxial"
      },
      "magnetocrystalline anisotropy constants": {
        "value": [
-4.685,0.142]
      },
      "kind of anisotropy": {
        "value": "easy plane"
      },
      "anisotropy info": {
        "value": "software VASP (vasp.5.4.4) with spin-orbit coupling, k-points mesh 16x16x3, Ecut-off=401.952 eV, PAW_PBE, Co:PAW_PBE:02Aug2007, Pt:PAW_PBE:04Feb2005, Pressure=0.0 kbar, temperature=0K"
      },
      "exchange integrals": {
        "value": null
      },
      "exchange info": {
        "value": null
      },
      "magnetic order": {
        "value": null
      },
      "curie temperature": {
        "value": null
      },
      "curie temperature info": {
        "value": null
      },
      "anisotropy field": {
        "value": null
      },
      "remanence": {
        "value": null
      },
      "coercivity": {
        "value": null
      },
      "energy product": {
        "value": null
      },
      "hysteresis info": {
        "value": null
      },
      "domain wall width": {
        "value": null
      },
      "domain wall info": {
        "value": null
      },
      "exchange stiffness": {
        "value": null
      },
      "exchange stiffness info": {
        "value": null
      }
    },
    "additional information": {
      "authors": {
        "value": ["ICCRAM"]
      },
      "reference": {
        "value": "S. Curtarolo et al. Computational Materials Science 58 (2012) 218-226"
      },
      "comments": {
        "value": null
      },
      "attached files": {
        "value": [
"Co16Pt8_#141_1A.cif",
"CONTCAR_Co16Pt8_#141_1A",
"Co16Pt8_#141_1A.png"
]
      },
      "attached files info": {
        "value": null
      }
    }
  }
}
