{
  "confidential": {
  "value": false
  }, 
  "name": "NOVAMAG_theory_ICCRAM_Co1Pt3_#187_1A",
  "properties": {
    "approach": {
      "value": "theory"
    },
    "summary": {
      "value": "crystal, energy, magnetization, MAE, coercivity, energy product"
    },
    "chemistry": {
      "chemical formula": {
        "value": "Co1Pt3"
      },
      "production info": {
        "value": "initial POSCAR from AFLOW library http://aflow.org/material.php?id=CoPt/125"
      }
    },
    "crystal": {
      "compound space group": {
        "value": 187
      },
      "unit cell volume": {
        "value": 58.932145
      },
      "lattice parameters": {
        "value": [
          2.75075,
          2.75075,
          8.99329
        ]
      },
      "lattice angles": {
        "value": [
          90.00000,
          90.00000,
          120.00000
        ]
      },
      "atomic positions": {
        "value": [
"Co1(1a)",
0.00000,
0.00000,
0.00000,
"Pt1(1b)",
0.00000,
0.00000,
0.50000,
"Pt2(2h)",
0.33333,
0.66667,
0.23046
]
      },
      "crystal info": {
        "value": "software VASP (vasp.5.4.4), k-points mesh 25x25x7, Ecut-off=401.952 eV, PAW_PBE, Co:PAW_PBE:02Aug2007, Pt:PAW_PBE:04Feb2005, Pressure=0.0 kbar, temperature=0K"
      }
    },
    "thermodynamics": {
      "unit cell energy": {
        "value": -25.42314626
      },
      "unit cell formation enthalpy": {
        "value": -0.095484
      },
      "energy info": {
        "value": "software VASP (vasp.5.4.4), k-points mesh 25x25x7, Ecut-off=401.952 eV, PAW_PBE, Co:PAW_PBE:02Aug2007, Pt:PAW_PBE:04Feb2005, Pressure=0.0 kbar, temperature=0K"
      },
      "interatomic potentials info": {
        "value": null
      },
      "magnetic free energy": {
        "value": null
      },
      "magnetic free energy info": {
        "value": null
      }
    },
    "magnetics": {
      "unit cell spin polarization": {
        "value": 3.137
      },
      "atomic spin specie": {
        "value": [
"1 Co",
2.086,
"2 Pt",
0.245,
"3 Pt",
0.403,
"4 Pt",
0.403
]
      },
      "saturation magnetization": {
        "value": 0.620
      },
      "magnetization temperature": {
        "value": 0
      },
      "magnetization info": {
        "value": "software VASP (vasp.5.4.4), k-points mesh 25x25x7, Ecut-off=401.952 eV, PAW_PBE, Co:PAW_PBE:02Aug2007, Pt:PAW_PBE:04Feb2005, Pressure=0.0 kbar, temperature=0K"
      },
      "magnetocrystalline anisotropy energy": {
        "value": [
0.0000000000000000,0,1.0000000000000000,-26.57235359,0.2588190451025207,0,0.9659258262890683,-26.57229676,0.5000000000000000,0,0.8660254037844386,-26.57212091,0.7071067811865476,0,0.7071067811865476,-26.57188503,0.8660254037844386,0,0.5000000000000000,-26.57166367,1.0000000000000000,0,0.0000000000000000,-26.57141995]
      },
      "anisotropy energy type": {
        "value": "uniaxial"
      },
      "magnetocrystalline anisotropy constants": {
        "value": [
2.514,0.008]
      },
      "kind of anisotropy": {
        "value": "easy axis"
      },
      "anisotropy info": {
        "value": "software VASP (vasp.5.4.4) with spin-orbit coupling, k-points mesh 25x25x7, Ecut-off=401.952 eV, PAW_PBE, Co:PAW_PBE:02Aug2007, Pt:PAW_PBE:04Feb2005, Pressure=0.0 kbar, temperature=0K"
      },
      "exchange integrals": {
        "value": null
      },
      "exchange info": {
        "value": null
      },
      "magnetic order": {
        "value": null
      },
      "curie temperature": {
        "value": null
      },
      "curie temperature info": {
        "value": null
      },
      "anisotropy field": {
        "value": 10.256
      },
      "remanence": {
        "value": 0.620
      },
      "coercivity": {
        "value": 10.256
      },
      "energy product": {
        "value": 76.474
      },
      "hysteresis info": {
        "value": "Stoner-Wohlfarth model without shape anisotropy, perfectly rectangular hysteresis loop, temperature = 0 K. Remanence equals to saturation magnetization (Ms). Anisotropy field: mu_0*Hk=(2*K_1+4*K_2)/Ms, where mu_0 is the vacuum permeability. Coercivity: Hc=Hk. Maximum energy product (upper limit)=(1/4)*mu_0*Ms^2, note this value can only be reached if the demagnetization factor is D=0.5 and Hc>0.5*Ms."
      },
      "domain wall width": {
        "value": null
      },
      "domain wall info": {
        "value": null
      },
      "exchange stiffness": {
        "value": null
      },
      "exchange stiffness info": {
        "value": null
      }
    },
    "additional information": {
      "authors": {
        "value": ["ICCRAM"]
      },
      "reference": {
        "value": "S. Curtarolo et al. Computational Materials Science 58 (2012) 218-226"
      },
      "comments": {
        "value": "Hardness parameter=2.867"
      },
      "attached files": {
        "value": [
"Co1Pt3_#187_1A.cif",
"CONTCAR_Co1Pt3_#187_1A",
"Co1Pt3_#187_1A.png"
]
      },
      "attached files info": {
        "value": null
      }
    }
  }
}
