{
  "confidential": {
  "value": false
  }, 
  "name": "NOVAMAG_theory_ICCRAM_Co5Pt1_#189_1A",
  "properties": {
    "approach": {
      "value": "theory"
    },
    "summary": {
      "value": "crystal, energy, magnetization, MAE"
    },
    "chemistry": {
      "chemical formula": {
        "value": "Co5Pt1"
      },
      "production info": {
        "value": "initial POSCAR from AFLOW library http://aflow.org/material.php?id=CoPt/473"
      }
    },
    "crystal": {
      "compound space group": {
        "value": 189
      },
      "unit cell volume": {
        "value": 70.353052
      },
      "lattice parameters": {
        "value": [
          4.44955,
          4.44955,
          4.10318
        ]
      },
      "lattice angles": {
        "value": [
          90.00000,
          90.00000,
          120.00000
        ]
      },
      "atomic positions": {
        "value": [
"Co1(3f)",
0.65372,
0.00000,
0.00000,
"Co2(2d)",
0.33333,
0.66667,
0.50000,
"Pt1(1b)",
0.00000,
0.00000,
0.50000
]
      },
      "crystal info": {
        "value": "software VASP (vasp.5.4.4), k-points mesh 16x16x15, Ecut-off=401.952 eV, PAW_PBE, Co:PAW_PBE:02Aug2007, Pt:PAW_PBE:04Feb2005, Pressure=0.0 kbar, temperature=0K"
      }
    },
    "thermodynamics": {
      "unit cell energy": {
        "value": -41.52607703
      },
      "unit cell formation enthalpy": {
        "value": -0.248920
      },
      "energy info": {
        "value": "software VASP (vasp.5.4.4), k-points mesh 16x16x15, Ecut-off=401.952 eV, PAW_PBE, Co:PAW_PBE:02Aug2007, Pt:PAW_PBE:04Feb2005, Pressure=0.0 kbar, temperature=0K"
      },
      "interatomic potentials info": {
        "value": null
      },
      "magnetic free energy": {
        "value": null
      },
      "magnetic free energy info": {
        "value": null
      }
    },
    "magnetics": {
      "unit cell spin polarization": {
        "value": 8.826
      },
      "atomic spin specie": {
        "value": [
"1 Co",
1.729,
"2 Co",
1.729,
"3 Co",
1.729,
"4 Co",
1.653,
"5 Co",
1.653,
"6 Pt",
0.333
]
      },
      "saturation magnetization": {
        "value": 1.461
      },
      "magnetization temperature": {
        "value": 0
      },
      "magnetization info": {
        "value": "software VASP (vasp.5.4.4), k-points mesh 16x16x15, Ecut-off=401.952 eV, PAW_PBE, Co:PAW_PBE:02Aug2007, Pt:PAW_PBE:04Feb2005, Pressure=0.0 kbar, temperature=0K"
      },
      "magnetocrystalline anisotropy energy": {
        "value": [
0.0000000000000000,0,1.0000000000000000,-41.94335918,0.2588190451025207,0,0.9659258262890683,-41.94338341,0.5000000000000000,0,0.8660254037844386,-41.94341921,0.7071067811865476,0,0.7071067811865476,-41.94346037,0.8660254037844386,0,0.5000000000000000,-41.94351403,1.0000000000000000,0,0.0000000000000000,-41.94360278]
      },
      "anisotropy energy type": {
        "value": "uniaxial"
      },
      "magnetocrystalline anisotropy constants": {
        "value": [
-0.408,-0.132]
      },
      "kind of anisotropy": {
        "value": "easy plane"
      },
      "anisotropy info": {
        "value": "software VASP (vasp.5.4.4) with spin-orbit coupling, k-points mesh 16x16x15, Ecut-off=401.952 eV, PAW_PBE, Co:PAW_PBE:02Aug2007, Pt:PAW_PBE:04Feb2005, Pressure=0.0 kbar, temperature=0K"
      },
      "exchange integrals": {
        "value": null
      },
      "exchange info": {
        "value": null
      },
      "magnetic order": {
        "value": null
      },
      "curie temperature": {
        "value": null
      },
      "curie temperature info": {
        "value": null
      },
      "anisotropy field": {
        "value": null
      },
      "remanence": {
        "value": null
      },
      "coercivity": {
        "value": null
      },
      "energy product": {
        "value": null
      },
      "hysteresis info": {
        "value": null
      },
      "domain wall width": {
        "value": null
      },
      "domain wall info": {
        "value": null
      },
      "exchange stiffness": {
        "value": null
      },
      "exchange stiffness info": {
        "value": null
      }
    },
    "additional information": {
      "authors": {
        "value": ["ICCRAM"]
      },
      "reference": {
        "value": "S. Curtarolo et al. Computational Materials Science 58 (2012) 218-226"
      },
      "comments": {
        "value": null
      },
      "attached files": {
        "value": [
"Co5Pt1_#189_1A.cif",
"CONTCAR_Co5Pt1_#189_1A",
"Co5Pt1_#189_1A.png"
]
      },
      "attached files info": {
        "value": null
      }
    }
  }
}
