{
  "confidential": {
  "value": false
  }, 
  "name": "NOVAMAG_theory_ICCRAM_Co6Pt6_#166_1A",
  "properties": {
    "approach": {
      "value": "theory"
    },
    "summary": {
      "value": "crystal, energy, magnetization, MAE, coercivity, energy product"
    },
    "chemistry": {
      "chemical formula": {
        "value": "Co6Pt6"
      },
      "production info": {
        "value": "initial POSCAR from AFLOW library http://aflow.org/material.php?id=CoPt/28"
      }
    },
    "crystal": {
      "compound space group": {
        "value": 166
      },
      "unit cell volume": {
        "value": 163.139178
      },
      "lattice parameters": {
        "value": [
          2.69364,
          2.69364,
          25.96269
        ]
      },
      "lattice angles": {
        "value": [
          90.00000,
          90.00000,
          120.00000
        ]
      },
      "atomic positions": {
        "value": [
"Co1(6c)",
0.00000,
0.00000,
0.86963,
"Pt1(6c)",
0.00000,
0.00000,
0.38102
]
      },
      "crystal info": {
        "value": "software VASP (vasp.5.4.4), k-points mesh 26x26x2, Ecut-off=401.952 eV, PAW_PBE, Co:PAW_PBE:02Aug2007, Pt:PAW_PBE:04Feb2005, Pressure=0.0 kbar, temperature=0K"
      }
    },
    "thermodynamics": {
      "unit cell energy": {
        "value": -78.89816627
      },
      "unit cell formation enthalpy": {
        "value": -0.098897
      },
      "energy info": {
        "value": "software VASP (vasp.5.4.4), k-points mesh 26x26x2, Ecut-off=401.952 eV, PAW_PBE, Co:PAW_PBE:02Aug2007, Pt:PAW_PBE:04Feb2005, Pressure=0.0 kbar, temperature=0K"
      },
      "interatomic potentials info": {
        "value": null
      },
      "magnetic free energy": {
        "value": null
      },
      "magnetic free energy info": {
        "value": null
      }
    },
    "magnetics": {
      "unit cell spin polarization": {
        "value": 12.592
      },
      "atomic spin specie": {
        "value": [
"1 Co",
1.864,
"2 Co",
1.864,
"3 Co",
1.864,
"4 Co",
1.864,
"5 Co",
1.864,
"6 Co",
1.864,
"7 Pt",
0.234,
"8 Pt",
0.235,
"9 Pt",
0.235,
"10 Pt",
0.234,
"11 Pt",
0.234,
"12 Pt",
0.235
]
      },
      "saturation magnetization": {
        "value": 0.899
      },
      "magnetization temperature": {
        "value": 0
      },
      "magnetization info": {
        "value": "software VASP (vasp.5.4.4), k-points mesh 26x26x2, Ecut-off=401.952 eV, PAW_PBE, Co:PAW_PBE:02Aug2007, Pt:PAW_PBE:04Feb2005, Pressure=0.0 kbar, temperature=0K"
      },
      "magnetocrystalline anisotropy energy": {
        "value": [
0.0000000000000000,0,1.0000000000000000,-81.18171567,0.2588190451025207,0,0.9659258262890683,-81.18156187,0.5000000000000000,0,0.8660254037844386,-81.18124290,0.7071067811865476,0,0.7071067811865476,-81.18083292,0.8660254037844386,0,0.5000000000000000,-81.18043104,1.0000000000000000,0,0.0000000000000000,-81.18002938]
      },
      "anisotropy energy type": {
        "value": "uniaxial"
      },
      "magnetocrystalline anisotropy constants": {
        "value": [
1.853,-0.208]
      },
      "kind of anisotropy": {
        "value": "easy axis"
      },
      "anisotropy info": {
        "value": "software VASP (vasp.5.4.4) with spin-orbit coupling, k-points mesh 26x26x2, Ecut-off=401.952 eV, PAW_PBE, Co:PAW_PBE:02Aug2007, Pt:PAW_PBE:04Feb2005, Pressure=0.0 kbar, temperature=0K"
      },
      "exchange integrals": {
        "value": null
      },
      "exchange info": {
        "value": null
      },
      "magnetic order": {
        "value": null
      },
      "curie temperature": {
        "value": null
      },
      "curie temperature info": {
        "value": null
      },
      "anisotropy field": {
        "value": 4.017
      },
      "remanence": {
        "value": 0.899
      },
      "coercivity": {
        "value": 4.017
      },
      "energy product": {
        "value": 160.786
      },
      "hysteresis info": {
        "value": "Stoner-Wohlfarth model without shape anisotropy, perfectly rectangular hysteresis loop, temperature = 0 K. Remanence equals to saturation magnetization (Ms). Anisotropy field: mu_0*Hk=(2*K_1+4*K_2)/Ms, where mu_0 is the vacuum permeability. Coercivity: Hc=Hk. Maximum energy product (upper limit)=(1/4)*mu_0*Ms^2, note this value can only be reached if the demagnetization factor is D=0.5 and Hc>0.5*Ms."
      },
      "domain wall width": {
        "value": null
      },
      "domain wall info": {
        "value": null
      },
      "exchange stiffness": {
        "value": null
      },
      "exchange stiffness info": {
        "value": null
      }
    },
    "additional information": {
      "authors": {
        "value": ["ICCRAM"]
      },
      "reference": {
        "value": "S. Curtarolo et al. Computational Materials Science 58 (2012) 218-226"
      },
      "comments": {
        "value": "Hardness parameter=1.697"
      },
      "attached files": {
        "value": [
"Co6Pt6_#166_1A.cif",
"CONTCAR_Co6Pt6_#166_1A",
"Co6Pt6_#166_1A.png"
]
      },
      "attached files info": {
        "value": null
      }
    }
  }
}
