{
  "confidential": {
  "value": false
  }, 
  "name": "NOVAMAG_theory_ICCRAM_Co8Pt10_#139_1A",
  "properties": {
    "approach": {
      "value": "theory"
    },
    "summary": {
      "value": "crystal, energy, magnetization, MAE"
    },
    "chemistry": {
      "chemical formula": {
        "value": "Co8Pt10"
      },
      "production info": {
        "value": "initial POSCAR from AFLOW library http://aflow.org/material.php?id=CoPt/313"
      }
    },
    "crystal": {
      "compound space group": {
        "value": 139
      },
      "unit cell volume": {
        "value": 247.344245
      },
      "lattice parameters": {
        "value": [
          8.03565,
          8.03565,
          3.83054
        ]
      },
      "lattice angles": {
        "value": [
          90.00000,
          90.00000,
          90.00000
        ]
      },
      "atomic positions": {
        "value": [
"Co1(8i)",
0.65059,
0.00000,
0.00000,
"Pt1(2a)",
0.00000,
0.00000,
0.00000,
"Pt2(8h)",
0.32945,
0.32945,
0.00000
]
      },
      "crystal info": {
        "value": "software VASP (vasp.5.4.4), k-points mesh 7x7x16, Ecut-off=401.952 eV, PAW_PBE, Co:PAW_PBE:02Aug2007, Pt:PAW_PBE:04Feb2005, Pressure=0.0 kbar, temperature=0K"
      }
    },
    "thermodynamics": {
      "unit cell energy": {
        "value": -118.53616968
      },
      "unit cell formation enthalpy": {
        "value": -1.276026
      },
      "energy info": {
        "value": "software VASP (vasp.5.4.4), k-points mesh 7x7x16, Ecut-off=401.952 eV, PAW_PBE, Co:PAW_PBE:02Aug2007, Pt:PAW_PBE:04Feb2005, Pressure=0.0 kbar, temperature=0K"
      },
      "interatomic potentials info": {
        "value": null
      },
      "magnetic free energy": {
        "value": null
      },
      "magnetic free energy info": {
        "value": null
      }
    },
    "magnetics": {
      "unit cell spin polarization": {
        "value": 17.494
      },
      "atomic spin specie": {
        "value": [
"1 Co",
1.883,
"2 Co",
1.883,
"3 Co",
1.883,
"4 Co",
1.883,
"5 Co",
1.883,
"6 Co",
1.883,
"7 Co",
1.883,
"8 Co",
1.883,
"9 Pt",
0.188,
"10 Pt",
0.189,
"11 Pt",
0.257,
"12 Pt",
0.257,
"13 Pt",
0.257,
"14 Pt",
0.257,
"15 Pt",
0.256,
"16 Pt",
0.257,
"17 Pt",
0.257,
"18 Pt",
0.256
]
      },
      "saturation magnetization": {
        "value": 0.824
      },
      "magnetization temperature": {
        "value": 0
      },
      "magnetization info": {
        "value": "software VASP (vasp.5.4.4), k-points mesh 7x7x16, Ecut-off=401.952 eV, PAW_PBE, Co:PAW_PBE:02Aug2007, Pt:PAW_PBE:04Feb2005, Pressure=0.0 kbar, temperature=0K"
      },
      "magnetocrystalline anisotropy energy": {
        "value": [
0.0000000000000000,0,1.0000000000000000,-122.31326536,0.2588190451025207,0,0.9659258262890683,-122.31296325,0.5000000000000000,0,0.8660254037844386,-122.31238991,0.7071067811865476,0,0.7071067811865476,-122.31185042,0.8660254037844386,0,0.5000000000000000,-122.31157662,1.0000000000000000,0,0.0000000000000000,-122.31154007]
      },
      "anisotropy energy type": {
        "value": "uniaxial"
      },
      "magnetocrystalline anisotropy constants": {
        "value": [
2.588,-1.487]
      },
      "kind of anisotropy": {
        "value": null
      },
      "anisotropy info": {
        "value": "software VASP (vasp.5.4.4) with spin-orbit coupling, k-points mesh 7x7x16, Ecut-off=401.952 eV, PAW_PBE, Co:PAW_PBE:02Aug2007, Pt:PAW_PBE:04Feb2005, Pressure=0.0 kbar, temperature=0K"
      },
      "exchange integrals": {
        "value": null
      },
      "exchange info": {
        "value": null
      },
      "magnetic order": {
        "value": null
      },
      "curie temperature": {
        "value": null
      },
      "curie temperature info": {
        "value": null
      },
      "anisotropy field": {
        "value": null
      },
      "remanence": {
        "value": null
      },
      "coercivity": {
        "value": null
      },
      "energy product": {
        "value": null
      },
      "hysteresis info": {
        "value": null
      },
      "domain wall width": {
        "value": null
      },
      "domain wall info": {
        "value": null
      },
      "exchange stiffness": {
        "value": null
      },
      "exchange stiffness info": {
        "value": null
      }
    },
    "additional information": {
      "authors": {
        "value": ["ICCRAM"]
      },
      "reference": {
        "value": "S. Curtarolo et al. Computational Materials Science 58 (2012) 218-226"
      },
      "comments": {
        "value": hard_param
      },
      "attached files": {
        "value": [
"Co8Pt10_#139_1A.cif",
"CONTCAR_Co8Pt10_#139_1A",
"Co8Pt10_#139_1A.png"
]
      },
      "attached files info": {
        "value": null
      }
    }
  }
}
