{
  "confidential": {
  "value": false
  }, 
  "name": "NOVAMAG_theory_ICCRAM_Co4Hf2_#139_1A",
  "properties": {
    "approach": {
      "value": "theory"
    },
    "summary": {
      "value": "crystal, energy, magnetization, MAE"
    },
    "chemistry": {
      "chemical formula": {
        "value": "Co4Hf2"
      },
      "production info": {
        "value": "initial POSCAR from AFLOW library http://aflow.org/material.php?id=CoHf_pv/233"
      }
    },
    "crystal": {
      "compound space group": {
        "value": 139
      },
      "unit cell volume": {
        "value": 85.064780
      },
      "lattice parameters": {
        "value": [
          3.14076,
          3.14076,
          8.62341
        ]
      },
      "lattice angles": {
        "value": [
          90.00000,
          90.00000,
          90.00000
        ]
      },
      "atomic positions": {
        "value": [
"Co1(4e)",
0.00000,
0.00000,
0.32759,
"Hf1(2a)",
0.00000,
0.00000,
0.00000
]
      },
      "crystal info": {
        "value": "software VASP (vasp.5.4.4), k-points mesh 19x19x7, Ecut-off=401.952 eV, PAW_PBE, Co:PAW_PBE:02Aug2007, Hf:PAW_PBE:20Jan2003, Pressure=0.0 kbar, temperature=0K"
      }
    },
    "thermodynamics": {
      "unit cell energy": {
        "value": -48.91978983
      },
      "unit cell formation enthalpy": {
        "value": -0.860342
      },
      "energy info": {
        "value": "software VASP (vasp.5.4.4), k-points mesh 19x19x7, Ecut-off=401.952 eV, PAW_PBE, Co:PAW_PBE:02Aug2007, Hf:PAW_PBE:20Jan2003, Pressure=0.0 kbar, temperature=0K"
      },
      "interatomic potentials info": {
        "value": null
      },
      "magnetic free energy": {
        "value": null
      },
      "magnetic free energy info": {
        "value": null
      }
    },
    "magnetics": {
      "unit cell spin polarization": {
        "value": 4.949
      },
      "atomic spin specie": {
        "value": [
"1 Co",
1.341,
"2 Co",
1.341,
"3 Co",
1.341,
"4 Co",
1.341,
"5 Hf",
-0.207,
"6 Hf",
-0.207
]
      },
      "saturation magnetization": {
        "value": 0.678
      },
      "magnetization temperature": {
        "value": 0
      },
      "magnetization info": {
        "value": "software VASP (vasp.5.4.4), k-points mesh 19x19x7, Ecut-off=401.952 eV, PAW_PBE, Co:PAW_PBE:02Aug2007, Hf:PAW_PBE:20Jan2003, Pressure=0.0 kbar, temperature=0K"
      },
      "magnetocrystalline anisotropy energy": {
        "value": [
0.0000000000000000,0,1.0000000000000000,-49.16842110,0.2588190451025207,0,0.9659258262890683,-49.16876563,0.5000000000000000,0,0.8660254037844386,-49.16969738,0.7071067811865476,0,0.7071067811865476,-49.17096469,0.8660254037844386,0,0.5000000000000000,-49.17222436,1.0000000000000000,0,0.0000000000000000,-49.17348060]
      },
      "anisotropy energy type": {
        "value": "uniaxial"
      },
      "magnetocrystalline anisotropy constants": {
        "value": [
-9.636,0.110]
      },
      "kind of anisotropy": {
        "value": "easy plane"
      },
      "anisotropy info": {
        "value": "software VASP (vasp.5.4.4) with spin-orbit coupling, k-points mesh 19x19x7, Ecut-off=401.952 eV, PAW_PBE, Co:PAW_PBE:02Aug2007, Hf:PAW_PBE:20Jan2003, Pressure=0.0 kbar, temperature=0K"
      },
      "exchange integrals": {
        "value": null
      },
      "exchange info": {
        "value": null
      },
      "magnetic order": {
        "value": null
      },
      "curie temperature": {
        "value": null
      },
      "curie temperature info": {
        "value": null
      },
      "anisotropy field": {
        "value": null
      },
      "remanence": {
        "value": null
      },
      "coercivity": {
        "value": null
      },
      "energy product": {
        "value": null
      },
      "hysteresis info": {
        "value": null
      },
      "domain wall width": {
        "value": null
      },
      "domain wall info": {
        "value": null
      },
      "exchange stiffness": {
        "value": null
      },
      "exchange stiffness info": {
        "value": null
      }
    },
    "additional information": {
      "authors": {
        "value": ["ICCRAM"]
      },
      "reference": {
        "value": "S. Curtarolo et al. Computational Materials Science 58 (2012) 218-226"
      },
      "comments": {
        "value": null
      },
      "attached files": {
        "value": [
"Co4Hf2_#139_1A.cif",
"CONTCAR_Co4Hf2_#139_1A",
"Co4Hf2_#139_1A.png"
]
      },
      "attached files info": {
        "value": null
      }
    }
  }
}
