{
  "confidential": {
  "value": false
  }, 
  "name": "NOVAMAG_theory_ICCRAM_Co6Hf2_#194_1A",
  "properties": {
    "approach": {
      "value": "theory"
    },
    "summary": {
      "value": "crystal, energy, magnetization, MAE"
    },
    "chemistry": {
      "chemical formula": {
        "value": "Co6Hf2"
      },
      "production info": {
        "value": "initial POSCAR from AFLOW library http://aflow.org/material.php?id=CoHf_pv/187"
      }
    },
    "crystal": {
      "compound space group": {
        "value": 194
      },
      "unit cell volume": {
        "value": 102.797431
      },
      "lattice parameters": {
        "value": [
          5.29385,
          5.29385,
          4.23554
        ]
      },
      "lattice angles": {
        "value": [
          90.00000,
          90.00000,
          120.00000
        ]
      },
      "atomic positions": {
        "value": [
"Co1(6h)",
0.84441,
0.68882,
0.25000,
"Hf1(2c)",
0.33333,
0.66667,
0.25000
]
      },
      "crystal info": {
        "value": "software VASP (vasp.5.4.4), k-points mesh 13x13x14, Ecut-off=401.952 eV, PAW_PBE, Co:PAW_PBE:02Aug2007, Hf:PAW_PBE:20Jan2003, Pressure=0.0 kbar, temperature=0K"
      }
    },
    "thermodynamics": {
      "unit cell energy": {
        "value": -63.82151003
      },
      "unit cell formation enthalpy": {
        "value": -1.690089
      },
      "energy info": {
        "value": "software VASP (vasp.5.4.4), k-points mesh 13x13x14, Ecut-off=401.952 eV, PAW_PBE, Co:PAW_PBE:02Aug2007, Hf:PAW_PBE:20Jan2003, Pressure=0.0 kbar, temperature=0K"
      },
      "interatomic potentials info": {
        "value": null
      },
      "magnetic free energy": {
        "value": null
      },
      "magnetic free energy info": {
        "value": null
      }
    },
    "magnetics": {
      "unit cell spin polarization": {
        "value": 5.544
      },
      "atomic spin specie": {
        "value": [
"1 Co",
1.008,
"2 Co",
1.008,
"3 Co",
1.008,
"4 Co",
1.008,
"5 Co",
1.008,
"6 Co",
1.008,
"7 Hf",
-0.252,
"8 Hf",
-0.252
]
      },
      "saturation magnetization": {
        "value": 0.628
      },
      "magnetization temperature": {
        "value": 0
      },
      "magnetization info": {
        "value": "software VASP (vasp.5.4.4), k-points mesh 13x13x14, Ecut-off=401.952 eV, PAW_PBE, Co:PAW_PBE:02Aug2007, Hf:PAW_PBE:20Jan2003, Pressure=0.0 kbar, temperature=0K"
      },
      "magnetocrystalline anisotropy energy": {
        "value": [
0.0000000000000000,0,1.0000000000000000,-64.08737229,0.2588190451025207,0,0.9659258262890683,-64.08752021,0.5000000000000000,0,0.8660254037844386,-64.08791815,0.7071067811865476,0,0.7071067811865476,-64.08845467,0.8660254037844386,0,0.5000000000000000,-64.08898019,1.0000000000000000,0,0.0000000000000000,-64.08948391]
      },
      "anisotropy energy type": {
        "value": "uniaxial"
      },
      "magnetocrystalline anisotropy constants": {
        "value": [
-3.458,0.163]
      },
      "kind of anisotropy": {
        "value": "easy plane"
      },
      "anisotropy info": {
        "value": "software VASP (vasp.5.4.4) with spin-orbit coupling, k-points mesh 13x13x14, Ecut-off=401.952 eV, PAW_PBE, Co:PAW_PBE:02Aug2007, Hf:PAW_PBE:20Jan2003, Pressure=0.0 kbar, temperature=0K"
      },
      "exchange integrals": {
        "value": null
      },
      "exchange info": {
        "value": null
      },
      "magnetic order": {
        "value": null
      },
      "curie temperature": {
        "value": null
      },
      "curie temperature info": {
        "value": null
      },
      "anisotropy field": {
        "value": null
      },
      "remanence": {
        "value": null
      },
      "coercivity": {
        "value": null
      },
      "energy product": {
        "value": null
      },
      "hysteresis info": {
        "value": null
      },
      "domain wall width": {
        "value": null
      },
      "domain wall info": {
        "value": null
      },
      "exchange stiffness": {
        "value": null
      },
      "exchange stiffness info": {
        "value": null
      }
    },
    "additional information": {
      "authors": {
        "value": ["ICCRAM"]
      },
      "reference": {
        "value": "S. Curtarolo et al. Computational Materials Science 58 (2012) 218-226"
      },
      "comments": {
        "value": null
      },
      "attached files": {
        "value": [
"Co6Hf2_#194_1A.cif",
"CONTCAR_Co6Hf2_#194_1A",
"Co6Hf2_#194_1A.png"
]
      },
      "attached files info": {
        "value": null
      }
    }
  }
}
