{
  "confidential": {
  "value": false
  }, 
  "name": "NOVAMAG_theory_ICCRAM_Co8Hf2_#139_1A",
  "properties": {
    "approach": {
      "value": "theory"
    },
    "summary": {
      "value": "crystal, energy, magnetization, MAE, coercivity, energy product"
    },
    "chemistry": {
      "chemical formula": {
        "value": "Co8Hf2"
      },
      "production info": {
        "value": "initial POSCAR from AFLOW library http://aflow.org/material.php?id=CoHf_pv/203"
      }
    },
    "crystal": {
      "compound space group": {
        "value": 139
      },
      "unit cell volume": {
        "value": 132.279380
      },
      "lattice parameters": {
        "value": [
          3.61134,
          3.61134,
          10.14273
        ]
      },
      "lattice angles": {
        "value": [
          90.00000,
          90.00000,
          90.00000
        ]
      },
      "atomic positions": {
        "value": [
"Co1(4d)",
0.00000,
0.50000,
0.25000,
"Co2(4e)",
0.00000,
0.00000,
0.39277,
"Hf1(2a)",
0.00000,
0.00000,
0.00000
]
      },
      "crystal info": {
        "value": "software VASP (vasp.5.4.4), k-points mesh 17x17x6, Ecut-off=401.952 eV, PAW_PBE, Co:PAW_PBE:02Aug2007, Hf:PAW_PBE:20Jan2003, Pressure=0.0 kbar, temperature=0K"
      }
    },
    "thermodynamics": {
      "unit cell energy": {
        "value": -76.88992108
      },
      "unit cell formation enthalpy": {
        "value": -0.686528
      },
      "energy info": {
        "value": "software VASP (vasp.5.4.4), k-points mesh 17x17x6, Ecut-off=401.952 eV, PAW_PBE, Co:PAW_PBE:02Aug2007, Hf:PAW_PBE:20Jan2003, Pressure=0.0 kbar, temperature=0K"
      },
      "interatomic potentials info": {
        "value": null
      },
      "magnetic free energy": {
        "value": null
      },
      "magnetic free energy info": {
        "value": null
      }
    },
    "magnetics": {
      "unit cell spin polarization": {
        "value": 10.095
      },
      "atomic spin specie": {
        "value": [
"1 Co",
1.446,
"2 Co",
1.446,
"3 Co",
1.446,
"4 Co",
1.446,
"5 Co",
1.223,
"6 Co",
1.221,
"7 Co",
1.231,
"8 Co",
1.232,
"9 Hf",
-0.298,
"10 Hf",
-0.297
]
      },
      "saturation magnetization": {
        "value": 0.889
      },
      "magnetization temperature": {
        "value": 0
      },
      "magnetization info": {
        "value": "software VASP (vasp.5.4.4), k-points mesh 17x17x6, Ecut-off=401.952 eV, PAW_PBE, Co:PAW_PBE:02Aug2007, Hf:PAW_PBE:20Jan2003, Pressure=0.0 kbar, temperature=0K"
      },
      "magnetocrystalline anisotropy energy": {
        "value": [
0.0000000000000000,0,1.0000000000000000,-77.13899627,0.2588190451025207,0,0.9659258262890683,-77.13898509,0.5000000000000000,0,0.8660254037844386,-77.13894250,0.7071067811865476,0,0.7071067811865476,-77.13888384,0.8660254037844386,0,0.5000000000000000,-77.13881993,1.0000000000000000,0,0.0000000000000000,-77.13874688]
      },
      "anisotropy energy type": {
        "value": "uniaxial"
      },
      "magnetocrystalline anisotropy constants": {
        "value": [
0.241,0.059]
      },
      "kind of anisotropy": {
        "value": "easy axis"
      },
      "anisotropy info": {
        "value": "software VASP (vasp.5.4.4) with spin-orbit coupling, k-points mesh 17x17x6, Ecut-off=401.952 eV, PAW_PBE, Co:PAW_PBE:02Aug2007, Hf:PAW_PBE:20Jan2003, Pressure=0.0 kbar, temperature=0K"
      },
      "exchange integrals": {
        "value": null
      },
      "exchange info": {
        "value": null
      },
      "magnetic order": {
        "value": null
      },
      "curie temperature": {
        "value": null
      },
      "curie temperature info": {
        "value": null
      },
      "anisotropy field": {
        "value": 1.015
      },
      "remanence": {
        "value": 0.889
      },
      "coercivity": {
        "value": 1.015
      },
      "energy product": {
        "value": 157.229
      },
      "hysteresis info": {
        "value": "Stoner-Wohlfarth model without shape anisotropy, perfectly rectangular hysteresis loop, temperature = 0 K. Remanence equals to saturation magnetization (Ms). Anisotropy field: mu_0*Hk=(2*K_1+4*K_2)/Ms, where mu_0 is the vacuum permeability. Coercivity: Hc=Hk. Maximum energy product (upper limit)=(1/4)*mu_0*Ms^2, note this value can only be reached if the demagnetization factor is D=0.5 and Hc>0.5*Ms."
      },
      "domain wall width": {
        "value": null
      },
      "domain wall info": {
        "value": null
      },
      "exchange stiffness": {
        "value": null
      },
      "exchange stiffness info": {
        "value": null
      }
    },
    "additional information": {
      "authors": {
        "value": ["ICCRAM"]
      },
      "reference": {
        "value": "S. Curtarolo et al. Computational Materials Science 58 (2012) 218-226"
      },
      "comments": {
        "value": "Hardness parameter=0.619"
      },
      "attached files": {
        "value": [
"Co8Hf2_#139_1A.cif",
"CONTCAR_Co8Hf2_#139_1A",
"Co8Hf2_#139_1A.png"
]
      },
      "attached files info": {
        "value": null
      }
    }
  }
}
