{
  "confidential": {
  "value": false
  }, 
  "name": "NOVAMAG_theory_ICCRAM_Co12Ga4_#194_1A",
  "properties": {
    "approach": {
      "value": "theory"
    },
    "summary": {
      "value": "crystal, energy, magnetization, MAE, coercivity, energy product"
    },
    "chemistry": {
      "chemical formula": {
        "value": "Co12Ga4"
      },
      "production info": {
        "value": "initial POSCAR from AFLOW library http://aflow.org/material.php?id=CoGa_h/244"
      }
    },
    "crystal": {
      "compound space group": {
        "value": 194
      },
      "unit cell volume": {
        "value": 184.108135
      },
      "lattice parameters": {
        "value": [
          5.06928,
          5.06928,
          8.27275
        ]
      },
      "lattice angles": {
        "value": [
          90.00000,
          90.00000,
          120.00000
        ]
      },
      "atomic positions": {
        "value": [
"Co1(6g)",
0.50000,
0.00000,
0.00000,
"Co2(6h)",
0.83193,
0.66385,
0.25000,
"Ga1(2a)",
0.00000,
0.00000,
0.00000,
"Ga2(2c)",
0.33333,
0.66667,
0.25000
]
      },
      "crystal info": {
        "value": "software VASP (vasp.5.4.4), k-points mesh 14x14x7, Ecut-off=401.952 eV, PAW_PBE, Co:PAW_PBE:02Aug2007, Ga:PAW_PBE:08Apr2002, Pressure=0.0 kbar, temperature=0K"
      }
    },
    "thermodynamics": {
      "unit cell energy": {
        "value": -97.27802592
      },
      "unit cell formation enthalpy": {
        "value": -1.197630
      },
      "energy info": {
        "value": "software VASP (vasp.5.4.4), k-points mesh 14x14x7, Ecut-off=401.952 eV, PAW_PBE, Co:PAW_PBE:02Aug2007, Ga:PAW_PBE:08Apr2002, Pressure=0.0 kbar, temperature=0K"
      },
      "interatomic potentials info": {
        "value": null
      },
      "magnetic free energy": {
        "value": null
      },
      "magnetic free energy info": {
        "value": null
      }
    },
    "magnetics": {
      "unit cell spin polarization": {
        "value": 16.103
      },
      "atomic spin specie": {
        "value": [
"1 Co",
1.407,
"2 Co",
1.407,
"3 Co",
1.407,
"4 Co",
1.406,
"5 Co",
1.406,
"6 Co",
1.407,
"7 Co",
1.352,
"8 Co",
1.352,
"9 Co",
1.352,
"10 Co",
1.352,
"11 Co",
1.352,
"12 Co",
1.352,
"13 Ga",
-0.106,
"14 Ga",
-0.106,
"15 Ga",
-0.119,
"16 Ga",
-0.119
]
      },
      "saturation magnetization": {
        "value": 1.019
      },
      "magnetization temperature": {
        "value": 0
      },
      "magnetization info": {
        "value": "software VASP (vasp.5.4.4), k-points mesh 14x14x7, Ecut-off=401.952 eV, PAW_PBE, Co:PAW_PBE:02Aug2007, Ga:PAW_PBE:08Apr2002, Pressure=0.0 kbar, temperature=0K"
      },
      "magnetocrystalline anisotropy energy": {
        "value": [
0.0000000000000000,0,1.0000000000000000,-97.40011637,0.2588190451025207,0,0.9659258262890683,-97.40005541,0.5000000000000000,0,0.8660254037844386,-97.39989517,0.7071067811865476,0,0.7071067811865476,-97.39967912,0.8660254037844386,0,0.5000000000000000,-97.39946650,1.0000000000000000,0,0.0000000000000000,-97.39926088]
      },
      "anisotropy energy type": {
        "value": "uniaxial"
      },
      "magnetocrystalline anisotropy constants": {
        "value": [
0.779,-0.034]
      },
      "kind of anisotropy": {
        "value": "easy axis"
      },
      "anisotropy info": {
        "value": "software VASP (vasp.5.4.4) with spin-orbit coupling, k-points mesh 14x14x7, Ecut-off=401.952 eV, PAW_PBE, Co:PAW_PBE:02Aug2007, Ga:PAW_PBE:08Apr2002, Pressure=0.0 kbar, temperature=0K"
      },
      "exchange integrals": {
        "value": null
      },
      "exchange info": {
        "value": null
      },
      "magnetic order": {
        "value": null
      },
      "curie temperature": {
        "value": null
      },
      "curie temperature info": {
        "value": null
      },
      "anisotropy field": {
        "value": 1.754
      },
      "remanence": {
        "value": 1.019
      },
      "coercivity": {
        "value": 1.754
      },
      "energy product": {
        "value": 206.575
      },
      "hysteresis info": {
        "value": "Stoner-Wohlfarth model without shape anisotropy, perfectly rectangular hysteresis loop, temperature = 0 K. Remanence equals to saturation magnetization (Ms). Anisotropy field: mu_0*Hk=(2*K_1+4*K_2)/Ms, where mu_0 is the vacuum permeability. Coercivity: Hc=Hk. Maximum energy product (upper limit)=(1/4)*mu_0*Ms^2, note this value can only be reached if the demagnetization factor is D=0.5 and Hc>0.5*Ms."
      },
      "domain wall width": {
        "value": null
      },
      "domain wall info": {
        "value": null
      },
      "exchange stiffness": {
        "value": null
      },
      "exchange stiffness info": {
        "value": null
      }
    },
    "additional information": {
      "authors": {
        "value": ["ICCRAM"]
      },
      "reference": {
        "value": "S. Curtarolo et al. Computational Materials Science 58 (2012) 218-226"
      },
      "comments": {
        "value": "Hardness parameter=0.971"
      },
      "attached files": {
        "value": [
"Co12Ga4_#194_1A.cif",
"CONTCAR_Co12Ga4_#194_1A",
"Co12Ga4_#194_1A.png"
]
      },
      "attached files info": {
        "value": null
      }
    }
  }
}
