{
  "confidential": {
  "value": false
  }, 
  "name": "NOVAMAG_theory_ICCRAM_Co2Ga1_#164_1A",
  "properties": {
    "approach": {
      "value": "theory"
    },
    "summary": {
      "value": "crystal, energy, magnetization, MAE, coercivity, energy product"
    },
    "chemistry": {
      "chemical formula": {
        "value": "Co2Ga1"
      },
      "production info": {
        "value": "initial POSCAR from AFLOW library http://aflow.org/material.php?id=CoGa_h/546"
      }
    },
    "crystal": {
      "compound space group": {
        "value": 164
      },
      "unit cell volume": {
        "value": 35.733962
      },
      "lattice parameters": {
        "value": [
          3.98410,
          3.98410,
          2.59950
        ]
      },
      "lattice angles": {
        "value": [
          90.00000,
          90.00000,
          120.00000
        ]
      },
      "atomic positions": {
        "value": [
"Co1(2d)",
0.33333,
0.66667,
0.68444,
"Ga1(1a)",
0.00000,
0.00000,
0.00000
]
      },
      "crystal info": {
        "value": "software VASP (vasp.5.4.4), k-points mesh 17x17x23, Ecut-off=401.952 eV, PAW_PBE, Co:PAW_PBE:02Aug2007, Ga:PAW_PBE:08Apr2002, Pressure=0.0 kbar, temperature=0K"
      }
    },
    "thermodynamics": {
      "unit cell energy": {
        "value": -17.11200695
      },
      "unit cell formation enthalpy": {
        "value": -0.127894
      },
      "energy info": {
        "value": "software VASP (vasp.5.4.4), k-points mesh 17x17x23, Ecut-off=401.952 eV, PAW_PBE, Co:PAW_PBE:02Aug2007, Ga:PAW_PBE:08Apr2002, Pressure=0.0 kbar, temperature=0K"
      },
      "interatomic potentials info": {
        "value": null
      },
      "magnetic free energy": {
        "value": null
      },
      "magnetic free energy info": {
        "value": null
      }
    },
    "magnetics": {
      "unit cell spin polarization": {
        "value": 2.562
      },
      "atomic spin specie": {
        "value": [
"1 Co",
1.316,
"2 Co",
1.316,
"3 Ga",
-0.071
]
      },
      "saturation magnetization": {
        "value": 0.835
      },
      "magnetization temperature": {
        "value": 0
      },
      "magnetization info": {
        "value": "software VASP (vasp.5.4.4), k-points mesh 17x17x23, Ecut-off=401.952 eV, PAW_PBE, Co:PAW_PBE:02Aug2007, Ga:PAW_PBE:08Apr2002, Pressure=0.0 kbar, temperature=0K"
      },
      "magnetocrystalline anisotropy energy": {
        "value": [
0.0000000000000000,0,1.0000000000000000,-17.13223483,0.2588190451025207,0,0.9659258262890683,-17.13218543,0.5000000000000000,0,0.8660254037844386,-17.13205336,0.7071067811865476,0,0.7071067811865476,-17.13187516,0.8660254037844386,0,0.5000000000000000,-17.13169560,1.0000000000000000,0,0.0000000000000000,-17.13151510]
      },
      "anisotropy energy type": {
        "value": "uniaxial"
      },
      "magnetocrystalline anisotropy constants": {
        "value": [
3.236,-0.009]
      },
      "kind of anisotropy": {
        "value": "easy axis"
      },
      "anisotropy info": {
        "value": "software VASP (vasp.5.4.4) with spin-orbit coupling, k-points mesh 17x17x23, Ecut-off=401.952 eV, PAW_PBE, Co:PAW_PBE:02Aug2007, Ga:PAW_PBE:08Apr2002, Pressure=0.0 kbar, temperature=0K"
      },
      "exchange integrals": {
        "value": null
      },
      "exchange info": {
        "value": null
      },
      "magnetic order": {
        "value": null
      },
      "curie temperature": {
        "value": null
      },
      "curie temperature info": {
        "value": null
      },
      "anisotropy field": {
        "value": 9.686
      },
      "remanence": {
        "value": 0.835
      },
      "coercivity": {
        "value": 9.686
      },
      "energy product": {
        "value": 138.709
      },
      "hysteresis info": {
        "value": "Stoner-Wohlfarth model without shape anisotropy, perfectly rectangular hysteresis loop, temperature = 0 K. Remanence equals to saturation magnetization (Ms). Anisotropy field: mu_0*Hk=(2*K_1+4*K_2)/Ms, where mu_0 is the vacuum permeability. Coercivity: Hc=Hk. Maximum energy product (upper limit)=(1/4)*mu_0*Ms^2, note this value can only be reached if the demagnetization factor is D=0.5 and Hc>0.5*Ms."
      },
      "domain wall width": {
        "value": null
      },
      "domain wall info": {
        "value": null
      },
      "exchange stiffness": {
        "value": null
      },
      "exchange stiffness info": {
        "value": null
      }
    },
    "additional information": {
      "authors": {
        "value": ["ICCRAM"]
      },
      "reference": {
        "value": "S. Curtarolo et al. Computational Materials Science 58 (2012) 218-226"
      },
      "comments": {
        "value": "Hardness parameter=2.415"
      },
      "attached files": {
        "value": [
"Co2Ga1_#164_1A.cif",
"CONTCAR_Co2Ga1_#164_1A",
"Co2Ga1_#164_1A.png"
]
      },
      "attached files info": {
        "value": null
      }
    }
  }
}
