{
  "confidential": {
  "value": false
  }, 
  "name": "NOVAMAG_theory_ICCRAM_Co4Ga2_#129_1A",
  "properties": {
    "approach": {
      "value": "theory"
    },
    "summary": {
      "value": "crystal, energy, magnetization, MAE, coercivity, energy product"
    },
    "chemistry": {
      "chemical formula": {
        "value": "Co4Ga2"
      },
      "production info": {
        "value": "initial POSCAR from AFLOW library http://aflow.org/material.php?id=CoGa_h/228"
      }
    },
    "crystal": {
      "compound space group": {
        "value": 129
      },
      "unit cell volume": {
        "value": 74.624856
      },
      "lattice parameters": {
        "value": [
          3.50798,
          3.50798,
          6.06414
        ]
      },
      "lattice angles": {
        "value": [
          90.00000,
          90.00000,
          90.00000
        ]
      },
      "atomic positions": {
        "value": [
"Co1(2a)",
0.75000,
0.25000,
0.00000,
"Co2(2c)",
0.25000,
0.25000,
0.30212,
"Ga1(2c)",
0.25000,
0.25000,
0.70177
]
      },
      "crystal info": {
        "value": "software VASP (vasp.5.4.4), k-points mesh 17x17x10, Ecut-off=401.952 eV, PAW_PBE, Co:PAW_PBE:02Aug2007, Ga:PAW_PBE:08Apr2002, Pressure=0.0 kbar, temperature=0K"
      }
    },
    "thermodynamics": {
      "unit cell energy": {
        "value": -34.11258672
      },
      "unit cell formation enthalpy": {
        "value": -0.144361
      },
      "energy info": {
        "value": "software VASP (vasp.5.4.4), k-points mesh 17x17x10, Ecut-off=401.952 eV, PAW_PBE, Co:PAW_PBE:02Aug2007, Ga:PAW_PBE:08Apr2002, Pressure=0.0 kbar, temperature=0K"
      },
      "interatomic potentials info": {
        "value": null
      },
      "magnetic free energy": {
        "value": null
      },
      "magnetic free energy info": {
        "value": null
      }
    },
    "magnetics": {
      "unit cell spin polarization": {
        "value": 4.863
      },
      "atomic spin specie": {
        "value": [
"1 Co",
1.392,
"2 Co",
1.392,
"3 Co",
1.139,
"4 Co",
1.139,
"5 Ga",
-0.100,
"6 Ga",
-0.100
]
      },
      "saturation magnetization": {
        "value": 0.759
      },
      "magnetization temperature": {
        "value": 0
      },
      "magnetization info": {
        "value": "software VASP (vasp.5.4.4), k-points mesh 17x17x10, Ecut-off=401.952 eV, PAW_PBE, Co:PAW_PBE:02Aug2007, Ga:PAW_PBE:08Apr2002, Pressure=0.0 kbar, temperature=0K"
      },
      "magnetocrystalline anisotropy energy": {
        "value": [
0.0000000000000000,0,1.0000000000000000,-34.15237864,0.2588190451025207,0,0.9659258262890683,-34.15237234,0.5000000000000000,0,0.8660254037844386,-34.15235143,0.7071067811865476,0,0.7071067811865476,-34.15231977,0.8660254037844386,0,0.5000000000000000,-34.15228481,1.0000000000000000,0,0.0000000000000000,-34.15224105]
      },
      "anisotropy energy type": {
        "value": "uniaxial"
      },
      "magnetocrystalline anisotropy constants": {
        "value": [
0.207,0.086]
      },
      "kind of anisotropy": {
        "value": "easy axis"
      },
      "anisotropy info": {
        "value": "software VASP (vasp.5.4.4) with spin-orbit coupling, k-points mesh 17x17x10, Ecut-off=401.952 eV, PAW_PBE, Co:PAW_PBE:02Aug2007, Ga:PAW_PBE:08Apr2002, Pressure=0.0 kbar, temperature=0K"
      },
      "exchange integrals": {
        "value": null
      },
      "exchange info": {
        "value": null
      },
      "magnetic order": {
        "value": null
      },
      "curie temperature": {
        "value": null
      },
      "curie temperature info": {
        "value": null
      },
      "anisotropy field": {
        "value": 1.255
      },
      "remanence": {
        "value": 0.759
      },
      "coercivity": {
        "value": 1.255
      },
      "energy product": {
        "value": 114.608
      },
      "hysteresis info": {
        "value": "Stoner-Wohlfarth model without shape anisotropy, perfectly rectangular hysteresis loop, temperature = 0 K. Remanence equals to saturation magnetization (Ms). Anisotropy field: mu_0*Hk=(2*K_1+4*K_2)/Ms, where mu_0 is the vacuum permeability. Coercivity: Hc=Hk. Maximum energy product (upper limit)=(1/4)*mu_0*Ms^2, note this value can only be reached if the demagnetization factor is D=0.5 and Hc>0.5*Ms."
      },
      "domain wall width": {
        "value": null
      },
      "domain wall info": {
        "value": null
      },
      "exchange stiffness": {
        "value": null
      },
      "exchange stiffness info": {
        "value": null
      }
    },
    "additional information": {
      "authors": {
        "value": ["ICCRAM"]
      },
      "reference": {
        "value": "S. Curtarolo et al. Computational Materials Science 58 (2012) 218-226"
      },
      "comments": {
        "value": "Hardness parameter=0.672"
      },
      "attached files": {
        "value": [
"Co4Ga2_#129_1A.cif",
"CONTCAR_Co4Ga2_#129_1A",
"Co4Ga2_#129_1A.png"
]
      },
      "attached files info": {
        "value": null
      }
    }
  }
}
