{
  "confidential": {
  "value": false
  }, 
  "name": "NOVAMAG_theory_ICCRAM_Co5Ga1_#123_1A",
  "properties": {
    "approach": {
      "value": "theory"
    },
    "summary": {
      "value": "crystal, energy, magnetization, MAE"
    },
    "chemistry": {
      "chemical formula": {
        "value": "Co5Ga1"
      },
      "production info": {
        "value": "initial POSCAR from AFLOW library http://aflow.org/material.php?id=CoGa_h/477"
      }
    },
    "crystal": {
      "compound space group": {
        "value": 123
      },
      "unit cell volume": {
        "value": 67.790850
      },
      "lattice parameters": {
        "value": [
          2.59296,
          2.59296,
          10.08278
        ]
      },
      "lattice angles": {
        "value": [
          90.00000,
          90.00000,
          90.00000
        ]
      },
      "atomic positions": {
        "value": [
"Co1(2g)",
0.00000,
0.00000,
0.82494,
"Co2(2h)",
0.50000,
0.50000,
0.66558,
"Co3(1b)",
0.00000,
0.00000,
0.50000,
"Ga1(1c)",
0.50000,
0.50000,
0.00000
]
      },
      "crystal info": {
        "value": "software VASP (vasp.5.4.4), k-points mesh 23x23x6, Ecut-off=401.952 eV, PAW_PBE, Co:PAW_PBE:02Aug2007, Ga:PAW_PBE:08Apr2002, Pressure=0.0 kbar, temperature=0K"
      }
    },
    "thermodynamics": {
      "unit cell energy": {
        "value": -38.22895988
      },
      "unit cell formation enthalpy": {
        "value": -0.136888
      },
      "energy info": {
        "value": "software VASP (vasp.5.4.4), k-points mesh 23x23x6, Ecut-off=401.952 eV, PAW_PBE, Co:PAW_PBE:02Aug2007, Ga:PAW_PBE:08Apr2002, Pressure=0.0 kbar, temperature=0K"
      },
      "interatomic potentials info": {
        "value": null
      },
      "magnetic free energy": {
        "value": null
      },
      "magnetic free energy info": {
        "value": null
      }
    },
    "magnetics": {
      "unit cell spin polarization": {
        "value": 7.265
      },
      "atomic spin specie": {
        "value": [
"1 Co",
1.128,
"2 Co",
1.128,
"3 Co",
1.708,
"4 Co",
1.708,
"5 Co",
1.673,
"6 Ga",
-0.080
]
      },
      "saturation magnetization": {
        "value": 1.248
      },
      "magnetization temperature": {
        "value": 0
      },
      "magnetization info": {
        "value": "software VASP (vasp.5.4.4), k-points mesh 23x23x6, Ecut-off=401.952 eV, PAW_PBE, Co:PAW_PBE:02Aug2007, Ga:PAW_PBE:08Apr2002, Pressure=0.0 kbar, temperature=0K"
      },
      "magnetocrystalline anisotropy energy": {
        "value": [
0.0000000000000000,0,1.0000000000000000,-38.27378111,0.2588190451025207,0,0.9659258262890683,-38.27378771,0.5000000000000000,0,0.8660254037844386,-38.27380501,0.7071067811865476,0,0.7071067811865476,-38.27382868,0.8660254037844386,0,0.5000000000000000,-38.27385111,1.0000000000000000,0,0.0000000000000000,-38.27387286]
      },
      "anisotropy energy type": {
        "value": "uniaxial"
      },
      "magnetocrystalline anisotropy constants": {
        "value": [
-0.232,0.015]
      },
      "kind of anisotropy": {
        "value": "easy plane"
      },
      "anisotropy info": {
        "value": "software VASP (vasp.5.4.4) with spin-orbit coupling, k-points mesh 23x23x6, Ecut-off=401.952 eV, PAW_PBE, Co:PAW_PBE:02Aug2007, Ga:PAW_PBE:08Apr2002, Pressure=0.0 kbar, temperature=0K"
      },
      "exchange integrals": {
        "value": null
      },
      "exchange info": {
        "value": null
      },
      "magnetic order": {
        "value": null
      },
      "curie temperature": {
        "value": null
      },
      "curie temperature info": {
        "value": null
      },
      "anisotropy field": {
        "value": null
      },
      "remanence": {
        "value": null
      },
      "coercivity": {
        "value": null
      },
      "energy product": {
        "value": null
      },
      "hysteresis info": {
        "value": null
      },
      "domain wall width": {
        "value": null
      },
      "domain wall info": {
        "value": null
      },
      "exchange stiffness": {
        "value": null
      },
      "exchange stiffness info": {
        "value": null
      }
    },
    "additional information": {
      "authors": {
        "value": ["ICCRAM"]
      },
      "reference": {
        "value": "S. Curtarolo et al. Computational Materials Science 58 (2012) 218-226"
      },
      "comments": {
        "value": null
      },
      "attached files": {
        "value": [
"Co5Ga1_#123_1A.cif",
"CONTCAR_Co5Ga1_#123_1A",
"Co5Ga1_#123_1A.png"
]
      },
      "attached files info": {
        "value": null
      }
    }
  }
}
