{
  "confidential": {
  "value": false
  }, 
  "name": "NOVAMAG_theory_ICCRAM_Co6Ga2_#139_1A",
  "properties": {
    "approach": {
      "value": "theory"
    },
    "summary": {
      "value": "crystal, energy, magnetization, MAE"
    },
    "chemistry": {
      "chemical formula": {
        "value": "Co6Ga2"
      },
      "production info": {
        "value": "initial POSCAR from AFLOW library http://aflow.org/material.php?id=CoGa_h/24"
      }
    },
    "crystal": {
      "compound space group": {
        "value": 139
      },
      "unit cell volume": {
        "value": 91.641951
      },
      "lattice parameters": {
        "value": [
          3.66517,
          3.66517,
          6.82190
        ]
      },
      "lattice angles": {
        "value": [
          90.00000,
          90.00000,
          90.00000
        ]
      },
      "atomic positions": {
        "value": [
"Co1(4d)",
0.00000,
0.50000,
0.25000,
"Co2(2b)",
0.00000,
0.00000,
0.50000,
"Ga1(2a)",
0.00000,
0.00000,
0.00000
]
      },
      "crystal info": {
        "value": "software VASP (vasp.5.4.4), k-points mesh 16x16x9, Ecut-off=401.952 eV, PAW_PBE, Co:PAW_PBE:02Aug2007, Ga:PAW_PBE:08Apr2002, Pressure=0.0 kbar, temperature=0K"
      }
    },
    "thermodynamics": {
      "unit cell energy": {
        "value": -48.74373627
      },
      "unit cell formation enthalpy": {
        "value": -0.703538
      },
      "energy info": {
        "value": "software VASP (vasp.5.4.4), k-points mesh 16x16x9, Ecut-off=401.952 eV, PAW_PBE, Co:PAW_PBE:02Aug2007, Ga:PAW_PBE:08Apr2002, Pressure=0.0 kbar, temperature=0K"
      },
      "interatomic potentials info": {
        "value": null
      },
      "magnetic free energy": {
        "value": null
      },
      "magnetic free energy info": {
        "value": null
      }
    },
    "magnetics": {
      "unit cell spin polarization": {
        "value": 7.599
      },
      "atomic spin specie": {
        "value": [
"1 Co",
1.168,
"2 Co",
1.168,
"3 Co",
1.168,
"4 Co",
1.168,
"5 Co",
1.564,
"6 Co",
1.561,
"7 Ga",
-0.099,
"8 Ga",
-0.099
]
      },
      "saturation magnetization": {
        "value": 0.966
      },
      "magnetization temperature": {
        "value": 0
      },
      "magnetization info": {
        "value": "software VASP (vasp.5.4.4), k-points mesh 16x16x9, Ecut-off=401.952 eV, PAW_PBE, Co:PAW_PBE:02Aug2007, Ga:PAW_PBE:08Apr2002, Pressure=0.0 kbar, temperature=0K"
      },
      "magnetocrystalline anisotropy energy": {
        "value": [
0.0000000000000000,0,1.0000000000000000,-48.80262583,0.2588190451025207,0,0.9659258262890683,-48.80272681,0.5000000000000000,0,0.8660254037844386,-48.80300029,0.7071067811865476,0,0.7071067811865476,-48.80337023,0.8660254037844386,0,0.5000000000000000,-48.80373891,1.0000000000000000,0,0.0000000000000000,-48.80410223]
      },
      "anisotropy energy type": {
        "value": "uniaxial"
      },
      "magnetocrystalline anisotropy constants": {
        "value": [
-2.628,0.046]
      },
      "kind of anisotropy": {
        "value": "easy plane"
      },
      "anisotropy info": {
        "value": "software VASP (vasp.5.4.4) with spin-orbit coupling, k-points mesh 16x16x9, Ecut-off=401.952 eV, PAW_PBE, Co:PAW_PBE:02Aug2007, Ga:PAW_PBE:08Apr2002, Pressure=0.0 kbar, temperature=0K"
      },
      "exchange integrals": {
        "value": null
      },
      "exchange info": {
        "value": null
      },
      "magnetic order": {
        "value": null
      },
      "curie temperature": {
        "value": null
      },
      "curie temperature info": {
        "value": null
      },
      "anisotropy field": {
        "value": null
      },
      "remanence": {
        "value": null
      },
      "coercivity": {
        "value": null
      },
      "energy product": {
        "value": null
      },
      "hysteresis info": {
        "value": null
      },
      "domain wall width": {
        "value": null
      },
      "domain wall info": {
        "value": null
      },
      "exchange stiffness": {
        "value": null
      },
      "exchange stiffness info": {
        "value": null
      }
    },
    "additional information": {
      "authors": {
        "value": ["ICCRAM"]
      },
      "reference": {
        "value": "S. Curtarolo et al. Computational Materials Science 58 (2012) 218-226"
      },
      "comments": {
        "value": null
      },
      "attached files": {
        "value": [
"Co6Ga2_#139_1A.cif",
"CONTCAR_Co6Ga2_#139_1A",
"Co6Ga2_#139_1A.png"
]
      },
      "attached files info": {
        "value": null
      }
    }
  }
}
