{
  "confidential": {
  "value": false
  }, 
  "name": "NOVAMAG_theory_ICCRAM_Co9Ga6_#166_1A",
  "properties": {
    "approach": {
      "value": "theory"
    },
    "summary": {
      "value": "crystal, energy, magnetization, MAE"
    },
    "chemistry": {
      "chemical formula": {
        "value": "Co9Ga6"
      },
      "production info": {
        "value": "initial POSCAR from AFLOW library http://aflow.org/material.php?id=CoGa_h/259"
      }
    },
    "crystal": {
      "compound space group": {
        "value": 166
      },
      "unit cell volume": {
        "value": 185.071737
      },
      "lattice parameters": {
        "value": [
          2.69799,
          2.69799,
          29.35814
        ]
      },
      "lattice angles": {
        "value": [
          90.00000,
          90.00000,
          120.00000
        ]
      },
      "atomic positions": {
        "value": [
"Co1(3a)",
0.00000,
0.00000,
0.00000,
"Co2(6c)",
0.00000,
0.00000,
0.19845,
"Ga1(6c)",
0.00000,
0.00000,
0.60055
]
      },
      "crystal info": {
        "value": "software VASP (vasp.5.4.4), k-points mesh 26x26x2, Ecut-off=401.952 eV, PAW_PBE, Co:PAW_PBE:02Aug2007, Ga:PAW_PBE:08Apr2002, Pressure=0.0 kbar, temperature=0K"
      }
    },
    "thermodynamics": {
      "unit cell energy": {
        "value": -81.03835305
      },
      "unit cell formation enthalpy": {
        "value": -0.241636
      },
      "energy info": {
        "value": "software VASP (vasp.5.4.4), k-points mesh 26x26x2, Ecut-off=401.952 eV, PAW_PBE, Co:PAW_PBE:02Aug2007, Ga:PAW_PBE:08Apr2002, Pressure=0.0 kbar, temperature=0K"
      },
      "interatomic potentials info": {
        "value": null
      },
      "magnetic free energy": {
        "value": null
      },
      "magnetic free energy info": {
        "value": null
      }
    },
    "magnetics": {
      "unit cell spin polarization": {
        "value": 5.975
      },
      "atomic spin specie": {
        "value": [
"1 Co",
-0.826,
"2 Co",
-0.824,
"3 Co",
-0.825,
"4 Co",
1.430,
"5 Co",
1.430,
"6 Co",
1.430,
"7 Co",
1.431,
"8 Co",
1.431,
"9 Co",
1.430,
"10 Ga",
-0.022,
"11 Ga",
-0.022,
"12 Ga",
-0.022,
"13 Ga",
-0.022,
"14 Ga",
-0.022,
"15 Ga",
-0.022
]
      },
      "saturation magnetization": {
        "value": 0.376
      },
      "magnetization temperature": {
        "value": 0
      },
      "magnetization info": {
        "value": "software VASP (vasp.5.4.4), k-points mesh 26x26x2, Ecut-off=401.952 eV, PAW_PBE, Co:PAW_PBE:02Aug2007, Ga:PAW_PBE:08Apr2002, Pressure=0.0 kbar, temperature=0K"
      },
      "magnetocrystalline anisotropy energy": {
        "value": [
0.0000000000000000,0,1.0000000000000000,-81.13044092,0.2588190451025207,0,0.9659258262890683,-81.13047537,0.5000000000000000,0,0.8660254037844386,-81.13056862,0.7071067811865476,0,0.7071067811865476,-81.13069733,0.8660254037844386,0,0.5000000000000000,-81.13082718,1.0000000000000000,0,0.0000000000000000,-81.13095802]
      },
      "anisotropy energy type": {
        "value": "uniaxial"
      },
      "magnetocrystalline anisotropy constants": {
        "value": [
-0.441,-0.007]
      },
      "kind of anisotropy": {
        "value": "easy plane"
      },
      "anisotropy info": {
        "value": "software VASP (vasp.5.4.4) with spin-orbit coupling, k-points mesh 26x26x2, Ecut-off=401.952 eV, PAW_PBE, Co:PAW_PBE:02Aug2007, Ga:PAW_PBE:08Apr2002, Pressure=0.0 kbar, temperature=0K"
      },
      "exchange integrals": {
        "value": null
      },
      "exchange info": {
        "value": null
      },
      "magnetic order": {
        "value": null
      },
      "curie temperature": {
        "value": null
      },
      "curie temperature info": {
        "value": null
      },
      "anisotropy field": {
        "value": null
      },
      "remanence": {
        "value": null
      },
      "coercivity": {
        "value": null
      },
      "energy product": {
        "value": null
      },
      "hysteresis info": {
        "value": null
      },
      "domain wall width": {
        "value": null
      },
      "domain wall info": {
        "value": null
      },
      "exchange stiffness": {
        "value": null
      },
      "exchange stiffness info": {
        "value": null
      }
    },
    "additional information": {
      "authors": {
        "value": ["ICCRAM"]
      },
      "reference": {
        "value": "S. Curtarolo et al. Computational Materials Science 58 (2012) 218-226"
      },
      "comments": {
        "value": null
      },
      "attached files": {
        "value": [
"Co9Ga6_#166_1A.cif",
"CONTCAR_Co9Ga6_#166_1A",
"Co9Ga6_#166_1A.png"
]
      },
      "attached files info": {
        "value": null
      }
    }
  }
}
