{
  "confidential": {
  "value": false
  }, 
  "name": "NOVAMAG_theory_ICCRAM_Fe16Re8_#194_1A",
  "properties": {
    "approach": {
      "value": "theory"
    },
    "summary": {
      "value": "crystal, energy, magnetization, MAE"
    },
    "chemistry": {
      "chemical formula": {
        "value": "Fe16Re8"
      },
      "production info": {
        "value": "initial POSCAR from AFLOW library http://aflow.org/material.php?id=Fe_pvRe_pv/316"
      }
    },
    "crystal": {
      "compound space group": {
        "value": 194
      },
      "unit cell volume": {
        "value": 283.934101
      },
      "lattice parameters": {
        "value": [
          4.64288,
          4.64288,
          15.20942
        ]
      },
      "lattice angles": {
        "value": [
          90.00000,
          90.00000,
          120.00000
        ]
      },
      "atomic positions": {
        "value": [
"Fe1(4f)",
0.33333,
0.66667,
0.62628,
"Fe2(6g)",
0.50000,
0.00000,
0.00000,
"Fe3(6h)",
0.83728,
0.67456,
0.25000,
"Re1(4e)",
0.00000,
0.00000,
0.09297,
"Re2(4f)",
0.33333,
0.66667,
0.34335
]
      },
      "crystal info": {
        "value": "software VASP (vasp.5.4.4), k-points mesh 15x15x4, Ecut-off=401.823 eV, PAW_PBE, Fe:PAW_PBE:06Sep2000, Re:PAW_PBE:17Jan2003, Pressure=0.0 kbar, temperature=0K"
      }
    },
    "thermodynamics": {
      "unit cell energy": {
        "value": -231.50148855
      },
      "unit cell formation enthalpy": {
        "value": -0.309684
      },
      "energy info": {
        "value": "software VASP (vasp.5.4.4), k-points mesh 15x15x4, Ecut-off=401.823 eV, PAW_PBE, Fe:PAW_PBE:06Sep2000, Re:PAW_PBE:17Jan2003, Pressure=0.0 kbar, temperature=0K"
      },
      "interatomic potentials info": {
        "value": null
      },
      "magnetic free energy": {
        "value": null
      },
      "magnetic free energy info": {
        "value": null
      }
    },
    "magnetics": {
      "unit cell spin polarization": {
        "value": 18.969
      },
      "atomic spin specie": {
        "value": [
"1 Fe",
1.124,
"2 Fe",
1.133,
"3 Fe",
1.125,
"4 Fe",
1.132,
"5 Fe",
1.361,
"6 Fe",
1.360,
"7 Fe",
1.361,
"8 Fe",
1.361,
"9 Fe",
1.362,
"10 Fe",
1.361,
"11 Fe",
1.304,
"12 Fe",
1.306,
"13 Fe",
1.304,
"14 Fe",
1.306,
"15 Fe",
1.304,
"16 Fe",
1.306,
"17 Re",
-0.169,
"18 Re",
-0.170,
"19 Re",
-0.169,
"20 Re",
-0.170,
"21 Re",
-0.215,
"22 Re",
-0.215,
"23 Re",
-0.215,
"24 Re",
-0.215
]
      },
      "saturation magnetization": {
        "value": 0.778
      },
      "magnetization temperature": {
        "value": 0
      },
      "magnetization info": {
        "value": "software VASP (vasp.5.4.4), k-points mesh 15x15x4, Ecut-off=401.823 eV, PAW_PBE, Fe:PAW_PBE:06Sep2000, Re:PAW_PBE:17Jan2003, Pressure=0.0 kbar, temperature=0K"
      },
      "magnetocrystalline anisotropy energy": {
        "value": [
0.0000000000000000,0,1.0000000000000000,-233.97337362,0.2588190451025207,0,0.9659258262890683,-233.97356902,0.5000000000000000,0,0.8660254037844386,-233.97409739,0.7071067811865476,0,0.7071067811865476,-233.97497816,0.8660254037844386,0,0.5000000000000000,-233.97591011,1.0000000000000000,0,0.0000000000000000,-233.97691260]
      },
      "anisotropy energy type": {
        "value": "uniaxial"
      },
      "magnetocrystalline anisotropy constants": {
        "value": [
-1.594,-0.408]
      },
      "kind of anisotropy": {
        "value": "easy plane"
      },
      "anisotropy info": {
        "value": "software VASP (vasp.5.4.4) with spin-orbit coupling, k-points mesh 15x15x4, Ecut-off=401.823 eV, PAW_PBE, Fe:PAW_PBE:06Sep2000, Re:PAW_PBE:17Jan2003, Pressure=0.0 kbar, temperature=0K"
      },
      "exchange integrals": {
        "value": null
      },
      "exchange info": {
        "value": null
      },
      "magnetic order": {
        "value": null
      },
      "curie temperature": {
        "value": null
      },
      "curie temperature info": {
        "value": null
      },
      "anisotropy field": {
        "value": null
      },
      "remanence": {
        "value": null
      },
      "coercivity": {
        "value": null
      },
      "energy product": {
        "value": null
      },
      "hysteresis info": {
        "value": null
      },
      "domain wall width": {
        "value": null
      },
      "domain wall info": {
        "value": null
      },
      "exchange stiffness": {
        "value": null
      },
      "exchange stiffness info": {
        "value": null
      }
    },
    "additional information": {
      "authors": {
        "value": ["ICCRAM"]
      },
      "reference": {
        "value": "S. Curtarolo et al. Computational Materials Science 58 (2012) 218-226"
      },
      "comments": {
        "value": null
      },
      "attached files": {
        "value": [
"Fe16Re8_#194_1A.cif",
"CONTCAR_Fe16Re8_#194_1A",
"Fe16Re8_#194_1A.png"
]
      },
      "attached files info": {
        "value": null
      }
    }
  }
}
