{
  "confidential": {
  "value": false
  }, 
  "name": "NOVAMAG_theory_ICCRAM_B1Co3_#123_1A",
  "properties": {
    "approach": {
      "value": "theory"
    },
    "summary": {
      "value": "crystal, energy, magnetization, MAE, coercivity, energy product"
    },
    "chemistry": {
      "chemical formula": {
        "value": "B1Co3"
      },
      "production info": {
        "value": "initial POSCAR from AFLOW library http://aflow.org/material.php?id=B_hCo/82"
      }
    },
    "crystal": {
      "compound space group": {
        "value": 123
      },
      "unit cell volume": {
        "value": 37.867543
      },
      "lattice parameters": {
        "value": [
          3.81068,
          3.81068,
          2.60773
        ]
      },
      "lattice angles": {
        "value": [
          90.00000,
          90.00000,
          90.00000
        ]
      },
      "atomic positions": {
        "value": [
"B1(1a)",
0.00000,
0.00000,
0.00000,
"Co1(2e)",
0.00000,
0.50000,
0.50000,
"Co2(1c)",
0.50000,
0.50000,
0.00000
]
      },
      "crystal info": {
        "value": "software VASP (vasp.5.4.4), k-points mesh 16x16x23, Ecut-off=477.921 eV, PAW_PBE, B:PAW_PBE:06Sep2000, Co:PAW_PBE:02Aug2007, Pressure=0.0 kbar, temperature=0K"
      }
    },
    "thermodynamics": {
      "unit cell energy": {
        "value": -26.93355883
      },
      "unit cell formation enthalpy": {
        "value": 0.875779
      },
      "energy info": {
        "value": "software VASP (vasp.5.4.4), k-points mesh 16x16x23, Ecut-off=477.921 eV, PAW_PBE, B:PAW_PBE:06Sep2000, Co:PAW_PBE:02Aug2007, Pressure=0.0 kbar, temperature=0K"
      },
      "interatomic potentials info": {
        "value": null
      },
      "magnetic free energy": {
        "value": null
      },
      "magnetic free energy info": {
        "value": null
      }
    },
    "magnetics": {
      "unit cell spin polarization": {
        "value": 3.632
      },
      "atomic spin specie": {
        "value": [
"1 B",
-0.031,
"2 Co",
1.027,
"3 Co",
1.027,
"4 Co",
1.609
]
      },
      "saturation magnetization": {
        "value": 1.117
      },
      "magnetization temperature": {
        "value": 0
      },
      "magnetization info": {
        "value": "software VASP (vasp.5.4.4), k-points mesh 16x16x23, Ecut-off=477.921 eV, PAW_PBE, B:PAW_PBE:06Sep2000, Co:PAW_PBE:02Aug2007, Pressure=0.0 kbar, temperature=0K"
      },
      "magnetocrystalline anisotropy energy": {
        "value": [
0.0000000000000000,0,1.0000000000000000,-26.95801448,0.2588190451025207,0,0.9659258262890683,-26.95801146,0.5000000000000000,0,0.8660254037844386,-26.95800249,0.7071067811865476,0,0.7071067811865476,-26.95798975,0.8660254037844386,0,0.5000000000000000,-26.95797614,1.0000000000000000,0,0.0000000000000000,-26.95795929]
      },
      "anisotropy energy type": {
        "value": "uniaxial"
      },
      "magnetocrystalline anisotropy constants": {
        "value": [
0.186,0.042]
      },
      "kind of anisotropy": {
        "value": "easy axis"
      },
      "anisotropy info": {
        "value": "software VASP (vasp.5.4.4) with spin-orbit coupling, k-points mesh 16x16x23, Ecut-off=477.921 eV, PAW_PBE, B:PAW_PBE:06Sep2000, Co:PAW_PBE:02Aug2007, Pressure=0.0 kbar, temperature=0K"
      },
      "exchange integrals": {
        "value": null
      },
      "exchange info": {
        "value": null
      },
      "magnetic order": {
        "value": null
      },
      "curie temperature": {
        "value": null
      },
      "curie temperature info": {
        "value": null
      },
      "anisotropy field": {
        "value": 0.608
      },
      "remanence": {
        "value": 1.117
      },
      "coercivity": {
        "value": 0.608
      },
      "energy product": {
        "value": 248.220
      },
      "hysteresis info": {
        "value": "Stoner-Wohlfarth model without shape anisotropy, perfectly rectangular hysteresis loop, temperature = 0 K. Remanence equals to saturation magnetization (Ms). Anisotropy field: mu_0*Hk=(2*K_1+4*K_2)/Ms, where mu_0 is the vacuum permeability. Coercivity: Hc=Hk. Maximum energy product (upper limit)=(1/4)*mu_0*Ms^2, note this value can only be reached if the demagnetization factor is D=0.5 and Hc>0.5*Ms."
      },
      "domain wall width": {
        "value": null
      },
      "domain wall info": {
        "value": null
      },
      "exchange stiffness": {
        "value": null
      },
      "exchange stiffness info": {
        "value": null
      }
    },
    "additional information": {
      "authors": {
        "value": ["ICCRAM"]
      },
      "reference": {
        "value": "S. Curtarolo et al. Computational Materials Science 58 (2012) 218-226"
      },
      "comments": {
        "value": "Hardness parameter=0.433"
      },
      "attached files": {
        "value": [
"B1Co3_#123_1A.cif",
"CONTCAR_B1Co3_#123_1A",
"B1Co3_#123_1A.png"
]
      },
      "attached files info": {
        "value": null
      }
    }
  }
}
