{
  "confidential": {
  "value": false
  }, 
  "name": "NOVAMAG_theory_ICCRAM_B2Co16_#139_1A",
  "properties": {
    "approach": {
      "value": "theory"
    },
    "summary": {
      "value": "crystal, energy, magnetization, MAE"
    },
    "chemistry": {
      "chemical formula": {
        "value": "B2Co16"
      },
      "production info": {
        "value": "initial POSCAR from AFLOW library http://aflow.org/material.php?id=B_hCo/312"
      }
    },
    "crystal": {
      "compound space group": {
        "value": 139
      },
      "unit cell volume": {
        "value": 183.960723
      },
      "lattice parameters": {
        "value": [
          7.31686,
          7.31686,
          3.43618
        ]
      },
      "lattice angles": {
        "value": [
          90.00000,
          90.00000,
          90.00000
        ]
      },
      "atomic positions": {
        "value": [
"B1(2a)",
0.00000,
0.00000,
0.00000,
"Co1(8h)",
0.66213,
0.66213,
0.00000,
"Co2(8i)",
0.33042,
0.00000,
0.00000
]
      },
      "crystal info": {
        "value": "software VASP (vasp.5.4.4), k-points mesh 8x8x17, Ecut-off=477.921 eV, PAW_PBE, B:PAW_PBE:06Sep2000, Co:PAW_PBE:02Aug2007, Pressure=0.0 kbar, temperature=0K"
      }
    },
    "thermodynamics": {
      "unit cell energy": {
        "value": -124.12330431
      },
      "unit cell formation enthalpy": {
        "value": 1.847978
      },
      "energy info": {
        "value": "software VASP (vasp.5.4.4), k-points mesh 8x8x17, Ecut-off=477.921 eV, PAW_PBE, B:PAW_PBE:06Sep2000, Co:PAW_PBE:02Aug2007, Pressure=0.0 kbar, temperature=0K"
      },
      "interatomic potentials info": {
        "value": null
      },
      "magnetic free energy": {
        "value": null
      },
      "magnetic free energy info": {
        "value": null
      }
    },
    "magnetics": {
      "unit cell spin polarization": {
        "value": 23.832
      },
      "atomic spin specie": {
        "value": [
"1 B",
-0.111,
"2 B",
-0.111,
"3 Co",
1.497,
"4 Co",
1.497,
"5 Co",
1.497,
"6 Co",
1.497,
"7 Co",
1.497,
"8 Co",
1.497,
"9 Co",
1.497,
"10 Co",
1.497,
"11 Co",
1.510,
"12 Co",
1.510,
"13 Co",
1.510,
"14 Co",
1.510,
"15 Co",
1.510,
"16 Co",
1.510,
"17 Co",
1.510,
"18 Co",
1.510
]
      },
      "saturation magnetization": {
        "value": 1.509
      },
      "magnetization temperature": {
        "value": 0
      },
      "magnetization info": {
        "value": "software VASP (vasp.5.4.4), k-points mesh 8x8x17, Ecut-off=477.921 eV, PAW_PBE, B:PAW_PBE:06Sep2000, Co:PAW_PBE:02Aug2007, Pressure=0.0 kbar, temperature=0K"
      },
      "magnetocrystalline anisotropy energy": {
        "value": [
0.0000000000000000,0,1.0000000000000000,-124.25586562,0.2588190451025207,0,0.9659258262890683,-124.25588665,0.5000000000000000,0,0.8660254037844386,-124.25594312,0.7071067811865476,0,0.7071067811865476,-124.25602063,0.8660254037844386,0,0.5000000000000000,-124.25609779,1.0000000000000000,0,0.0000000000000000,-124.25617377]
      },
      "anisotropy energy type": {
        "value": "uniaxial"
      },
      "magnetocrystalline anisotropy constants": {
        "value": [
-0.272,0.003]
      },
      "kind of anisotropy": {
        "value": "easy plane"
      },
      "anisotropy info": {
        "value": "software VASP (vasp.5.4.4) with spin-orbit coupling, k-points mesh 8x8x17, Ecut-off=477.921 eV, PAW_PBE, B:PAW_PBE:06Sep2000, Co:PAW_PBE:02Aug2007, Pressure=0.0 kbar, temperature=0K"
      },
      "exchange integrals": {
        "value": null
      },
      "exchange info": {
        "value": null
      },
      "magnetic order": {
        "value": null
      },
      "curie temperature": {
        "value": null
      },
      "curie temperature info": {
        "value": null
      },
      "anisotropy field": {
        "value": null
      },
      "remanence": {
        "value": null
      },
      "coercivity": {
        "value": null
      },
      "energy product": {
        "value": null
      },
      "hysteresis info": {
        "value": null
      },
      "domain wall width": {
        "value": null
      },
      "domain wall info": {
        "value": null
      },
      "exchange stiffness": {
        "value": null
      },
      "exchange stiffness info": {
        "value": null
      }
    },
    "additional information": {
      "authors": {
        "value": ["ICCRAM"]
      },
      "reference": {
        "value": "S. Curtarolo et al. Computational Materials Science 58 (2012) 218-226"
      },
      "comments": {
        "value": null
      },
      "attached files": {
        "value": [
"B2Co16_#139_1A.cif",
"CONTCAR_B2Co16_#139_1A",
"B2Co16_#139_1A.png"
]
      },
      "attached files info": {
        "value": null
      }
    }
  }
}
