{
  "confidential": {
  "value": false
  }, 
  "name": "NOVAMAG_theory_ICCRAM_B3Co9_#166_1A",
  "properties": {
    "approach": {
      "value": "theory"
    },
    "summary": {
      "value": "crystal, energy, magnetization, MAE, coercivity, energy product"
    },
    "chemistry": {
      "chemical formula": {
        "value": "B3Co9"
      },
      "production info": {
        "value": "initial POSCAR from AFLOW library http://aflow.org/material.php?id=B_hCo/68"
      }
    },
    "crystal": {
      "compound space group": {
        "value": 166
      },
      "unit cell volume": {
        "value": 116.153032
      },
      "lattice parameters": {
        "value": [
          7.39864,
          7.39864,
          2.45017
        ]
      },
      "lattice angles": {
        "value": [
          90.00000,
          90.00000,
          120.00000
        ]
      },
      "atomic positions": {
        "value": [
"B1(3a)",
0.00000,
0.00000,
0.00000,
"Co1(9e)",
0.50000,
0.00000,
0.00000
]
      },
      "crystal info": {
        "value": "software VASP (vasp.5.4.4), k-points mesh 9x9x24, Ecut-off=477.921 eV, PAW_PBE, B:PAW_PBE:06Sep2000, Co:PAW_PBE:02Aug2007, Pressure=0.0 kbar, temperature=0K"
      }
    },
    "thermodynamics": {
      "unit cell energy": {
        "value": -79.63820115
      },
      "unit cell formation enthalpy": {
        "value": 3.789814
      },
      "energy info": {
        "value": "software VASP (vasp.5.4.4), k-points mesh 9x9x24, Ecut-off=477.921 eV, PAW_PBE, B:PAW_PBE:06Sep2000, Co:PAW_PBE:02Aug2007, Pressure=0.0 kbar, temperature=0K"
      },
      "interatomic potentials info": {
        "value": null
      },
      "magnetic free energy": {
        "value": null
      },
      "magnetic free energy info": {
        "value": null
      }
    },
    "magnetics": {
      "unit cell spin polarization": {
        "value": 12.712
      },
      "atomic spin specie": {
        "value": [
"1 B",
-0.023,
"2 B",
-0.023,
"3 B",
-0.023,
"4 Co",
1.421,
"5 Co",
1.421,
"6 Co",
1.420,
"7 Co",
1.421,
"8 Co",
1.421,
"9 Co",
1.419,
"10 Co",
1.421,
"11 Co",
1.421,
"12 Co",
1.419
]
      },
      "saturation magnetization": {
        "value": 1.275
      },
      "magnetization temperature": {
        "value": 0
      },
      "magnetization info": {
        "value": "software VASP (vasp.5.4.4), k-points mesh 9x9x24, Ecut-off=477.921 eV, PAW_PBE, B:PAW_PBE:06Sep2000, Co:PAW_PBE:02Aug2007, Pressure=0.0 kbar, temperature=0K"
      },
      "magnetocrystalline anisotropy energy": {
        "value": [
0.0000000000000000,0,1.0000000000000000,-79.71137685,0.2588190451025207,0,0.9659258262890683,-79.71136056,0.5000000000000000,0,0.8660254037844386,-79.71131049,0.7071067811865476,0,0.7071067811865476,-79.71124108,0.8660254037844386,0,0.5000000000000000,-79.71117214,1.0000000000000000,0,0.0000000000000000,-79.71110668]
      },
      "anisotropy energy type": {
        "value": "uniaxial"
      },
      "magnetocrystalline anisotropy constants": {
        "value": [
0.373,0.000]
      },
      "kind of anisotropy": {
        "value": "easy axis"
      },
      "anisotropy info": {
        "value": "software VASP (vasp.5.4.4) with spin-orbit coupling, k-points mesh 9x9x24, Ecut-off=477.921 eV, PAW_PBE, B:PAW_PBE:06Sep2000, Co:PAW_PBE:02Aug2007, Pressure=0.0 kbar, temperature=0K"
      },
      "exchange integrals": {
        "value": null
      },
      "exchange info": {
        "value": null
      },
      "magnetic order": {
        "value": null
      },
      "curie temperature": {
        "value": null
      },
      "curie temperature info": {
        "value": null
      },
      "anisotropy field": {
        "value": 0.735
      },
      "remanence": {
        "value": 1.275
      },
      "coercivity": {
        "value": 0.735
      },
      "energy product": {
        "value": 323.408
      },
      "hysteresis info": {
        "value": "Stoner-Wohlfarth model without shape anisotropy, perfectly rectangular hysteresis loop, temperature = 0 K. Remanence equals to saturation magnetization (Ms). Anisotropy field: mu_0*Hk=(2*K_1+4*K_2)/Ms, where mu_0 is the vacuum permeability. Coercivity: Hc=Hk. Maximum energy product (upper limit)=(1/4)*mu_0*Ms^2, note this value can only be reached if the demagnetization factor is D=0.5 and Hc>0.5*Ms."
      },
      "domain wall width": {
        "value": null
      },
      "domain wall info": {
        "value": null
      },
      "exchange stiffness": {
        "value": null
      },
      "exchange stiffness info": {
        "value": null
      }
    },
    "additional information": {
      "authors": {
        "value": ["ICCRAM"]
      },
      "reference": {
        "value": "S. Curtarolo et al. Computational Materials Science 58 (2012) 218-226"
      },
      "comments": {
        "value": "Hardness parameter=0.537"
      },
      "attached files": {
        "value": [
"B3Co9_#166_1A.cif",
"CONTCAR_B3Co9_#166_1A",
"B3Co9_#166_1A.png"
]
      },
      "attached files info": {
        "value": null
      }
    }
  }
}
