{
  "confidential": {
  "value": false
  }, 
  "name": "NOVAMAG_theory_ICCRAM_B8Co16_#194_1A",
  "properties": {
    "approach": {
      "value": "theory"
    },
    "summary": {
      "value": "crystal, energy, magnetization, MAE, coercivity, energy product"
    },
    "chemistry": {
      "chemical formula": {
        "value": "B8Co16"
      },
      "production info": {
        "value": "initial POSCAR from AFLOW library http://aflow.org/material.php?id=B_hCo/315"
      }
    },
    "crystal": {
      "compound space group": {
        "value": 194
      },
      "unit cell volume": {
        "value": 271.565490
      },
      "lattice parameters": {
        "value": [
          4.36480,
          4.36480,
          16.45943
        ]
      },
      "lattice angles": {
        "value": [
          90.00000,
          90.00000,
          120.00000
        ]
      },
      "atomic positions": {
        "value": [
"B1(4e)",
0.00000,
0.00000,
0.55197,
"B2(4f)",
0.33333,
0.66667,
0.80180,
"Co1(4f)",
0.33333,
0.66667,
0.12726,
"Co2(6g)",
0.50000,
0.00000,
0.00000,
"Co3(6h)",
0.16403,
0.32806,
0.25000
]
      },
      "crystal info": {
        "value": "software VASP (vasp.5.4.4), k-points mesh 16x16x4, Ecut-off=477.921 eV, PAW_PBE, B:PAW_PBE:06Sep2000, Co:PAW_PBE:02Aug2007, Pressure=0.0 kbar, temperature=0K"
      }
    },
    "thermodynamics": {
      "unit cell energy": {
        "value": -144.38030731
      },
      "unit cell formation enthalpy": {
        "value": 21.812314
      },
      "energy info": {
        "value": "software VASP (vasp.5.4.4), k-points mesh 16x16x4, Ecut-off=477.921 eV, PAW_PBE, B:PAW_PBE:06Sep2000, Co:PAW_PBE:02Aug2007, Pressure=0.0 kbar, temperature=0K"
      },
      "interatomic potentials info": {
        "value": null
      },
      "magnetic free energy": {
        "value": null
      },
      "magnetic free energy info": {
        "value": null
      }
    },
    "magnetics": {
      "unit cell spin polarization": {
        "value": 21.716
      },
      "atomic spin specie": {
        "value": [
"1 B",
-0.027,
"2 B",
-0.026,
"3 B",
-0.027,
"4 B",
-0.026,
"5 B",
-0.004,
"6 B",
-0.005,
"7 B",
-0.005,
"8 B",
-0.005,
"9 Co",
1.640,
"10 Co",
1.641,
"11 Co",
1.642,
"12 Co",
1.639,
"13 Co",
1.337,
"14 Co",
1.336,
"15 Co",
1.337,
"16 Co",
1.336,
"17 Co",
1.337,
"18 Co",
1.336,
"19 Co",
1.210,
"20 Co",
1.210,
"21 Co",
1.210,
"22 Co",
1.210,
"23 Co",
1.210,
"24 Co",
1.210
]
      },
      "saturation magnetization": {
        "value": 0.931
      },
      "magnetization temperature": {
        "value": 0
      },
      "magnetization info": {
        "value": "software VASP (vasp.5.4.4), k-points mesh 16x16x4, Ecut-off=477.921 eV, PAW_PBE, B:PAW_PBE:06Sep2000, Co:PAW_PBE:02Aug2007, Pressure=0.0 kbar, temperature=0K"
      },
      "magnetocrystalline anisotropy energy": {
        "value": [
0.0000000000000000,0,1.0000000000000000,-144.52126912,0.2588190451025207,0,0.9659258262890683,-144.52111508,0.5000000000000000,0,0.8660254037844386,-144.52069122,0.7071067811865476,0,0.7071067811865476,-144.52010869,0.8660254037844386,0,0.5000000000000000,-144.51951748,1.0000000000000000,0,0.0000000000000000,-144.51890006]
      },
      "anisotropy energy type": {
        "value": "uniaxial"
      },
      "magnetocrystalline anisotropy constants": {
        "value": [
1.342,0.051]
      },
      "kind of anisotropy": {
        "value": "easy axis"
      },
      "anisotropy info": {
        "value": "software VASP (vasp.5.4.4) with spin-orbit coupling, k-points mesh 16x16x4, Ecut-off=477.921 eV, PAW_PBE, B:PAW_PBE:06Sep2000, Co:PAW_PBE:02Aug2007, Pressure=0.0 kbar, temperature=0K"
      },
      "exchange integrals": {
        "value": null
      },
      "exchange info": {
        "value": null
      },
      "magnetic order": {
        "value": null
      },
      "curie temperature": {
        "value": null
      },
      "curie temperature info": {
        "value": null
      },
      "anisotropy field": {
        "value": 3.898
      },
      "remanence": {
        "value": 0.931
      },
      "coercivity": {
        "value": 3.898
      },
      "energy product": {
        "value": 172.437
      },
      "hysteresis info": {
        "value": "Stoner-Wohlfarth model without shape anisotropy, perfectly rectangular hysteresis loop, temperature = 0 K. Remanence equals to saturation magnetization (Ms). Anisotropy field: mu_0*Hk=(2*K_1+4*K_2)/Ms, where mu_0 is the vacuum permeability. Coercivity: Hc=Hk. Maximum energy product (upper limit)=(1/4)*mu_0*Ms^2, note this value can only be reached if the demagnetization factor is D=0.5 and Hc>0.5*Ms."
      },
      "domain wall width": {
        "value": null
      },
      "domain wall info": {
        "value": null
      },
      "exchange stiffness": {
        "value": null
      },
      "exchange stiffness info": {
        "value": null
      }
    },
    "additional information": {
      "authors": {
        "value": ["ICCRAM"]
      },
      "reference": {
        "value": "S. Curtarolo et al. Computational Materials Science 58 (2012) 218-226"
      },
      "comments": {
        "value": "Hardness parameter=1.395"
      },
      "attached files": {
        "value": [
"B8Co16_#194_1A.cif",
"CONTCAR_B8Co16_#194_1A",
"B8Co16_#194_1A.png"
]
      },
      "attached files info": {
        "value": null
      }
    }
  }
}
