{
  "confidential": {
  "value": false
  }, 
  "name": "NOVAMAG_theory_ICCRAM_Co10Ni8_#139_1A",
  "properties": {
    "approach": {
      "value": "theory"
    },
    "summary": {
      "value": "crystal, energy, magnetization, MAE, coercivity, energy product"
    },
    "chemistry": {
      "chemical formula": {
        "value": "Co10Ni8"
      },
      "production info": {
        "value": "initial POSCAR from AFLOW library http://aflow.org/material.php?id=CoNi_pv/314"
      }
    },
    "crystal": {
      "compound space group": {
        "value": 139
      },
      "unit cell volume": {
        "value": 194.935842
      },
      "lattice parameters": {
        "value": [
          7.44398,
          7.44398,
          3.51788
        ]
      },
      "lattice angles": {
        "value": [
          90.00000,
          90.00000,
          90.00000
        ]
      },
      "atomic positions": {
        "value": [
"Co1(2a)",
0.00000,
0.00000,
0.00000,
"Co2(8h)",
0.66579,
0.66579,
0.00000,
"Ni1(8i)",
0.33162,
0.00000,
0.00000
]
      },
      "crystal info": {
        "value": "software VASP (vasp.5.4.4), k-points mesh 8x8x17, Ecut-off=404.298 eV, PAW_PBE, Co:PAW_PBE:02Aug2007, Ni:PAW_PBE:02Aug2007, Pressure=0.0 kbar, temperature=0K"
      }
    },
    "thermodynamics": {
      "unit cell energy": {
        "value": -114.20582510
      },
      "unit cell formation enthalpy": {
        "value": -0.102834
      },
      "energy info": {
        "value": "software VASP (vasp.5.4.4), k-points mesh 8x8x17, Ecut-off=404.298 eV, PAW_PBE, Co:PAW_PBE:02Aug2007, Ni:PAW_PBE:02Aug2007, Pressure=0.0 kbar, temperature=0K"
      },
      "interatomic potentials info": {
        "value": null
      },
      "magnetic free energy": {
        "value": null
      },
      "magnetic free energy info": {
        "value": null
      }
    },
    "magnetics": {
      "unit cell spin polarization": {
        "value": 21.691
      },
      "atomic spin specie": {
        "value": [
"1 Co",
1.685,
"2 Co",
1.685,
"3 Co",
1.682,
"4 Co",
1.682,
"5 Co",
1.682,
"6 Co",
1.682,
"7 Co",
1.682,
"8 Co",
1.682,
"9 Co",
1.682,
"10 Co",
1.682,
"11 Ni",
0.608,
"12 Ni",
0.608,
"13 Ni",
0.608,
"14 Ni",
0.608,
"15 Ni",
0.608,
"16 Ni",
0.608,
"17 Ni",
0.608,
"18 Ni",
0.608
]
      },
      "saturation magnetization": {
        "value": 1.296
      },
      "magnetization temperature": {
        "value": 0
      },
      "magnetization info": {
        "value": "software VASP (vasp.5.4.4), k-points mesh 8x8x17, Ecut-off=404.298 eV, PAW_PBE, Co:PAW_PBE:02Aug2007, Ni:PAW_PBE:02Aug2007, Pressure=0.0 kbar, temperature=0K"
      },
      "magnetocrystalline anisotropy energy": {
        "value": [
0.0000000000000000,0,1.0000000000000000,-114.35996273,0.2588190451025207,0,0.9659258262890683,-114.35995378,0.5000000000000000,0,0.8660254037844386,-114.35992404,0.7071067811865476,0,0.7071067811865476,-114.35988445,0.8660254037844386,0,0.5000000000000000,-114.35984138,1.0000000000000000,0,0.0000000000000000,-114.35979776]
      },
      "anisotropy energy type": {
        "value": "uniaxial"
      },
      "magnetocrystalline anisotropy constants": {
        "value": [
0.123,0.013]
      },
      "kind of anisotropy": {
        "value": "easy axis"
      },
      "anisotropy info": {
        "value": "software VASP (vasp.5.4.4) with spin-orbit coupling, k-points mesh 8x8x17, Ecut-off=404.298 eV, PAW_PBE, Co:PAW_PBE:02Aug2007, Ni:PAW_PBE:02Aug2007, Pressure=0.0 kbar, temperature=0K"
      },
      "exchange integrals": {
        "value": null
      },
      "exchange info": {
        "value": null
      },
      "magnetic order": {
        "value": null
      },
      "curie temperature": {
        "value": null
      },
      "curie temperature info": {
        "value": null
      },
      "anisotropy field": {
        "value": 0.289
      },
      "remanence": {
        "value": 1.296
      },
      "coercivity": {
        "value": 0.289
      },
      "energy product": {
        "value": 334.149
      },
      "hysteresis info": {
        "value": "Stoner-Wohlfarth model without shape anisotropy, perfectly rectangular hysteresis loop, temperature = 0 K. Remanence equals to saturation magnetization (Ms). Anisotropy field: mu_0*Hk=(2*K_1+4*K_2)/Ms, where mu_0 is the vacuum permeability. Coercivity: Hc=Hk. Maximum energy product (upper limit)=(1/4)*mu_0*Ms^2, note this value can only be reached if the demagnetization factor is D=0.5 and Hc>0.5*Ms."
      },
      "domain wall width": {
        "value": null
      },
      "domain wall info": {
        "value": null
      },
      "exchange stiffness": {
        "value": null
      },
      "exchange stiffness info": {
        "value": null
      }
    },
    "additional information": {
      "authors": {
        "value": ["ICCRAM"]
      },
      "reference": {
        "value": "S. Curtarolo et al. Computational Materials Science 58 (2012) 218-226"
      },
      "comments": {
        "value": "Hardness parameter=0.303"
      },
      "attached files": {
        "value": [
"Co10Ni8_#139_1A.cif",
"CONTCAR_Co10Ni8_#139_1A",
"Co10Ni8_#139_1A.png"
]
      },
      "attached files info": {
        "value": null
      }
    }
  }
}
