{
  "confidential": {
  "value": false
  }, 
  "name": "NOVAMAG_theory_ICCRAM_Co16Ni8_#141_1A",
  "properties": {
    "approach": {
      "value": "theory"
    },
    "summary": {
      "value": "crystal, energy, magnetization, MAE"
    },
    "chemistry": {
      "chemical formula": {
        "value": "Co16Ni8"
      },
      "production info": {
        "value": "initial POSCAR from AFLOW library http://aflow.org/material.php?id=CoNi_pv/381"
      }
    },
    "crystal": {
      "compound space group": {
        "value": 141
      },
      "unit cell volume": {
        "value": 260.025583
      },
      "lattice parameters": {
        "value": [
          3.52557,
          3.52557,
          20.91978
        ]
      },
      "lattice angles": {
        "value": [
          90.00000,
          90.00000,
          90.00000
        ]
      },
      "atomic positions": {
        "value": [
"Co1(8e)",
0.00000,
0.25000,
0.62567,
"Co2(8e)",
0.00000,
0.25000,
0.45812,
"Ni1(8e)",
0.00000,
0.25000,
0.79182
]
      },
      "crystal info": {
        "value": "software VASP (vasp.5.4.4), k-points mesh 17x17x3, Ecut-off=404.298 eV, PAW_PBE, Co:PAW_PBE:02Aug2007, Ni:PAW_PBE:02Aug2007, Pressure=0.0 kbar, temperature=0K"
      }
    },
    "thermodynamics": {
      "unit cell energy": {
        "value": -156.32948976
      },
      "unit cell formation enthalpy": {
        "value": -0.011071
      },
      "energy info": {
        "value": "software VASP (vasp.5.4.4), k-points mesh 17x17x3, Ecut-off=404.298 eV, PAW_PBE, Co:PAW_PBE:02Aug2007, Ni:PAW_PBE:02Aug2007, Pressure=0.0 kbar, temperature=0K"
      },
      "interatomic potentials info": {
        "value": null
      },
      "magnetic free energy": {
        "value": null
      },
      "magnetic free energy info": {
        "value": null
      }
    },
    "magnetics": {
      "unit cell spin polarization": {
        "value": 32.014
      },
      "atomic spin specie": {
        "value": [
"1 Co",
1.675,
"2 Co",
1.675,
"3 Co",
1.675,
"4 Co",
1.675,
"5 Co",
1.675,
"6 Co",
1.675,
"7 Co",
1.675,
"8 Co",
1.675,
"9 Co",
1.698,
"10 Co",
1.698,
"11 Co",
1.698,
"12 Co",
1.698,
"13 Co",
1.698,
"14 Co",
1.698,
"15 Co",
1.698,
"16 Co",
1.698,
"17 Ni",
0.628,
"18 Ni",
0.628,
"19 Ni",
0.628,
"20 Ni",
0.628,
"21 Ni",
0.628,
"22 Ni",
0.628,
"23 Ni",
0.628,
"24 Ni",
0.628
]
      },
      "saturation magnetization": {
        "value": 1.434
      },
      "magnetization temperature": {
        "value": 0
      },
      "magnetization info": {
        "value": "software VASP (vasp.5.4.4), k-points mesh 17x17x3, Ecut-off=404.298 eV, PAW_PBE, Co:PAW_PBE:02Aug2007, Ni:PAW_PBE:02Aug2007, Pressure=0.0 kbar, temperature=0K"
      },
      "magnetocrystalline anisotropy energy": {
        "value": [
0.0000000000000000,0,1.0000000000000000,-156.53237840,0.2588190451025207,0,0.9659258262890683,-156.53245342,0.5000000000000000,0,0.8660254037844386,-156.53264368,0.7071067811865476,0,0.7071067811865476,-156.53289756,0.8660254037844386,0,0.5000000000000000,-156.53314672,1.0000000000000000,0,0.0000000000000000,-156.53337800]
      },
      "anisotropy energy type": {
        "value": "uniaxial"
      },
      "magnetocrystalline anisotropy constants": {
        "value": [
-0.667,0.050]
      },
      "kind of anisotropy": {
        "value": "easy plane"
      },
      "anisotropy info": {
        "value": "software VASP (vasp.5.4.4) with spin-orbit coupling, k-points mesh 17x17x3, Ecut-off=404.298 eV, PAW_PBE, Co:PAW_PBE:02Aug2007, Ni:PAW_PBE:02Aug2007, Pressure=0.0 kbar, temperature=0K"
      },
      "exchange integrals": {
        "value": null
      },
      "exchange info": {
        "value": null
      },
      "magnetic order": {
        "value": null
      },
      "curie temperature": {
        "value": null
      },
      "curie temperature info": {
        "value": null
      },
      "anisotropy field": {
        "value": null
      },
      "remanence": {
        "value": null
      },
      "coercivity": {
        "value": null
      },
      "energy product": {
        "value": null
      },
      "hysteresis info": {
        "value": null
      },
      "domain wall width": {
        "value": null
      },
      "domain wall info": {
        "value": null
      },
      "exchange stiffness": {
        "value": null
      },
      "exchange stiffness info": {
        "value": null
      }
    },
    "additional information": {
      "authors": {
        "value": ["ICCRAM"]
      },
      "reference": {
        "value": "S. Curtarolo et al. Computational Materials Science 58 (2012) 218-226"
      },
      "comments": {
        "value": null
      },
      "attached files": {
        "value": [
"Co16Ni8_#141_1A.cif",
"CONTCAR_Co16Ni8_#141_1A",
"Co16Ni8_#141_1A.png"
]
      },
      "attached files info": {
        "value": null
      }
    }
  }
}
