{
  "confidential": {
  "value": false
  }, 
  "name": "NOVAMAG_theory_ICCRAM_Co18Ni6_#194_1A",
  "properties": {
    "approach": {
      "value": "theory"
    },
    "summary": {
      "value": "crystal, energy, magnetization, MAE, coercivity, energy product"
    },
    "chemistry": {
      "chemical formula": {
        "value": "Co18Ni6"
      },
      "production info": {
        "value": "initial POSCAR from AFLOW library http://aflow.org/material.php?id=CoNi_pv/239"
      }
    },
    "crystal": {
      "compound space group": {
        "value": 194
      },
      "unit cell volume": {
        "value": 259.915785
      },
      "lattice parameters": {
        "value": [
          4.97411,
          4.97411,
          12.13028
        ]
      },
      "lattice angles": {
        "value": [
          90.00000,
          90.00000,
          120.00000
        ]
      },
      "atomic positions": {
        "value": [
"Co1(6h)",
0.49949,
-0.00101,
0.25000,
"Co2(12k)",
0.16733,
0.33465,
0.41525,
"Ni1(2b)",
0.00000,
0.00000,
0.25000,
"Ni2(4f)",
0.33333,
0.66667,
0.58317
]
      },
      "crystal info": {
        "value": "software VASP (vasp.5.4.4), k-points mesh 14x14x5, Ecut-off=404.298 eV, PAW_PBE, Co:PAW_PBE:02Aug2007, Ni:PAW_PBE:02Aug2007, Pressure=0.0 kbar, temperature=0K"
      }
    },
    "thermodynamics": {
      "unit cell energy": {
        "value": -159.63375041
      },
      "unit cell formation enthalpy": {
        "value": -0.179510
      },
      "energy info": {
        "value": "software VASP (vasp.5.4.4), k-points mesh 14x14x5, Ecut-off=404.298 eV, PAW_PBE, Co:PAW_PBE:02Aug2007, Ni:PAW_PBE:02Aug2007, Pressure=0.0 kbar, temperature=0K"
      },
      "interatomic potentials info": {
        "value": null
      },
      "magnetic free energy": {
        "value": null
      },
      "magnetic free energy info": {
        "value": null
      }
    },
    "magnetics": {
      "unit cell spin polarization": {
        "value": 34.036
      },
      "atomic spin specie": {
        "value": [
"1 Co",
1.682,
"2 Co",
1.682,
"3 Co",
1.682,
"4 Co",
1.682,
"5 Co",
1.682,
"6 Co",
1.682,
"7 Co",
1.682,
"8 Co",
1.682,
"9 Co",
1.682,
"10 Co",
1.682,
"11 Co",
1.682,
"12 Co",
1.682,
"13 Co",
1.682,
"14 Co",
1.682,
"15 Co",
1.682,
"16 Co",
1.682,
"17 Co",
1.682,
"18 Co",
1.682,
"19 Ni",
0.640,
"20 Ni",
0.640,
"21 Ni",
0.620,
"22 Ni",
0.620,
"23 Ni",
0.620,
"24 Ni",
0.620
]
      },
      "saturation magnetization": {
        "value": 1.525
      },
      "magnetization temperature": {
        "value": 0
      },
      "magnetization info": {
        "value": "software VASP (vasp.5.4.4), k-points mesh 14x14x5, Ecut-off=404.298 eV, PAW_PBE, Co:PAW_PBE:02Aug2007, Ni:PAW_PBE:02Aug2007, Pressure=0.0 kbar, temperature=0K"
      },
      "magnetocrystalline anisotropy energy": {
        "value": [
0.0000000000000000,0,1.0000000000000000,-159.83324527,0.2588190451025207,0,0.9659258262890683,-159.83321364,0.5000000000000000,0,0.8660254037844386,-159.83312979,0.7071067811865476,0,0.7071067811865476,-159.83301313,0.8660254037844386,0,0.5000000000000000,-159.83289314,1.0000000000000000,0,0.0000000000000000,-159.83276951]
      },
      "anisotropy energy type": {
        "value": "uniaxial"
      },
      "magnetocrystalline anisotropy constants": {
        "value": [
0.280,0.013]
      },
      "kind of anisotropy": {
        "value": "easy axis"
      },
      "anisotropy info": {
        "value": "software VASP (vasp.5.4.4) with spin-orbit coupling, k-points mesh 14x14x5, Ecut-off=404.298 eV, PAW_PBE, Co:PAW_PBE:02Aug2007, Ni:PAW_PBE:02Aug2007, Pressure=0.0 kbar, temperature=0K"
      },
      "exchange integrals": {
        "value": null
      },
      "exchange info": {
        "value": null
      },
      "magnetic order": {
        "value": null
      },
      "curie temperature": {
        "value": null
      },
      "curie temperature info": {
        "value": null
      },
      "anisotropy field": {
        "value": 0.504
      },
      "remanence": {
        "value": 1.525
      },
      "coercivity": {
        "value": 0.504
      },
      "energy product": {
        "value": 462.668
      },
      "hysteresis info": {
        "value": "Stoner-Wohlfarth model without shape anisotropy, perfectly rectangular hysteresis loop, temperature = 0 K. Remanence equals to saturation magnetization (Ms). Anisotropy field: mu_0*Hk=(2*K_1+4*K_2)/Ms, where mu_0 is the vacuum permeability. Coercivity: Hc=Hk. Maximum energy product (upper limit)=(1/4)*mu_0*Ms^2, note this value can only be reached if the demagnetization factor is D=0.5 and Hc>0.5*Ms."
      },
      "domain wall width": {
        "value": null
      },
      "domain wall info": {
        "value": null
      },
      "exchange stiffness": {
        "value": null
      },
      "exchange stiffness info": {
        "value": null
      }
    },
    "additional information": {
      "authors": {
        "value": ["ICCRAM"]
      },
      "reference": {
        "value": "S. Curtarolo et al. Computational Materials Science 58 (2012) 218-226"
      },
      "comments": {
        "value": "Hardness parameter=0.389"
      },
      "attached files": {
        "value": [
"Co18Ni6_#194_1A.cif",
"CONTCAR_Co18Ni6_#194_1A",
"Co18Ni6_#194_1A.png"
]
      },
      "attached files info": {
        "value": null
      }
    }
  }
}
