{
  "confidential": {
  "value": false
  }, 
  "name": "NOVAMAG_theory_ICCRAM_Co1Ni2_#164_1A",
  "properties": {
    "approach": {
      "value": "theory"
    },
    "summary": {
      "value": "crystal, energy, magnetization, MAE, coercivity, energy product"
    },
    "chemistry": {
      "chemical formula": {
        "value": "Co1Ni2"
      },
      "production info": {
        "value": "initial POSCAR from AFLOW library http://aflow.org/material.php?id=CoNi_pv/9"
      }
    },
    "crystal": {
      "compound space group": {
        "value": 164
      },
      "unit cell volume": {
        "value": 32.530599
      },
      "lattice parameters": {
        "value": [
          2.48109,
          2.48109,
          6.10208
        ]
      },
      "lattice angles": {
        "value": [
          90.00000,
          90.00000,
          120.00000
        ]
      },
      "atomic positions": {
        "value": [
"Co1(1a)",
0.00000,
0.00000,
0.00000,
"Ni1(2d)",
0.33333,
0.66667,
0.66891
]
      },
      "crystal info": {
        "value": "software VASP (vasp.5.4.4), k-points mesh 28x28x10, Ecut-off=404.298 eV, PAW_PBE, Co:PAW_PBE:02Aug2007, Ni:PAW_PBE:02Aug2007, Pressure=0.0 kbar, temperature=0K"
      }
    },
    "thermodynamics": {
      "unit cell energy": {
        "value": -17.98127046
      },
      "unit cell formation enthalpy": {
        "value": -0.009379
      },
      "energy info": {
        "value": "software VASP (vasp.5.4.4), k-points mesh 28x28x10, Ecut-off=404.298 eV, PAW_PBE, Co:PAW_PBE:02Aug2007, Ni:PAW_PBE:02Aug2007, Pressure=0.0 kbar, temperature=0K"
      },
      "interatomic potentials info": {
        "value": null
      },
      "magnetic free energy": {
        "value": null
      },
      "magnetic free energy info": {
        "value": null
      }
    },
    "magnetics": {
      "unit cell spin polarization": {
        "value": 2.976
      },
      "atomic spin specie": {
        "value": [
"1 Co",
1.700,
"2 Ni",
0.638,
"3 Ni",
0.638
]
      },
      "saturation magnetization": {
        "value": 1.066
      },
      "magnetization temperature": {
        "value": 0
      },
      "magnetization info": {
        "value": "software VASP (vasp.5.4.4), k-points mesh 28x28x10, Ecut-off=404.298 eV, PAW_PBE, Co:PAW_PBE:02Aug2007, Ni:PAW_PBE:02Aug2007, Pressure=0.0 kbar, temperature=0K"
      },
      "magnetocrystalline anisotropy energy": {
        "value": [
0.0000000000000000,0,1.0000000000000000,-18.00775958,0.2588190451025207,0,0.9659258262890683,-18.00773707,0.5000000000000000,0,0.8660254037844386,-18.00767467,0.7071067811865476,0,0.7071067811865476,-18.00758848,0.8660254037844386,0,0.5000000000000000,-18.00750095,1.0000000000000000,0,0.0000000000000000,-18.00741086]
      },
      "anisotropy energy type": {
        "value": "uniaxial"
      },
      "magnetocrystalline anisotropy constants": {
        "value": [
1.653,0.062]
      },
      "kind of anisotropy": {
        "value": "easy axis"
      },
      "anisotropy info": {
        "value": "software VASP (vasp.5.4.4) with spin-orbit coupling, k-points mesh 28x28x10, Ecut-off=404.298 eV, PAW_PBE, Co:PAW_PBE:02Aug2007, Ni:PAW_PBE:02Aug2007, Pressure=0.0 kbar, temperature=0K"
      },
      "exchange integrals": {
        "value": null
      },
      "exchange info": {
        "value": null
      },
      "magnetic order": {
        "value": null
      },
      "curie temperature": {
        "value": null
      },
      "curie temperature info": {
        "value": null
      },
      "anisotropy field": {
        "value": 4.190
      },
      "remanence": {
        "value": 1.066
      },
      "coercivity": {
        "value": 4.190
      },
      "energy product": {
        "value": 226.071
      },
      "hysteresis info": {
        "value": "Stoner-Wohlfarth model without shape anisotropy, perfectly rectangular hysteresis loop, temperature = 0 K. Remanence equals to saturation magnetization (Ms). Anisotropy field: mu_0*Hk=(2*K_1+4*K_2)/Ms, where mu_0 is the vacuum permeability. Coercivity: Hc=Hk. Maximum energy product (upper limit)=(1/4)*mu_0*Ms^2, note this value can only be reached if the demagnetization factor is D=0.5 and Hc>0.5*Ms."
      },
      "domain wall width": {
        "value": null
      },
      "domain wall info": {
        "value": null
      },
      "exchange stiffness": {
        "value": null
      },
      "exchange stiffness info": {
        "value": null
      }
    },
    "additional information": {
      "authors": {
        "value": ["ICCRAM"]
      },
      "reference": {
        "value": "S. Curtarolo et al. Computational Materials Science 58 (2012) 218-226"
      },
      "comments": {
        "value": "Hardness parameter=1.352"
      },
      "attached files": {
        "value": [
"Co1Ni2_#164_1A.cif",
"CONTCAR_Co1Ni2_#164_1A",
"Co1Ni2_#164_1A.png"
]
      },
      "attached files info": {
        "value": null
      }
    }
  }
}
