{
  "confidential": {
  "value": false
  }, 
  "name": "NOVAMAG_theory_ICCRAM_Co2Ni6_#123_1A",
  "properties": {
    "approach": {
      "value": "theory"
    },
    "summary": {
      "value": "crystal, energy, magnetization, MAE, coercivity, energy product"
    },
    "chemistry": {
      "chemical formula": {
        "value": "Co2Ni6"
      },
      "production info": {
        "value": "initial POSCAR from AFLOW library http://aflow.org/material.php?id=CoNi_pv/70"
      }
    },
    "crystal": {
      "compound space group": {
        "value": 123
      },
      "unit cell volume": {
        "value": 86.703189
      },
      "lattice parameters": {
        "value": [
          2.47535,
          2.47535,
          7.07511
        ]
      },
      "lattice angles": {
        "value": [
          90.00000,
          90.00000,
          90.00000
        ]
      },
      "atomic positions": {
        "value": [
"Co1(1a)",
0.00000,
0.00000,
0.00000,
"Ni1(1b)",
0.00000,
0.00000,
0.50000,
"Ni2(2h)",
0.50000,
0.50000,
0.24801
]
      },
      "crystal info": {
        "value": "software VASP (vasp.5.4.4), k-points mesh 17x17x8, Ecut-off=404.298 eV, PAW_PBE, Co:PAW_PBE:02Aug2007, Ni:PAW_PBE:02Aug2007, Pressure=0.0 kbar, temperature=0K"
      }
    },
    "thermodynamics": {
      "unit cell energy": {
        "value": -46.94186045
      },
      "unit cell formation enthalpy": {
        "value": -0.062091
      },
      "energy info": {
        "value": "software VASP (vasp.5.4.4), k-points mesh 17x17x8, Ecut-off=404.298 eV, PAW_PBE, Co:PAW_PBE:02Aug2007, Ni:PAW_PBE:02Aug2007, Pressure=0.0 kbar, temperature=0K"
      },
      "interatomic potentials info": {
        "value": null
      },
      "magnetic free energy": {
        "value": null
      },
      "magnetic free energy info": {
        "value": null
      }
    },
    "magnetics": {
      "unit cell spin polarization": {
        "value": 7.078
      },
      "atomic spin specie": {
        "value": [
"1 Co",
1.722,
"2 Co",
1.722,
"3 Ni",
0.541,
"4 Ni",
0.541,
"5 Ni",
0.638,
"6 Ni",
0.638,
"7 Ni",
0.638,
"8 Ni",
0.638
]
      },
      "saturation magnetization": {
        "value": 0.951
      },
      "magnetization temperature": {
        "value": 0
      },
      "magnetization info": {
        "value": "software VASP (vasp.5.4.4), k-points mesh 17x17x8, Ecut-off=404.298 eV, PAW_PBE, Co:PAW_PBE:02Aug2007, Ni:PAW_PBE:02Aug2007, Pressure=0.0 kbar, temperature=0K"
      },
      "magnetocrystalline anisotropy energy": {
        "value": [
0.0000000000000000,0,1.0000000000000000,-47.01366580,0.2588190451025207,0,0.9659258262890683,-47.01365904,0.5000000000000000,0,0.8660254037844386,-47.01364489,0.7071067811865476,0,0.7071067811865476,-47.01361405,0.8660254037844386,0,0.5000000000000000,-47.01357579,1.0000000000000000,0,0.0000000000000000,-47.01352294]
      },
      "anisotropy energy type": {
        "value": "uniaxial"
      },
      "magnetocrystalline anisotropy constants": {
        "value": [
0.117,0.144]
      },
      "kind of anisotropy": {
        "value": "easy axis"
      },
      "anisotropy info": {
        "value": "software VASP (vasp.5.4.4) with spin-orbit coupling, k-points mesh 17x17x8, Ecut-off=404.298 eV, PAW_PBE, Co:PAW_PBE:02Aug2007, Ni:PAW_PBE:02Aug2007, Pressure=0.0 kbar, temperature=0K"
      },
      "exchange integrals": {
        "value": null
      },
      "exchange info": {
        "value": null
      },
      "magnetic order": {
        "value": null
      },
      "curie temperature": {
        "value": null
      },
      "curie temperature info": {
        "value": null
      },
      "anisotropy field": {
        "value": 1.070
      },
      "remanence": {
        "value": 0.951
      },
      "coercivity": {
        "value": 1.070
      },
      "energy product": {
        "value": 179.925
      },
      "hysteresis info": {
        "value": "Stoner-Wohlfarth model without shape anisotropy, perfectly rectangular hysteresis loop, temperature = 0 K. Remanence equals to saturation magnetization (Ms). Anisotropy field: mu_0*Hk=(2*K_1+4*K_2)/Ms, where mu_0 is the vacuum permeability. Coercivity: Hc=Hk. Maximum energy product (upper limit)=(1/4)*mu_0*Ms^2, note this value can only be reached if the demagnetization factor is D=0.5 and Hc>0.5*Ms."
      },
      "domain wall width": {
        "value": null
      },
      "domain wall info": {
        "value": null
      },
      "exchange stiffness": {
        "value": null
      },
      "exchange stiffness info": {
        "value": null
      }
    },
    "additional information": {
      "authors": {
        "value": ["ICCRAM"]
      },
      "reference": {
        "value": "S. Curtarolo et al. Computational Materials Science 58 (2012) 218-226"
      },
      "comments": {
        "value": "Hardness parameter=0.403"
      },
      "attached files": {
        "value": [
"Co2Ni6_#123_1A.cif",
"CONTCAR_Co2Ni6_#123_1A",
"Co2Ni6_#123_1A.png"
]
      },
      "attached files info": {
        "value": null
      }
    }
  }
}
