{
  "confidential": {
  "value": false
  }, 
  "name": "NOVAMAG_theory_ICCRAM_Co3Ni9_#166_1A",
  "properties": {
    "approach": {
      "value": "theory"
    },
    "summary": {
      "value": "crystal, energy, magnetization, MAE, coercivity, energy product"
    },
    "chemistry": {
      "chemical formula": {
        "value": "Co3Ni9"
      },
      "production info": {
        "value": "initial POSCAR from AFLOW library http://aflow.org/material.php?id=CoNi_pv/27"
      }
    },
    "crystal": {
      "compound space group": {
        "value": 166
      },
      "unit cell volume": {
        "value": 130.088196
      },
      "lattice parameters": {
        "value": [
          2.48096,
          2.48096,
          24.40434
        ]
      },
      "lattice angles": {
        "value": [
          90.00000,
          90.00000,
          120.00000
        ]
      },
      "atomic positions": {
        "value": [
"Co1(3a)",
0.00000,
0.00000,
0.00000,
"Ni1(6c)",
0.00000,
0.00000,
0.25063,
"Ni2(3b)",
0.00000,
0.00000,
0.50000
]
      },
      "crystal info": {
        "value": "software VASP (vasp.5.4.4), k-points mesh 28x28x2, Ecut-off=404.298 eV, PAW_PBE, Co:PAW_PBE:02Aug2007, Ni:PAW_PBE:02Aug2007, Pressure=0.0 kbar, temperature=0K"
      }
    },
    "thermodynamics": {
      "unit cell energy": {
        "value": -70.37399820
      },
      "unit cell formation enthalpy": {
        "value": -0.054344
      },
      "energy info": {
        "value": "software VASP (vasp.5.4.4), k-points mesh 28x28x2, Ecut-off=404.298 eV, PAW_PBE, Co:PAW_PBE:02Aug2007, Ni:PAW_PBE:02Aug2007, Pressure=0.0 kbar, temperature=0K"
      },
      "interatomic potentials info": {
        "value": null
      },
      "magnetic free energy": {
        "value": null
      },
      "magnetic free energy info": {
        "value": null
      }
    },
    "magnetics": {
      "unit cell spin polarization": {
        "value": 10.719
      },
      "atomic spin specie": {
        "value": [
"1 Co",
1.705,
"2 Co",
1.704,
"3 Co",
1.704,
"4 Ni",
0.646,
"5 Ni",
0.646,
"6 Ni",
0.646,
"7 Ni",
0.647,
"8 Ni",
0.647,
"9 Ni",
0.647,
"10 Ni",
0.577,
"11 Ni",
0.576,
"12 Ni",
0.574
]
      },
      "saturation magnetization": {
        "value": 0.960
      },
      "magnetization temperature": {
        "value": 0
      },
      "magnetization info": {
        "value": "software VASP (vasp.5.4.4), k-points mesh 28x28x2, Ecut-off=404.298 eV, PAW_PBE, Co:PAW_PBE:02Aug2007, Ni:PAW_PBE:02Aug2007, Pressure=0.0 kbar, temperature=0K"
      },
      "magnetocrystalline anisotropy energy": {
        "value": [
0.0000000000000000,0,1.0000000000000000,-70.48272915,0.2588190451025207,0,0.9659258262890683,-70.48265094,0.5000000000000000,0,0.8660254037844386,-70.48244148,0.7071067811865476,0,0.7071067811865476,-70.48215812,0.8660254037844386,0,0.5000000000000000,-70.48188049,1.0000000000000000,0,0.0000000000000000,-70.48161443]
      },
      "anisotropy energy type": {
        "value": "uniaxial"
      },
      "magnetocrystalline anisotropy constants": {
        "value": [
1.440,-0.065]
      },
      "kind of anisotropy": {
        "value": "easy axis"
      },
      "anisotropy info": {
        "value": "software VASP (vasp.5.4.4) with spin-orbit coupling, k-points mesh 28x28x2, Ecut-off=404.298 eV, PAW_PBE, Co:PAW_PBE:02Aug2007, Ni:PAW_PBE:02Aug2007, Pressure=0.0 kbar, temperature=0K"
      },
      "exchange integrals": {
        "value": null
      },
      "exchange info": {
        "value": null
      },
      "magnetic order": {
        "value": null
      },
      "curie temperature": {
        "value": null
      },
      "curie temperature info": {
        "value": null
      },
      "anisotropy field": {
        "value": 3.430
      },
      "remanence": {
        "value": 0.960
      },
      "coercivity": {
        "value": 3.430
      },
      "energy product": {
        "value": 183.347
      },
      "hysteresis info": {
        "value": "Stoner-Wohlfarth model without shape anisotropy, perfectly rectangular hysteresis loop, temperature = 0 K. Remanence equals to saturation magnetization (Ms). Anisotropy field: mu_0*Hk=(2*K_1+4*K_2)/Ms, where mu_0 is the vacuum permeability. Coercivity: Hc=Hk. Maximum energy product (upper limit)=(1/4)*mu_0*Ms^2, note this value can only be reached if the demagnetization factor is D=0.5 and Hc>0.5*Ms."
      },
      "domain wall width": {
        "value": null
      },
      "domain wall info": {
        "value": null
      },
      "exchange stiffness": {
        "value": null
      },
      "exchange stiffness info": {
        "value": null
      }
    },
    "additional information": {
      "authors": {
        "value": ["ICCRAM"]
      },
      "reference": {
        "value": "S. Curtarolo et al. Computational Materials Science 58 (2012) 218-226"
      },
      "comments": {
        "value": "Hardness parameter=1.401"
      },
      "attached files": {
        "value": [
"Co3Ni9_#166_1A.cif",
"CONTCAR_Co3Ni9_#166_1A",
"Co3Ni9_#166_1A.png"
]
      },
      "attached files info": {
        "value": null
      }
    }
  }
}
