{
  "confidential": {
  "value": false
  }, 
  "name": "NOVAMAG_theory_ICCRAM_Co6Ni2_#194_1A",
  "properties": {
    "approach": {
      "value": "theory"
    },
    "summary": {
      "value": "crystal, energy, magnetization, MAE, coercivity, energy product"
    },
    "chemistry": {
      "chemical formula": {
        "value": "Co6Ni2"
      },
      "production info": {
        "value": "initial POSCAR from AFLOW library http://aflow.org/material.php?id=CoNi_pv/187"
      }
    },
    "crystal": {
      "compound space group": {
        "value": 194
      },
      "unit cell volume": {
        "value": 86.481847
      },
      "lattice parameters": {
        "value": [
          4.98271,
          4.98271,
          4.02219
        ]
      },
      "lattice angles": {
        "value": [
          90.00000,
          90.00000,
          120.00000
        ]
      },
      "atomic positions": {
        "value": [
"Co1(6h)",
0.16532,
0.33063,
0.25000,
"Ni1(2d)",
0.33333,
0.66667,
0.75000
]
      },
      "crystal info": {
        "value": "software VASP (vasp.5.4.4), k-points mesh 14x14x15, Ecut-off=404.298 eV, PAW_PBE, Co:PAW_PBE:02Aug2007, Ni:PAW_PBE:02Aug2007, Pressure=0.0 kbar, temperature=0K"
      }
    },
    "thermodynamics": {
      "unit cell energy": {
        "value": -53.33904245
      },
      "unit cell formation enthalpy": {
        "value": -0.187629
      },
      "energy info": {
        "value": "software VASP (vasp.5.4.4), k-points mesh 14x14x15, Ecut-off=404.298 eV, PAW_PBE, Co:PAW_PBE:02Aug2007, Ni:PAW_PBE:02Aug2007, Pressure=0.0 kbar, temperature=0K"
      },
      "interatomic potentials info": {
        "value": null
      },
      "magnetic free energy": {
        "value": null
      },
      "magnetic free energy info": {
        "value": null
      }
    },
    "magnetics": {
      "unit cell spin polarization": {
        "value": 11.348
      },
      "atomic spin specie": {
        "value": [
"1 Co",
1.677,
"2 Co",
1.677,
"3 Co",
1.677,
"4 Co",
1.677,
"5 Co",
1.677,
"6 Co",
1.677,
"7 Ni",
0.642,
"8 Ni",
0.642
]
      },
      "saturation magnetization": {
        "value": 1.528
      },
      "magnetization temperature": {
        "value": 0
      },
      "magnetization info": {
        "value": "software VASP (vasp.5.4.4), k-points mesh 14x14x15, Ecut-off=404.298 eV, PAW_PBE, Co:PAW_PBE:02Aug2007, Ni:PAW_PBE:02Aug2007, Pressure=0.0 kbar, temperature=0K"
      },
      "magnetocrystalline anisotropy energy": {
        "value": [
0.0000000000000000,0,1.0000000000000000,-53.40419666,0.2588190451025207,0,0.9659258262890683,-53.40419069,0.5000000000000000,0,0.8660254037844386,-53.40417273,0.7071067811865476,0,0.7071067811865476,-53.40414903,0.8660254037844386,0,0.5000000000000000,-53.40412628,1.0000000000000000,0,0.0000000000000000,-53.40410473]
      },
      "anisotropy energy type": {
        "value": "uniaxial"
      },
      "magnetocrystalline anisotropy constants": {
        "value": [
0.181,-0.011]
      },
      "kind of anisotropy": {
        "value": "easy axis"
      },
      "anisotropy info": {
        "value": "software VASP (vasp.5.4.4) with spin-orbit coupling, k-points mesh 14x14x15, Ecut-off=404.298 eV, PAW_PBE, Co:PAW_PBE:02Aug2007, Ni:PAW_PBE:02Aug2007, Pressure=0.0 kbar, temperature=0K"
      },
      "exchange integrals": {
        "value": null
      },
      "exchange info": {
        "value": null
      },
      "magnetic order": {
        "value": null
      },
      "curie temperature": {
        "value": null
      },
      "curie temperature info": {
        "value": null
      },
      "anisotropy field": {
        "value": 0.262
      },
      "remanence": {
        "value": 1.528
      },
      "coercivity": {
        "value": 0.262
      },
      "energy product": {
        "value": 464.491
      },
      "hysteresis info": {
        "value": "Stoner-Wohlfarth model without shape anisotropy, perfectly rectangular hysteresis loop, temperature = 0 K. Remanence equals to saturation magnetization (Ms). Anisotropy field: mu_0*Hk=(2*K_1+4*K_2)/Ms, where mu_0 is the vacuum permeability. Coercivity: Hc=Hk. Maximum energy product (upper limit)=(1/4)*mu_0*Ms^2, note this value can only be reached if the demagnetization factor is D=0.5 and Hc>0.5*Ms."
      },
      "domain wall width": {
        "value": null
      },
      "domain wall info": {
        "value": null
      },
      "exchange stiffness": {
        "value": null
      },
      "exchange stiffness info": {
        "value": null
      }
    },
    "additional information": {
      "authors": {
        "value": ["ICCRAM"]
      },
      "reference": {
        "value": "S. Curtarolo et al. Computational Materials Science 58 (2012) 218-226"
      },
      "comments": {
        "value": "Hardness parameter=0.312"
      },
      "attached files": {
        "value": [
"Co6Ni2_#194_1A.cif",
"CONTCAR_Co6Ni2_#194_1A",
"Co6Ni2_#194_1A.png"
]
      },
      "attached files info": {
        "value": null
      }
    }
  }
}
