{
  "confidential": {
  "value": false
  }, 
  "name": "NOVAMAG_theory_ICCRAM_Co6Ni6_#166_1A",
  "properties": {
    "approach": {
      "value": "theory"
    },
    "summary": {
      "value": "crystal, energy, magnetization, MAE, coercivity, energy product"
    },
    "chemistry": {
      "chemical formula": {
        "value": "Co6Ni6"
      },
      "production info": {
        "value": "initial POSCAR from AFLOW library http://aflow.org/material.php?id=CoNi_pv/28"
      }
    },
    "crystal": {
      "compound space group": {
        "value": 166
      },
      "unit cell volume": {
        "value": 129.994671
      },
      "lattice parameters": {
        "value": [
          2.48193,
          2.48193,
          24.36771
        ]
      },
      "lattice angles": {
        "value": [
          90.00000,
          90.00000,
          120.00000
        ]
      },
      "atomic positions": {
        "value": [
"Co1(6c)",
0.00000,
0.00000,
0.87426,
"Ni1(6c)",
0.00000,
0.00000,
0.37551
]
      },
      "crystal info": {
        "value": "software VASP (vasp.5.4.4), k-points mesh 28x28x2, Ecut-off=404.298 eV, PAW_PBE, Co:PAW_PBE:02Aug2007, Ni:PAW_PBE:02Aug2007, Pressure=0.0 kbar, temperature=0K"
      }
    },
    "thermodynamics": {
      "unit cell energy": {
        "value": -75.04016575
      },
      "unit cell formation enthalpy": {
        "value": -0.016779
      },
      "energy info": {
        "value": "software VASP (vasp.5.4.4), k-points mesh 28x28x2, Ecut-off=404.298 eV, PAW_PBE, Co:PAW_PBE:02Aug2007, Ni:PAW_PBE:02Aug2007, Pressure=0.0 kbar, temperature=0K"
      },
      "interatomic potentials info": {
        "value": null
      },
      "magnetic free energy": {
        "value": null
      },
      "magnetic free energy info": {
        "value": null
      }
    },
    "magnetics": {
      "unit cell spin polarization": {
        "value": 13.685
      },
      "atomic spin specie": {
        "value": [
"1 Co",
1.656,
"2 Co",
1.656,
"3 Co",
1.656,
"4 Co",
1.656,
"5 Co",
1.656,
"6 Co",
1.656,
"7 Ni",
0.625,
"8 Ni",
0.625,
"9 Ni",
0.624,
"10 Ni",
0.626,
"11 Ni",
0.625,
"12 Ni",
0.624
]
      },
      "saturation magnetization": {
        "value": 1.226
      },
      "magnetization temperature": {
        "value": 0
      },
      "magnetization info": {
        "value": "software VASP (vasp.5.4.4), k-points mesh 28x28x2, Ecut-off=404.298 eV, PAW_PBE, Co:PAW_PBE:02Aug2007, Ni:PAW_PBE:02Aug2007, Pressure=0.0 kbar, temperature=0K"
      },
      "magnetocrystalline anisotropy energy": {
        "value": [
0.0000000000000000,0,1.0000000000000000,-75.14506869,0.2588190451025207,0,0.9659258262890683,-75.14504897,0.5000000000000000,0,0.8660254037844386,-75.14499157,0.7071067811865476,0,0.7071067811865476,-75.14491641,0.8660254037844386,0,0.5000000000000000,-75.14484189,1.0000000000000000,0,0.0000000000000000,-75.14476252]
      },
      "anisotropy energy type": {
        "value": "uniaxial"
      },
      "magnetocrystalline anisotropy constants": {
        "value": [
0.373,0.004]
      },
      "kind of anisotropy": {
        "value": "easy axis"
      },
      "anisotropy info": {
        "value": "software VASP (vasp.5.4.4) with spin-orbit coupling, k-points mesh 28x28x2, Ecut-off=404.298 eV, PAW_PBE, Co:PAW_PBE:02Aug2007, Ni:PAW_PBE:02Aug2007, Pressure=0.0 kbar, temperature=0K"
      },
      "exchange integrals": {
        "value": null
      },
      "exchange info": {
        "value": null
      },
      "magnetic order": {
        "value": null
      },
      "curie temperature": {
        "value": null
      },
      "curie temperature info": {
        "value": null
      },
      "anisotropy field": {
        "value": 0.781
      },
      "remanence": {
        "value": 1.226
      },
      "coercivity": {
        "value": 0.781
      },
      "energy product": {
        "value": 299.028
      },
      "hysteresis info": {
        "value": "Stoner-Wohlfarth model without shape anisotropy, perfectly rectangular hysteresis loop, temperature = 0 K. Remanence equals to saturation magnetization (Ms). Anisotropy field: mu_0*Hk=(2*K_1+4*K_2)/Ms, where mu_0 is the vacuum permeability. Coercivity: Hc=Hk. Maximum energy product (upper limit)=(1/4)*mu_0*Ms^2, note this value can only be reached if the demagnetization factor is D=0.5 and Hc>0.5*Ms."
      },
      "domain wall width": {
        "value": null
      },
      "domain wall info": {
        "value": null
      },
      "exchange stiffness": {
        "value": null
      },
      "exchange stiffness info": {
        "value": null
      }
    },
    "additional information": {
      "authors": {
        "value": ["ICCRAM"]
      },
      "reference": {
        "value": "S. Curtarolo et al. Computational Materials Science 58 (2012) 218-226"
      },
      "comments": {
        "value": "Hardness parameter=0.558"
      },
      "attached files": {
        "value": [
"Co6Ni6_#166_1A.cif",
"CONTCAR_Co6Ni6_#166_1A",
"Co6Ni6_#166_1A.png"
]
      },
      "attached files info": {
        "value": null
      }
    }
  }
}
