{
  "confidential": {
  "value": false
  }, 
  "name": "NOVAMAG_theory_ICCRAM_Co8Ni10_#139_1A",
  "properties": {
    "approach": {
      "value": "theory"
    },
    "summary": {
      "value": "crystal, energy, magnetization, MAE, coercivity, energy product"
    },
    "chemistry": {
      "chemical formula": {
        "value": "Co8Ni10"
      },
      "production info": {
        "value": "initial POSCAR from AFLOW library http://aflow.org/material.php?id=CoNi_pv/313"
      }
    },
    "crystal": {
      "compound space group": {
        "value": 139
      },
      "unit cell volume": {
        "value": 195.065776
      },
      "lattice parameters": {
        "value": [
          7.46369,
          7.46369,
          3.50166
        ]
      },
      "lattice angles": {
        "value": [
          90.00000,
          90.00000,
          90.00000
        ]
      },
      "atomic positions": {
        "value": [
"Co1(8i)",
0.33708,
0.00000,
0.00000,
"Ni1(2a)",
0.00000,
0.00000,
0.00000,
"Ni2(8h)",
0.66765,
0.66765,
0.00000
]
      },
      "crystal info": {
        "value": "software VASP (vasp.5.4.4), k-points mesh 8x8x17, Ecut-off=404.298 eV, PAW_PBE, Co:PAW_PBE:02Aug2007, Ni:PAW_PBE:02Aug2007, Pressure=0.0 kbar, temperature=0K"
      }
    },
    "thermodynamics": {
      "unit cell energy": {
        "value": -111.09179669
      },
      "unit cell formation enthalpy": {
        "value": -0.124627
      },
      "energy info": {
        "value": "software VASP (vasp.5.4.4), k-points mesh 8x8x17, Ecut-off=404.298 eV, PAW_PBE, Co:PAW_PBE:02Aug2007, Ni:PAW_PBE:02Aug2007, Pressure=0.0 kbar, temperature=0K"
      },
      "interatomic potentials info": {
        "value": null
      },
      "magnetic free energy": {
        "value": null
      },
      "magnetic free energy info": {
        "value": null
      }
    },
    "magnetics": {
      "unit cell spin polarization": {
        "value": 19.694
      },
      "atomic spin specie": {
        "value": [
"1 Co",
1.679,
"2 Co",
1.679,
"3 Co",
1.679,
"4 Co",
1.679,
"5 Co",
1.679,
"6 Co",
1.679,
"7 Co",
1.679,
"8 Co",
1.679,
"9 Ni",
0.640,
"10 Ni",
0.640,
"11 Ni",
0.622,
"12 Ni",
0.623,
"13 Ni",
0.623,
"14 Ni",
0.622,
"15 Ni",
0.622,
"16 Ni",
0.623,
"17 Ni",
0.623,
"18 Ni",
0.622
]
      },
      "saturation magnetization": {
        "value": 1.176
      },
      "magnetization temperature": {
        "value": 0
      },
      "magnetization info": {
        "value": "software VASP (vasp.5.4.4), k-points mesh 8x8x17, Ecut-off=404.298 eV, PAW_PBE, Co:PAW_PBE:02Aug2007, Ni:PAW_PBE:02Aug2007, Pressure=0.0 kbar, temperature=0K"
      },
      "magnetocrystalline anisotropy energy": {
        "value": [
0.0000000000000000,0,1.0000000000000000,-111.24924514,0.2588190451025207,0,0.9659258262890683,-111.24922044,0.5000000000000000,0,0.8660254037844386,-111.24916186,0.7071067811865476,0,0.7071067811865476,-111.24909076,0.8660254037844386,0,0.5000000000000000,-111.24902193,1.0000000000000000,0,0.0000000000000000,-111.24895893]
      },
      "anisotropy energy type": {
        "value": "uniaxial"
      },
      "magnetocrystalline anisotropy constants": {
        "value": [
0.277,-0.042]
      },
      "kind of anisotropy": {
        "value": "easy axis"
      },
      "anisotropy info": {
        "value": "software VASP (vasp.5.4.4) with spin-orbit coupling, k-points mesh 8x8x17, Ecut-off=404.298 eV, PAW_PBE, Co:PAW_PBE:02Aug2007, Ni:PAW_PBE:02Aug2007, Pressure=0.0 kbar, temperature=0K"
      },
      "exchange integrals": {
        "value": null
      },
      "exchange info": {
        "value": null
      },
      "magnetic order": {
        "value": null
      },
      "curie temperature": {
        "value": null
      },
      "curie temperature info": {
        "value": null
      },
      "anisotropy field": {
        "value": 0.412
      },
      "remanence": {
        "value": 1.176
      },
      "coercivity": {
        "value": 0.412
      },
      "energy product": {
        "value": 275.134
      },
      "hysteresis info": {
        "value": "Stoner-Wohlfarth model without shape anisotropy, perfectly rectangular hysteresis loop, temperature = 0 K. Remanence equals to saturation magnetization (Ms). Anisotropy field: mu_0*Hk=(2*K_1+4*K_2)/Ms, where mu_0 is the vacuum permeability. Coercivity: Hc=Hk. Maximum energy product (upper limit)=(1/4)*mu_0*Ms^2, note this value can only be reached if the demagnetization factor is D=0.5 and Hc>0.5*Ms."
      },
      "domain wall width": {
        "value": null
      },
      "domain wall info": {
        "value": null
      },
      "exchange stiffness": {
        "value": null
      },
      "exchange stiffness info": {
        "value": null
      }
    },
    "additional information": {
      "authors": {
        "value": ["ICCRAM"]
      },
      "reference": {
        "value": "S. Curtarolo et al. Computational Materials Science 58 (2012) 218-226"
      },
      "comments": {
        "value": "Hardness parameter=0.502"
      },
      "attached files": {
        "value": [
"Co8Ni10_#139_1A.cif",
"CONTCAR_Co8Ni10_#139_1A",
"Co8Ni10_#139_1A.png"
]
      },
      "attached files info": {
        "value": null
      }
    }
  }
}
