{
  "confidential": {
  "value": false
  }, 
  "name": "NOVAMAG_theory_ICCRAM_As2Fe2_#129_1A",
  "properties": {
    "approach": {
      "value": "theory"
    },
    "summary": {
      "value": "crystal, energy, magnetization, MAE"
    },
    "chemistry": {
      "chemical formula": {
        "value": "As2Fe2"
      },
      "production info": {
        "value": "initial POSCAR from AFLOW library http://aflow.org/material.php?id=AsFe_pv/196"
      }
    },
    "crystal": {
      "compound space group": {
        "value": 129
      },
      "unit cell volume": {
        "value": 65.009217
      },
      "lattice parameters": {
        "value": [
          3.05995,
          3.05995,
          6.94296
        ]
      },
      "lattice angles": {
        "value": [
          90.00000,
          90.00000,
          90.00000
        ]
      },
      "atomic positions": {
        "value": [
"As1(2c)",
0.25000,
0.25000,
0.21714,
"Fe1(2c)",
0.25000,
0.25000,
0.59535
]
      },
      "crystal info": {
        "value": "software VASP (vasp.5.4.4), k-points mesh 20x20x9, Ecut-off=401.823 eV, PAW_PBE, As:PAW_PBE:22Sep2009, Fe:PAW_PBE:06Sep2000, Pressure=0.0 kbar, temperature=0K"
      }
    },
    "thermodynamics": {
      "unit cell energy": {
        "value": -25.83720031
      },
      "unit cell formation enthalpy": {
        "value": -0.023122
      },
      "energy info": {
        "value": "software VASP (vasp.5.4.4), k-points mesh 20x20x9, Ecut-off=401.823 eV, PAW_PBE, As:PAW_PBE:22Sep2009, Fe:PAW_PBE:06Sep2000, Pressure=0.0 kbar, temperature=0K"
      },
      "interatomic potentials info": {
        "value": null
      },
      "magnetic free energy": {
        "value": null
      },
      "magnetic free energy info": {
        "value": null
      }
    },
    "magnetics": {
      "unit cell spin polarization": {
        "value": 4.608
      },
      "atomic spin specie": {
        "value": [
"1 As",
-0.037,
"2 As",
-0.037,
"3 Fe",
2.341,
"4 Fe",
2.341
]
      },
      "saturation magnetization": {
        "value": 0.826
      },
      "magnetization temperature": {
        "value": 0
      },
      "magnetization info": {
        "value": "software VASP (vasp.5.4.4), k-points mesh 20x20x9, Ecut-off=401.823 eV, PAW_PBE, As:PAW_PBE:22Sep2009, Fe:PAW_PBE:06Sep2000, Pressure=0.0 kbar, temperature=0K"
      },
      "magnetocrystalline anisotropy energy": {
        "value": [
0.0000000000000000,0,1.0000000000000000,-25.87473876,0.2588190451025207,0,0.9659258262890683,-25.87481024,0.5000000000000000,0,0.8660254037844386,-25.87500399,0.7071067811865476,0,0.7071067811865476,-25.87526370,0.8660254037844386,0,0.5000000000000000,-25.87551962,1.0000000000000000,0,0.0000000000000000,-25.87576868]
      },
      "anisotropy energy type": {
        "value": "uniaxial"
      },
      "magnetocrystalline anisotropy constants": {
        "value": [
-2.640,0.101]
      },
      "kind of anisotropy": {
        "value": "easy plane"
      },
      "anisotropy info": {
        "value": "software VASP (vasp.5.4.4) with spin-orbit coupling, k-points mesh 20x20x9, Ecut-off=401.823 eV, PAW_PBE, As:PAW_PBE:22Sep2009, Fe:PAW_PBE:06Sep2000, Pressure=0.0 kbar, temperature=0K"
      },
      "exchange integrals": {
        "value": null
      },
      "exchange info": {
        "value": null
      },
      "magnetic order": {
        "value": null
      },
      "curie temperature": {
        "value": null
      },
      "curie temperature info": {
        "value": null
      },
      "anisotropy field": {
        "value": null
      },
      "remanence": {
        "value": null
      },
      "coercivity": {
        "value": null
      },
      "energy product": {
        "value": null
      },
      "hysteresis info": {
        "value": null
      },
      "domain wall width": {
        "value": null
      },
      "domain wall info": {
        "value": null
      },
      "exchange stiffness": {
        "value": null
      },
      "exchange stiffness info": {
        "value": null
      }
    },
    "additional information": {
      "authors": {
        "value": ["ICCRAM"]
      },
      "reference": {
        "value": "S. Curtarolo et al. Computational Materials Science 58 (2012) 218-226"
      },
      "comments": {
        "value": null
      },
      "attached files": {
        "value": [
"As2Fe2_#129_1A.cif",
"CONTCAR_As2Fe2_#129_1A",
"As2Fe2_#129_1A.png"
]
      },
      "attached files info": {
        "value": null
      }
    }
  }
}
