{
  "confidential": {
  "value": false
  }, 
  "name": "NOVAMAG_theory_ICCRAM_As3Fe6_#189_1A",
  "properties": {
    "approach": {
      "value": "theory"
    },
    "summary": {
      "value": "crystal, energy, magnetization, MAE, coercivity, energy product"
    },
    "chemistry": {
      "chemical formula": {
        "value": "As3Fe6"
      },
      "production info": {
        "value": "initial POSCAR from AFLOW library http://aflow.org/material.php?id=AsFe_pv/208"
      }
    },
    "crystal": {
      "compound space group": {
        "value": 189
      },
      "unit cell volume": {
        "value": 113.047822
      },
      "lattice parameters": {
        "value": [
          6.06299,
          6.06299,
          3.55105
        ]
      },
      "lattice angles": {
        "value": [
          90.00000,
          90.00000,
          120.00000
        ]
      },
      "atomic positions": {
        "value": [
"As1(2c)",
0.33333,
0.66667,
0.00000,
"As2(1b)",
0.00000,
0.00000,
0.50000,
"Fe1(3f)",
0.25464,
0.00000,
0.00000,
"Fe2(3g)",
0.58922,
0.00000,
0.50000
]
      },
      "crystal info": {
        "value": "software VASP (vasp.5.4.4), k-points mesh 11x11x17, Ecut-off=401.823 eV, PAW_PBE, As:PAW_PBE:22Sep2009, Fe:PAW_PBE:06Sep2000, Pressure=0.0 kbar, temperature=0K"
      }
    },
    "thermodynamics": {
      "unit cell energy": {
        "value": -64.03788987
      },
      "unit cell formation enthalpy": {
        "value": -0.605199
      },
      "energy info": {
        "value": "software VASP (vasp.5.4.4), k-points mesh 11x11x17, Ecut-off=401.823 eV, PAW_PBE, As:PAW_PBE:22Sep2009, Fe:PAW_PBE:06Sep2000, Pressure=0.0 kbar, temperature=0K"
      },
      "interatomic potentials info": {
        "value": null
      },
      "magnetic free energy": {
        "value": null
      },
      "magnetic free energy info": {
        "value": null
      }
    },
    "magnetics": {
      "unit cell spin polarization": {
        "value": 9.405
      },
      "atomic spin specie": {
        "value": [
"1 As",
-0.059,
"2 As",
-0.059,
"3 As",
-0.052,
"4 Fe",
0.835,
"5 Fe",
0.835,
"6 Fe",
0.835,
"7 Fe",
2.356,
"8 Fe",
2.356,
"9 Fe",
2.356
]
      },
      "saturation magnetization": {
        "value": 0.969
      },
      "magnetization temperature": {
        "value": 0
      },
      "magnetization info": {
        "value": "software VASP (vasp.5.4.4), k-points mesh 11x11x17, Ecut-off=401.823 eV, PAW_PBE, As:PAW_PBE:22Sep2009, Fe:PAW_PBE:06Sep2000, Pressure=0.0 kbar, temperature=0K"
      },
      "magnetocrystalline anisotropy energy": {
        "value": [
0.0000000000000000,0,1.0000000000000000,-64.10966487,0.2588190451025207,0,0.9659258262890683,-64.10956041,0.5000000000000000,0,0.8660254037844386,-64.10927358,0.7071067811865476,0,0.7071067811865476,-64.10887805,0.8660254037844386,0,0.5000000000000000,-64.10846598,1.0000000000000000,0,0.0000000000000000,-64.10805670]
      },
      "anisotropy energy type": {
        "value": "uniaxial"
      },
      "magnetocrystalline anisotropy constants": {
        "value": [
2.194,0.088]
      },
      "kind of anisotropy": {
        "value": "easy axis"
      },
      "anisotropy info": {
        "value": "software VASP (vasp.5.4.4) with spin-orbit coupling, k-points mesh 11x11x17, Ecut-off=401.823 eV, PAW_PBE, As:PAW_PBE:22Sep2009, Fe:PAW_PBE:06Sep2000, Pressure=0.0 kbar, temperature=0K"
      },
      "exchange integrals": {
        "value": null
      },
      "exchange info": {
        "value": null
      },
      "magnetic order": {
        "value": null
      },
      "curie temperature": {
        "value": null
      },
      "curie temperature info": {
        "value": null
      },
      "anisotropy field": {
        "value": 6.147
      },
      "remanence": {
        "value": 0.969
      },
      "coercivity": {
        "value": 6.147
      },
      "energy product": {
        "value": 186.800
      },
      "hysteresis info": {
        "value": "Stoner-Wohlfarth model without shape anisotropy, perfectly rectangular hysteresis loop, temperature = 0 K. Remanence equals to saturation magnetization (Ms). Anisotropy field: mu_0*Hk=(2*K_1+4*K_2)/Ms, where mu_0 is the vacuum permeability. Coercivity: Hc=Hk. Maximum energy product (upper limit)=(1/4)*mu_0*Ms^2, note this value can only be reached if the demagnetization factor is D=0.5 and Hc>0.5*Ms."
      },
      "domain wall width": {
        "value": null
      },
      "domain wall info": {
        "value": null
      },
      "exchange stiffness": {
        "value": null
      },
      "exchange stiffness info": {
        "value": null
      }
    },
    "additional information": {
      "authors": {
        "value": ["ICCRAM"]
      },
      "reference": {
        "value": "S. Curtarolo et al. Computational Materials Science 58 (2012) 218-226"
      },
      "comments": {
        "value": "Hardness parameter=1.714"
      },
      "attached files": {
        "value": [
"As3Fe6_#189_1A.cif",
"CONTCAR_As3Fe6_#189_1A",
"As3Fe6_#189_1A.png"
]
      },
      "attached files info": {
        "value": null
      }
    }
  }
}
