{
  "confidential": {
  "value": false
  }, 
  "name": "NOVAMAG_theory_ICCRAM_As4Fe12_#194_1A",
  "properties": {
    "approach": {
      "value": "theory"
    },
    "summary": {
      "value": "crystal, energy, magnetization, MAE"
    },
    "chemistry": {
      "chemical formula": {
        "value": "As4Fe12"
      },
      "production info": {
        "value": "initial POSCAR from AFLOW library http://aflow.org/material.php?id=AsFe_pv/271"
      }
    },
    "crystal": {
      "compound space group": {
        "value": 194
      },
      "unit cell volume": {
        "value": 200.208668
      },
      "lattice parameters": {
        "value": [
          5.20181,
          5.20181,
          4.27192
        ]
      },
      "lattice angles": {
        "value": [
          90.00000,
          90.00000,
          120.00000
        ]
      },
      "atomic positions": {
        "value": [
"As1(2d)",
0.33333,
0.66667,
0.75000,
"Fe1(6h)",
0.16040,
0.32081,
0.25000
]
      },
      "crystal info": {
        "value": "software VASP (vasp.5.4.4), k-points mesh 12x7x14, Ecut-off=401.823 eV, PAW_PBE, As:PAW_PBE:22Sep2009, Fe:PAW_PBE:06Sep2000, Pressure=0.0 kbar, temperature=0K"
      }
    },
    "thermodynamics": {
      "unit cell energy": {
        "value": -117.81800782
      },
      "unit cell formation enthalpy": {
        "value": -0.292321
      },
      "energy info": {
        "value": "software VASP (vasp.5.4.4), k-points mesh 12x7x14, Ecut-off=401.823 eV, PAW_PBE, As:PAW_PBE:22Sep2009, Fe:PAW_PBE:06Sep2000, Pressure=0.0 kbar, temperature=0K"
      },
      "interatomic potentials info": {
        "value": null
      },
      "magnetic free energy": {
        "value": null
      },
      "magnetic free energy info": {
        "value": null
      }
    },
    "magnetics": {
      "unit cell spin polarization": {
        "value": 29.340
      },
      "atomic spin specie": {
        "value": [
"1 As",
-0.040,
"2 As",
-0.040,
"3 As",
-0.040,
"4 As",
-0.040,
"5 Fe",
2.458,
"6 Fe",
2.457,
"7 Fe",
2.458,
"8 Fe",
2.457,
"9 Fe",
2.458,
"10 Fe",
2.459,
"11 Fe",
2.459,
"12 Fe",
2.458,
"13 Fe",
2.458,
"14 Fe",
2.459,
"15 Fe",
2.459,
"16 Fe",
2.458
]
      },
      "saturation magnetization": {
        "value": 1.707
      },
      "magnetization temperature": {
        "value": 0
      },
      "magnetization info": {
        "value": "software VASP (vasp.5.4.4), k-points mesh 12x7x14, Ecut-off=401.823 eV, PAW_PBE, As:PAW_PBE:22Sep2009, Fe:PAW_PBE:06Sep2000, Pressure=0.0 kbar, temperature=0K"
      },
      "magnetocrystalline anisotropy energy": {
        "value": [
0.0000000000000000,0,1.0000000000000000,-117.93568344,0.2588190451025207,0,0.9659258262890683,-117.93574985,0.5000000000000000,0,0.8660254037844386,-117.93593004,0.7071067811865476,0,0.7071067811865476,-117.93617410,0.8660254037844386,0,0.5000000000000000,-117.93641540,1.0000000000000000,0,0.0000000000000000,-117.93664523]
      },
      "anisotropy energy type": {
        "value": "uniaxial"
      },
      "magnetocrystalline anisotropy constants": {
        "value": [
-0.801,0.029]
      },
      "kind of anisotropy": {
        "value": "easy plane"
      },
      "anisotropy info": {
        "value": "software VASP (vasp.5.4.4) with spin-orbit coupling, k-points mesh 12x7x14, Ecut-off=401.823 eV, PAW_PBE, As:PAW_PBE:22Sep2009, Fe:PAW_PBE:06Sep2000, Pressure=0.0 kbar, temperature=0K"
      },
      "exchange integrals": {
        "value": null
      },
      "exchange info": {
        "value": null
      },
      "magnetic order": {
        "value": null
      },
      "curie temperature": {
        "value": null
      },
      "curie temperature info": {
        "value": null
      },
      "anisotropy field": {
        "value": null
      },
      "remanence": {
        "value": null
      },
      "coercivity": {
        "value": null
      },
      "energy product": {
        "value": null
      },
      "hysteresis info": {
        "value": null
      },
      "domain wall width": {
        "value": null
      },
      "domain wall info": {
        "value": null
      },
      "exchange stiffness": {
        "value": null
      },
      "exchange stiffness info": {
        "value": null
      }
    },
    "additional information": {
      "authors": {
        "value": ["ICCRAM"]
      },
      "reference": {
        "value": "S. Curtarolo et al. Computational Materials Science 58 (2012) 218-226"
      },
      "comments": {
        "value": null
      },
      "attached files": {
        "value": [
"As4Fe12_#194_1A.cif",
"CONTCAR_As4Fe12_#194_1A",
"As4Fe12_#194_1A.png"
]
      },
      "attached files info": {
        "value": null
      }
    }
  }
}
