{
  "confidential": {
  "value": false
  }, 
  "name": "NOVAMAG_theory_ICCRAM_As4Fe12_#139_1A",
  "properties": {
    "approach": {
      "value": "theory"
    },
    "summary": {
      "value": "crystal, energy, magnetization, MAE"
    },
    "chemistry": {
      "chemical formula": {
        "value": "As4Fe12"
      },
      "production info": {
        "value": "initial POSCAR from AFLOW library http://aflow.org/material.php?id=AsFe_pv/280"
      }
    },
    "crystal": {
      "compound space group": {
        "value": 139
      },
      "unit cell volume": {
        "value": 196.361856
      },
      "lattice parameters": {
        "value": [
          3.64823,
          3.64823,
          14.75343
        ]
      },
      "lattice angles": {
        "value": [
          90.00000,
          90.00000,
          90.00000
        ]
      },
      "atomic positions": {
        "value": [
"As1(4e)",
0.00000,
0.00000,
0.37008,
"Fe1(4c)",
0.00000,
0.50000,
0.00000,
"Fe2(4d)",
0.00000,
0.50000,
0.25000,
"Fe3(4e)",
0.00000,
0.00000,
0.12072
]
      },
      "crystal info": {
        "value": "software VASP (vasp.5.4.4), k-points mesh 16x16x4, Ecut-off=401.823 eV, PAW_PBE, As:PAW_PBE:22Sep2009, Fe:PAW_PBE:06Sep2000, Pressure=0.0 kbar, temperature=0K"
      }
    },
    "thermodynamics": {
      "unit cell energy": {
        "value": -117.72895979
      },
      "unit cell formation enthalpy": {
        "value": -0.203273
      },
      "energy info": {
        "value": "software VASP (vasp.5.4.4), k-points mesh 16x16x4, Ecut-off=401.823 eV, PAW_PBE, As:PAW_PBE:22Sep2009, Fe:PAW_PBE:06Sep2000, Pressure=0.0 kbar, temperature=0K"
      },
      "interatomic potentials info": {
        "value": null
      },
      "magnetic free energy": {
        "value": null
      },
      "magnetic free energy info": {
        "value": null
      }
    },
    "magnetics": {
      "unit cell spin polarization": {
        "value": 27.802
      },
      "atomic spin specie": {
        "value": [
"1 As",
-0.050,
"2 As",
-0.050,
"3 As",
-0.050,
"4 As",
-0.050,
"5 Fe",
2.479,
"6 Fe",
2.478,
"7 Fe",
2.476,
"8 Fe",
2.477,
"9 Fe",
2.207,
"10 Fe",
2.206,
"11 Fe",
2.204,
"12 Fe",
2.204,
"13 Fe",
2.319,
"14 Fe",
2.319,
"15 Fe",
2.317,
"16 Fe",
2.317
]
      },
      "saturation magnetization": {
        "value": 1.649
      },
      "magnetization temperature": {
        "value": 0
      },
      "magnetization info": {
        "value": "software VASP (vasp.5.4.4), k-points mesh 16x16x4, Ecut-off=401.823 eV, PAW_PBE, As:PAW_PBE:22Sep2009, Fe:PAW_PBE:06Sep2000, Pressure=0.0 kbar, temperature=0K"
      },
      "magnetocrystalline anisotropy energy": {
        "value": [
0.0000000000000000,0,1.0000000000000000,-117.84917931,0.2588190451025207,0,0.9659258262890683,-117.84919433,0.5000000000000000,0,0.8660254037844386,-117.84923719,0.7071067811865476,0,0.7071067811865476,-117.84929693,0.8660254037844386,0,0.5000000000000000,-117.84935255,1.0000000000000000,0,0.0000000000000000,-117.84940575]
      },
      "anisotropy energy type": {
        "value": "uniaxial"
      },
      "magnetocrystalline anisotropy constants": {
        "value": [
-0.196,0.011]
      },
      "kind of anisotropy": {
        "value": "easy plane"
      },
      "anisotropy info": {
        "value": "software VASP (vasp.5.4.4) with spin-orbit coupling, k-points mesh 16x16x4, Ecut-off=401.823 eV, PAW_PBE, As:PAW_PBE:22Sep2009, Fe:PAW_PBE:06Sep2000, Pressure=0.0 kbar, temperature=0K"
      },
      "exchange integrals": {
        "value": null
      },
      "exchange info": {
        "value": null
      },
      "magnetic order": {
        "value": null
      },
      "curie temperature": {
        "value": null
      },
      "curie temperature info": {
        "value": null
      },
      "anisotropy field": {
        "value": null
      },
      "remanence": {
        "value": null
      },
      "coercivity": {
        "value": null
      },
      "energy product": {
        "value": null
      },
      "hysteresis info": {
        "value": null
      },
      "domain wall width": {
        "value": null
      },
      "domain wall info": {
        "value": null
      },
      "exchange stiffness": {
        "value": null
      },
      "exchange stiffness info": {
        "value": null
      }
    },
    "additional information": {
      "authors": {
        "value": ["ICCRAM"]
      },
      "reference": {
        "value": "S. Curtarolo et al. Computational Materials Science 58 (2012) 218-226"
      },
      "comments": {
        "value": null
      },
      "attached files": {
        "value": [
"As4Fe12_#139_1A.cif",
"CONTCAR_As4Fe12_#139_1A",
"As4Fe12_#139_1A.png"
]
      },
      "attached files info": {
        "value": null
      }
    }
  }
}
