{
  "confidential": {
  "value": false
  }, 
  "name": "NOVAMAG_theory_ICCRAM_Co16Ta2_#139_1A",
  "properties": {
    "approach": {
      "value": "theory"
    },
    "summary": {
      "value": "crystal, energy, magnetization, MAE"
    },
    "chemistry": {
      "chemical formula": {
        "value": "Co16Ta2"
      },
      "production info": {
        "value": "initial POSCAR from AFLOW library http://aflow.org/material.php?id=CoTa_pv/311"
      }
    },
    "crystal": {
      "compound space group": {
        "value": 139
      },
      "unit cell volume": {
        "value": 205.739729
      },
      "lattice parameters": {
        "value": [
          7.60332,
          7.60332,
          3.55887
        ]
      },
      "lattice angles": {
        "value": [
          90.00000,
          90.00000,
          90.00000
        ]
      },
      "atomic positions": {
        "value": [
"Co1(8i)",
0.34071,
0.00000,
0.00000,
"Co2(8h)",
0.32568,
0.32568,
0.00000,
"Ta1(2a)",
0.00000,
0.00000,
0.00000
]
      },
      "crystal info": {
        "value": "software VASP (vasp.5.4.4), k-points mesh 8x8x17, Ecut-off=401.952 eV, PAW_PBE, Co:PAW_PBE:02Aug2007, Ta:PAW_PBE:17Jan2003, Pressure=0.0 kbar, temperature=0K"
      }
    },
    "thermodynamics": {
      "unit cell energy": {
        "value": -136.93727230
      },
      "unit cell formation enthalpy": {
        "value": -0.637511
      },
      "energy info": {
        "value": "software VASP (vasp.5.4.4), k-points mesh 8x8x17, Ecut-off=401.952 eV, PAW_PBE, Co:PAW_PBE:02Aug2007, Ta:PAW_PBE:17Jan2003, Pressure=0.0 kbar, temperature=0K"
      },
      "interatomic potentials info": {
        "value": null
      },
      "magnetic free energy": {
        "value": null
      },
      "magnetic free energy info": {
        "value": null
      }
    },
    "magnetics": {
      "unit cell spin polarization": {
        "value": 20.562
      },
      "atomic spin specie": {
        "value": [
"1 Co",
1.400,
"2 Co",
1.400,
"3 Co",
1.400,
"4 Co",
1.400,
"5 Co",
1.399,
"6 Co",
1.399,
"7 Co",
1.400,
"8 Co",
1.400,
"9 Co",
1.308,
"10 Co",
1.309,
"11 Co",
1.307,
"12 Co",
1.308,
"13 Co",
1.309,
"14 Co",
1.307,
"15 Co",
1.310,
"16 Co",
1.309,
"17 Ta",
-0.551,
"18 Ta",
-0.551
]
      },
      "saturation magnetization": {
        "value": 1.164
      },
      "magnetization temperature": {
        "value": 0
      },
      "magnetization info": {
        "value": "software VASP (vasp.5.4.4), k-points mesh 8x8x17, Ecut-off=401.952 eV, PAW_PBE, Co:PAW_PBE:02Aug2007, Ta:PAW_PBE:17Jan2003, Pressure=0.0 kbar, temperature=0K"
      },
      "magnetocrystalline anisotropy energy": {
        "value": [
0.0000000000000000,0,1.0000000000000000,-137.37204530,0.2588190451025207,0,0.9659258262890683,-137.37209343,0.5000000000000000,0,0.8660254037844386,-137.37222638,0.7071067811865476,0,0.7071067811865476,-137.37240939,0.8660254037844386,0,0.5000000000000000,-137.37259216,1.0000000000000000,0,0.0000000000000000,-137.37276997]
      },
      "anisotropy energy type": {
        "value": "uniaxial"
      },
      "magnetocrystalline anisotropy constants": {
        "value": [
-0.569,0.003]
      },
      "kind of anisotropy": {
        "value": "easy plane"
      },
      "anisotropy info": {
        "value": "software VASP (vasp.5.4.4) with spin-orbit coupling, k-points mesh 8x8x17, Ecut-off=401.952 eV, PAW_PBE, Co:PAW_PBE:02Aug2007, Ta:PAW_PBE:17Jan2003, Pressure=0.0 kbar, temperature=0K"
      },
      "exchange integrals": {
        "value": null
      },
      "exchange info": {
        "value": null
      },
      "magnetic order": {
        "value": null
      },
      "curie temperature": {
        "value": null
      },
      "curie temperature info": {
        "value": null
      },
      "anisotropy field": {
        "value": null
      },
      "remanence": {
        "value": null
      },
      "coercivity": {
        "value": null
      },
      "energy product": {
        "value": null
      },
      "hysteresis info": {
        "value": null
      },
      "domain wall width": {
        "value": null
      },
      "domain wall info": {
        "value": null
      },
      "exchange stiffness": {
        "value": null
      },
      "exchange stiffness info": {
        "value": null
      }
    },
    "additional information": {
      "authors": {
        "value": ["ICCRAM"]
      },
      "reference": {
        "value": "S. Curtarolo et al. Computational Materials Science 58 (2012) 218-226"
      },
      "comments": {
        "value": null
      },
      "attached files": {
        "value": [
"Co16Ta2_#139_1A.cif",
"CONTCAR_Co16Ta2_#139_1A",
"Co16Ta2_#139_1A.png"
]
      },
      "attached files info": {
        "value": null
      }
    }
  }
}
