{
  "confidential": {
  "value": false
  }, 
  "name": "NOVAMAG_theory_ICCRAM_Co3Ta1_#123_1A",
  "properties": {
    "approach": {
      "value": "theory"
    },
    "summary": {
      "value": "crystal, energy, magnetization, MAE, coercivity, energy product"
    },
    "chemistry": {
      "chemical formula": {
        "value": "Co3Ta1"
      },
      "production info": {
        "value": "initial POSCAR from AFLOW library http://aflow.org/material.php?id=CoTa_pv/78"
      }
    },
    "crystal": {
      "compound space group": {
        "value": 123
      },
      "unit cell volume": {
        "value": 49.850321
      },
      "lattice parameters": {
        "value": [
          3.08526,
          3.08526,
          5.23703
        ]
      },
      "lattice angles": {
        "value": [
          90.00000,
          90.00000,
          90.00000
        ]
      },
      "atomic positions": {
        "value": [
"Co1(2g)",
0.00000,
0.00000,
0.76521,
"Co2(1c)",
0.50000,
0.50000,
0.00000,
"Ta1(1d)",
0.50000,
0.50000,
0.50000
]
      },
      "crystal info": {
        "value": "software VASP (vasp.5.4.4), k-points mesh 19x19x11, Ecut-off=401.952 eV, PAW_PBE, Co:PAW_PBE:02Aug2007, Ta:PAW_PBE:17Jan2003, Pressure=0.0 kbar, temperature=0K"
      }
    },
    "thermodynamics": {
      "unit cell energy": {
        "value": -33.10889158
      },
      "unit cell formation enthalpy": {
        "value": -0.138943
      },
      "energy info": {
        "value": "software VASP (vasp.5.4.4), k-points mesh 19x19x11, Ecut-off=401.952 eV, PAW_PBE, Co:PAW_PBE:02Aug2007, Ta:PAW_PBE:17Jan2003, Pressure=0.0 kbar, temperature=0K"
      },
      "interatomic potentials info": {
        "value": null
      },
      "magnetic free energy": {
        "value": null
      },
      "magnetic free energy info": {
        "value": null
      }
    },
    "magnetics": {
      "unit cell spin polarization": {
        "value": 2.509
      },
      "atomic spin specie": {
        "value": [
"1 Co",
0.610,
"2 Co",
0.610,
"3 Co",
1.554,
"4 Ta",
-0.265
]
      },
      "saturation magnetization": {
        "value": 0.586
      },
      "magnetization temperature": {
        "value": 0
      },
      "magnetization info": {
        "value": "software VASP (vasp.5.4.4), k-points mesh 19x19x11, Ecut-off=401.952 eV, PAW_PBE, Co:PAW_PBE:02Aug2007, Ta:PAW_PBE:17Jan2003, Pressure=0.0 kbar, temperature=0K"
      },
      "magnetocrystalline anisotropy energy": {
        "value": [
0.0000000000000000,0,1.0000000000000000,-33.28897696,0.2588190451025207,0,0.9659258262890683,-33.28891673,0.5000000000000000,0,0.8660254037844386,-33.28875118,0.7071067811865476,0,0.7071067811865476,-33.28852321,0.8660254037844386,0,0.5000000000000000,-33.28829075,1.0000000000000000,0,0.0000000000000000,-33.28805685]
      },
      "anisotropy energy type": {
        "value": "uniaxial"
      },
      "magnetocrystalline anisotropy constants": {
        "value": [
2.882,0.076]
      },
      "kind of anisotropy": {
        "value": "easy axis"
      },
      "anisotropy info": {
        "value": "software VASP (vasp.5.4.4) with spin-orbit coupling, k-points mesh 19x19x11, Ecut-off=401.952 eV, PAW_PBE, Co:PAW_PBE:02Aug2007, Ta:PAW_PBE:17Jan2003, Pressure=0.0 kbar, temperature=0K"
      },
      "exchange integrals": {
        "value": null
      },
      "exchange info": {
        "value": null
      },
      "magnetic order": {
        "value": null
      },
      "curie temperature": {
        "value": null
      },
      "curie temperature info": {
        "value": null
      },
      "anisotropy field": {
        "value": 13.012
      },
      "remanence": {
        "value": 0.586
      },
      "coercivity": {
        "value": 13.012
      },
      "energy product": {
        "value": 68.316
      },
      "hysteresis info": {
        "value": "Stoner-Wohlfarth model without shape anisotropy, perfectly rectangular hysteresis loop, temperature = 0 K. Remanence equals to saturation magnetization (Ms). Anisotropy field: mu_0*Hk=(2*K_1+4*K_2)/Ms, where mu_0 is the vacuum permeability. Coercivity: Hc=Hk. Maximum energy product (upper limit)=(1/4)*mu_0*Ms^2, note this value can only be reached if the demagnetization factor is D=0.5 and Hc>0.5*Ms."
      },
      "domain wall width": {
        "value": null
      },
      "domain wall info": {
        "value": null
      },
      "exchange stiffness": {
        "value": null
      },
      "exchange stiffness info": {
        "value": null
      }
    },
    "additional information": {
      "authors": {
        "value": ["ICCRAM"]
      },
      "reference": {
        "value": "S. Curtarolo et al. Computational Materials Science 58 (2012) 218-226"
      },
      "comments": {
        "value": "Hardness parameter=3.248"
      },
      "attached files": {
        "value": [
"Co3Ta1_#123_1A.cif",
"CONTCAR_Co3Ta1_#123_1A",
"Co3Ta1_#123_1A.png"
]
      },
      "attached files info": {
        "value": null
      }
    }
  }
}
