{
  "confidential": {
  "value": false
  }, 
  "name": "NOVAMAG_theory_ICCRAM_Co6Ta2_#139_1A",
  "properties": {
    "approach": {
      "value": "theory"
    },
    "summary": {
      "value": "crystal, energy, magnetization, MAE"
    },
    "chemistry": {
      "chemical formula": {
        "value": "Co6Ta2"
      },
      "production info": {
        "value": "initial POSCAR from AFLOW library http://aflow.org/material.php?id=CoTa_pv/551"
      }
    },
    "crystal": {
      "compound space group": {
        "value": 139
      },
      "unit cell volume": {
        "value": 97.368425
      },
      "lattice parameters": {
        "value": [
          3.63807,
          3.63807,
          7.35659
        ]
      },
      "lattice angles": {
        "value": [
          90.00000,
          90.00000,
          90.00000
        ]
      },
      "atomic positions": {
        "value": [
"Co1(4d)",
0.00000,
0.50000,
0.25000,
"Co2(2a)",
0.00000,
0.00000,
0.00000,
"Ta1(2b)",
0.00000,
0.00000,
0.50000
]
      },
      "crystal info": {
        "value": "software VASP (vasp.5.4.4), k-points mesh 8x16x16, Ecut-off=401.952 eV, PAW_PBE, Co:PAW_PBE:02Aug2007, Ta:PAW_PBE:17Jan2003, Pressure=0.0 kbar, temperature=0K"
      }
    },
    "thermodynamics": {
      "unit cell energy": {
        "value": -67.24031471
      },
      "unit cell formation enthalpy": {
        "value": -1.300417
      },
      "energy info": {
        "value": "software VASP (vasp.5.4.4), k-points mesh 8x16x16, Ecut-off=401.952 eV, PAW_PBE, Co:PAW_PBE:02Aug2007, Ta:PAW_PBE:17Jan2003, Pressure=0.0 kbar, temperature=0K"
      },
      "interatomic potentials info": {
        "value": null
      },
      "magnetic free energy": {
        "value": null
      },
      "magnetic free energy info": {
        "value": null
      }
    },
    "magnetics": {
      "unit cell spin polarization": {
        "value": 4.511
      },
      "atomic spin specie": {
        "value": [
"1 Co",
0.819,
"2 Co",
0.827,
"3 Co",
0.818,
"4 Co",
0.809,
"5 Co",
0.955,
"6 Co",
0.955,
"7 Ta",
-0.336,
"8 Ta",
-0.336
]
      },
      "saturation magnetization": {
        "value": 0.540
      },
      "magnetization temperature": {
        "value": 0
      },
      "magnetization info": {
        "value": "software VASP (vasp.5.4.4), k-points mesh 8x16x16, Ecut-off=401.952 eV, PAW_PBE, Co:PAW_PBE:02Aug2007, Ta:PAW_PBE:17Jan2003, Pressure=0.0 kbar, temperature=0K"
      },
      "magnetocrystalline anisotropy energy": {
        "value": [
0.0000000000000000,0,1.0000000000000000,-67.59621651,0.2588190451025207,0,0.9659258262890683,-67.59622644,0.5000000000000000,0,0.8660254037844386,-67.59625285,0.7071067811865476,0,0.7071067811865476,-67.59628594,0.8660254037844386,0,0.5000000000000000,-67.59631610,1.0000000000000000,0,0.0000000000000000,-67.59634096]
      },
      "anisotropy energy type": {
        "value": "uniaxial"
      },
      "magnetocrystalline anisotropy constants": {
        "value": [
-0.253,0.049]
      },
      "kind of anisotropy": {
        "value": "easy plane"
      },
      "anisotropy info": {
        "value": "software VASP (vasp.5.4.4) with spin-orbit coupling, k-points mesh 8x16x16, Ecut-off=401.952 eV, PAW_PBE, Co:PAW_PBE:02Aug2007, Ta:PAW_PBE:17Jan2003, Pressure=0.0 kbar, temperature=0K"
      },
      "exchange integrals": {
        "value": null
      },
      "exchange info": {
        "value": null
      },
      "magnetic order": {
        "value": null
      },
      "curie temperature": {
        "value": null
      },
      "curie temperature info": {
        "value": null
      },
      "anisotropy field": {
        "value": null
      },
      "remanence": {
        "value": null
      },
      "coercivity": {
        "value": null
      },
      "energy product": {
        "value": null
      },
      "hysteresis info": {
        "value": null
      },
      "domain wall width": {
        "value": null
      },
      "domain wall info": {
        "value": null
      },
      "exchange stiffness": {
        "value": null
      },
      "exchange stiffness info": {
        "value": null
      }
    },
    "additional information": {
      "authors": {
        "value": ["ICCRAM"]
      },
      "reference": {
        "value": "S. Curtarolo et al. Computational Materials Science 58 (2012) 218-226"
      },
      "comments": {
        "value": null
      },
      "attached files": {
        "value": [
"Co6Ta2_#139_1A.cif",
"CONTCAR_Co6Ta2_#139_1A",
"Co6Ta2_#139_1A.png"
]
      },
      "attached files info": {
        "value": null
      }
    }
  }
}
