{
  "confidential": {
  "value": false
  }, 
  "name": "NOVAMAG_theory_ICCRAM_Co8Ta2_#87_1A",
  "properties": {
    "approach": {
      "value": "theory"
    },
    "summary": {
      "value": "crystal, energy, magnetization, MAE"
    },
    "chemistry": {
      "chemical formula": {
        "value": "Co8Ta2"
      },
      "production info": {
        "value": "initial POSCAR from AFLOW library http://aflow.org/material.php?id=CoTa_pv/286"
      }
    },
    "crystal": {
      "compound space group": {
        "value": 87
      },
      "unit cell volume": {
        "value": 119.808127
      },
      "lattice parameters": {
        "value": [
          5.78554,
          5.78554,
          3.57930
        ]
      },
      "lattice angles": {
        "value": [
          90.00000,
          90.00000,
          90.00000
        ]
      },
      "atomic positions": {
        "value": [
"Co1(8h)",
0.59277,
0.18869,
0.00000,
"Ta1(2a)",
0.00000,
0.00000,
0.00000
]
      },
      "crystal info": {
        "value": "software VASP (vasp.5.4.4), k-points mesh 10x10x17, Ecut-off=401.952 eV, PAW_PBE, Co:PAW_PBE:02Aug2007, Ta:PAW_PBE:17Jan2003, Pressure=0.0 kbar, temperature=0K"
      }
    },
    "thermodynamics": {
      "unit cell energy": {
        "value": -80.79748957
      },
      "unit cell formation enthalpy": {
        "value": -0.785619
      },
      "energy info": {
        "value": "software VASP (vasp.5.4.4), k-points mesh 10x10x17, Ecut-off=401.952 eV, PAW_PBE, Co:PAW_PBE:02Aug2007, Ta:PAW_PBE:17Jan2003, Pressure=0.0 kbar, temperature=0K"
      },
      "interatomic potentials info": {
        "value": null
      },
      "magnetic free energy": {
        "value": null
      },
      "magnetic free energy info": {
        "value": null
      }
    },
    "magnetics": {
      "unit cell spin polarization": {
        "value": 8.412
      },
      "atomic spin specie": {
        "value": [
"1 Co",
1.143,
"2 Co",
1.143,
"3 Co",
1.143,
"4 Co",
1.143,
"5 Co",
1.143,
"6 Co",
1.143,
"7 Co",
1.143,
"8 Co",
1.143,
"9 Ta",
-0.366,
"10 Ta",
-0.366
]
      },
      "saturation magnetization": {
        "value": 0.818
      },
      "magnetization temperature": {
        "value": 0
      },
      "magnetization info": {
        "value": "software VASP (vasp.5.4.4), k-points mesh 10x10x17, Ecut-off=401.952 eV, PAW_PBE, Co:PAW_PBE:02Aug2007, Ta:PAW_PBE:17Jan2003, Pressure=0.0 kbar, temperature=0K"
      },
      "magnetocrystalline anisotropy energy": {
        "value": [
0.0000000000000000,0,1.0000000000000000,-81.16954593,0.2588190451025207,0,0.9659258262890683,-81.16955675,0.5000000000000000,0,0.8660254037844386,-81.16958322,0.7071067811865476,0,0.7071067811865476,-81.16959358,0.8660254037844386,0,0.5000000000000000,-81.16958389,1.0000000000000000,0,0.0000000000000000,-81.16957994]
      },
      "anisotropy energy type": {
        "value": "uniaxial"
      },
      "magnetocrystalline anisotropy constants": {
        "value": [
-0.209,0.171]
      },
      "kind of anisotropy": {
        "value": "easy cone"
      },
      "anisotropy info": {
        "value": "software VASP (vasp.5.4.4) with spin-orbit coupling, k-points mesh 10x10x17, Ecut-off=401.952 eV, PAW_PBE, Co:PAW_PBE:02Aug2007, Ta:PAW_PBE:17Jan2003, Pressure=0.0 kbar, temperature=0K"
      },
      "exchange integrals": {
        "value": null
      },
      "exchange info": {
        "value": null
      },
      "magnetic order": {
        "value": null
      },
      "curie temperature": {
        "value": null
      },
      "curie temperature info": {
        "value": null
      },
      "anisotropy field": {
        "value": null
      },
      "remanence": {
        "value": null
      },
      "coercivity": {
        "value": null
      },
      "energy product": {
        "value": null
      },
      "hysteresis info": {
        "value": null
      },
      "domain wall width": {
        "value": null
      },
      "domain wall info": {
        "value": null
      },
      "exchange stiffness": {
        "value": null
      },
      "exchange stiffness info": {
        "value": null
      }
    },
    "additional information": {
      "authors": {
        "value": ["ICCRAM"]
      },
      "reference": {
        "value": "S. Curtarolo et al. Computational Materials Science 58 (2012) 218-226"
      },
      "comments": {
        "value": null
      },
      "attached files": {
        "value": [
"Co8Ta2_#87_1A.cif",
"CONTCAR_Co8Ta2_#87_1A",
"Co8Ta2_#87_1A.png"
]
      },
      "attached files info": {
        "value": null
      }
    }
  }
}
