{
  "confidential": {
  "value": false
  }, 
  "name": "NOVAMAG_theory_ICCRAM_Fe18Sn12_#166_1A",
  "properties": {
    "approach": {
      "value": "theory"
    },
    "summary": {
      "value": "crystal, energy, magnetization, MAE"
    },
    "chemistry": {
      "chemical formula": {
        "value": "Fe18Sn12"
      },
      "production info": {
        "value": "initial POSCAR from AFLOW library http://aflow.org/material.php?id=Fe_pvSn/ICSD_71.AB"
      }
    },
    "crystal": {
      "compound space group": {
        "value": 166
      },
      "unit cell volume": {
        "value": 485.554281
      },
      "lattice parameters": {
        "value": [
          5.32419,
          5.32419,
          19.77882
        ]
      },
      "lattice angles": {
        "value": [
          90.00000,
          90.00000,
          120.00000
        ]
      },
      "atomic positions": {
        "value": [
"Fe1(18h)",
0.17411,
0.82589,
0.21957,
"Sn1(6c)",
0.00000,
0.00000,
0.89471,
"Sn2(6c)",
0.00000,
0.00000,
0.66945
]
      },
      "crystal info": {
        "value": "software VASP (vasp.5.4.4), k-points mesh 13x13x3, Ecut-off=401.823 eV, PAW_PBE, Fe:PAW_PBE:06Sep2000, Sn:PAW_PBE:08Apr2002, Pressure=0.0 kbar, temperature=0K"
      }
    },
    "thermodynamics": {
      "unit cell energy": {
        "value": -194.47037202
      },
      "unit cell formation enthalpy": {
        "value": -0.193798
      },
      "energy info": {
        "value": "software VASP (vasp.5.4.4), k-points mesh 13x13x3, Ecut-off=401.823 eV, PAW_PBE, Fe:PAW_PBE:06Sep2000, Sn:PAW_PBE:08Apr2002, Pressure=0.0 kbar, temperature=0K"
      },
      "interatomic potentials info": {
        "value": null
      },
      "magnetic free energy": {
        "value": null
      },
      "magnetic free energy info": {
        "value": null
      }
    },
    "magnetics": {
      "unit cell spin polarization": {
        "value": 36.639
      },
      "atomic spin specie": {
        "value": [
"1 Fe",
2.146,
"2 Fe",
2.146,
"3 Fe",
2.146,
"4 Fe",
2.146,
"5 Fe",
2.146,
"6 Fe",
2.146,
"7 Fe",
2.146,
"8 Fe",
2.146,
"9 Fe",
2.146,
"10 Fe",
2.146,
"11 Fe",
2.146,
"12 Fe",
2.146,
"13 Fe",
2.146,
"14 Fe",
2.146,
"15 Fe",
2.146,
"16 Fe",
2.146,
"17 Fe",
2.146,
"18 Fe",
2.146,
"19 Sn",
-0.197,
"20 Sn",
-0.197,
"21 Sn",
-0.197,
"22 Sn",
-0.197,
"23 Sn",
-0.197,
"24 Sn",
-0.197,
"25 Sn",
-0.135,
"26 Sn",
-0.135,
"27 Sn",
-0.135,
"28 Sn",
-0.135,
"29 Sn",
-0.135,
"30 Sn",
-0.135
]
      },
      "saturation magnetization": {
        "value": 0.879
      },
      "magnetization temperature": {
        "value": 0
      },
      "magnetization info": {
        "value": "software VASP (vasp.5.4.4), k-points mesh 13x13x3, Ecut-off=401.823 eV, PAW_PBE, Fe:PAW_PBE:06Sep2000, Sn:PAW_PBE:08Apr2002, Pressure=0.0 kbar, temperature=0K"
      },
      "magnetocrystalline anisotropy energy": {
        "value": [
0.0000000000000000,0,1.0000000000000000,-194.98493798,0.2588190451025207,0,0.9659258262890683,-194.98493586,0.5000000000000000,0,0.8660254037844386,-194.98493185,0.7071067811865476,0,0.7071067811865476,-194.98492979,0.8660254037844386,0,0.5000000000000000,-194.98492904,1.0000000000000000,0,0.0000000000000000,-194.98494062]
      },
      "anisotropy energy type": {
        "value": "uniaxial"
      },
      "magnetocrystalline anisotropy constants": {
        "value": [
0.012,-0.012]
      },
      "kind of anisotropy": {
        "value": null
      },
      "anisotropy info": {
        "value": "software VASP (vasp.5.4.4) with spin-orbit coupling, k-points mesh 13x13x3, Ecut-off=401.823 eV, PAW_PBE, Fe:PAW_PBE:06Sep2000, Sn:PAW_PBE:08Apr2002, Pressure=0.0 kbar, temperature=0K"
      },
      "exchange integrals": {
        "value": null
      },
      "exchange info": {
        "value": null
      },
      "magnetic order": {
        "value": null
      },
      "curie temperature": {
        "value": null
      },
      "curie temperature info": {
        "value": null
      },
      "anisotropy field": {
        "value": null
      },
      "remanence": {
        "value": null
      },
      "coercivity": {
        "value": null
      },
      "energy product": {
        "value": null
      },
      "hysteresis info": {
        "value": null
      },
      "domain wall width": {
        "value": null
      },
      "domain wall info": {
        "value": null
      },
      "exchange stiffness": {
        "value": null
      },
      "exchange stiffness info": {
        "value": null
      }
    },
    "additional information": {
      "authors": {
        "value": ["ICCRAM"]
      },
      "reference": {
        "value": "S. Curtarolo et al. Computational Materials Science 58 (2012) 218-226"
      },
      "comments": {
        "value": hard_param
      },
      "attached files": {
        "value": [
"Fe18Sn12_#166_1A.cif",
"CONTCAR_Fe18Sn12_#166_1A",
"Fe18Sn12_#166_1A.png"
]
      },
      "attached files info": {
        "value": null
      }
    }
  }
}
