{
  "confidential": {
  "value": false
  }, 
  "name": "NOVAMAG_theory_ICCRAM_Fe12Ti4_#139_1A",
  "properties": {
    "approach": {
      "value": "theory"
    },
    "summary": {
      "value": "crystal, energy, magnetization, MAE, coercivity, energy product"
    },
    "chemistry": {
      "chemical formula": {
        "value": "Fe12Ti4"
      },
      "production info": {
        "value": "initial POSCAR from AFLOW library http://aflow.org/material.php?id=Fe_pvTi_sv/279"
      }
    },
    "crystal": {
      "compound space group": {
        "value": 139
      },
      "unit cell volume": {
        "value": 199.322287
      },
      "lattice parameters": {
        "value": [
          3.49097,
          3.49097,
          16.35548
        ]
      },
      "lattice angles": {
        "value": [
          90.00000,
          90.00000,
          90.00000
        ]
      },
      "atomic positions": {
        "value": [
"Fe1(4c)",
0.00000,
0.50000,
0.00000,
"Fe2(4e)",
0.00000,
0.00000,
0.87660,
"Fe3(4d)",
0.00000,
0.50000,
0.25000,
"Ti1(4e)",
0.00000,
0.00000,
0.62515
]
      },
      "crystal info": {
        "value": "software VASP (vasp.5.4.4), k-points mesh 17x17x4, Ecut-off=401.823 eV, PAW_PBE, Fe:PAW_PBE:06Sep2000, Ti:PAW_PBE:08Apr2002, Pressure=0.0 kbar, temperature=0K"
      }
    },
    "thermodynamics": {
      "unit cell energy": {
        "value": -131.62347501
      },
      "unit cell formation enthalpy": {
        "value": -1.727884
      },
      "energy info": {
        "value": "software VASP (vasp.5.4.4), k-points mesh 17x17x4, Ecut-off=401.823 eV, PAW_PBE, Fe:PAW_PBE:06Sep2000, Ti:PAW_PBE:08Apr2002, Pressure=0.0 kbar, temperature=0K"
      },
      "interatomic potentials info": {
        "value": null
      },
      "magnetic free energy": {
        "value": null
      },
      "magnetic free energy info": {
        "value": null
      }
    },
    "magnetics": {
      "unit cell spin polarization": {
        "value": 22.267
      },
      "atomic spin specie": {
        "value": [
"1 Fe",
2.200,
"2 Fe",
2.200,
"3 Fe",
2.202,
"4 Fe",
2.202,
"5 Fe",
1.864,
"6 Fe",
1.864,
"7 Fe",
1.864,
"8 Fe",
1.864,
"9 Fe",
2.323,
"10 Fe",
2.322,
"11 Fe",
2.322,
"12 Fe",
2.323,
"13 Ti",
-0.822,
"14 Ti",
-0.821,
"15 Ti",
-0.820,
"16 Ti",
-0.821
]
      },
      "saturation magnetization": {
        "value": 1.301
      },
      "magnetization temperature": {
        "value": 0
      },
      "magnetization info": {
        "value": "software VASP (vasp.5.4.4), k-points mesh 17x17x4, Ecut-off=401.823 eV, PAW_PBE, Fe:PAW_PBE:06Sep2000, Ti:PAW_PBE:08Apr2002, Pressure=0.0 kbar, temperature=0K"
      },
      "magnetocrystalline anisotropy energy": {
        "value": [
0.0000000000000000,0,1.0000000000000000,-131.70924112,0.2588190451025207,0,0.9659258262890683,-131.70920547,0.5000000000000000,0,0.8660254037844386,-131.70912068,0.7071067811865476,0,0.7071067811865476,-131.70901482,0.8660254037844386,0,0.5000000000000000,-131.70891227,1.0000000000000000,0,0.0000000000000000,-131.70880597]
      },
      "anisotropy energy type": {
        "value": "uniaxial"
      },
      "magnetocrystalline anisotropy constants": {
        "value": [
0.383,-0.036]
      },
      "kind of anisotropy": {
        "value": "easy axis"
      },
      "anisotropy info": {
        "value": "software VASP (vasp.5.4.4) with spin-orbit coupling, k-points mesh 17x17x4, Ecut-off=401.823 eV, PAW_PBE, Fe:PAW_PBE:06Sep2000, Ti:PAW_PBE:08Apr2002, Pressure=0.0 kbar, temperature=0K"
      },
      "exchange integrals": {
        "value": null
      },
      "exchange info": {
        "value": null
      },
      "magnetic order": {
        "value": null
      },
      "curie temperature": {
        "value": null
      },
      "curie temperature info": {
        "value": null
      },
      "anisotropy field": {
        "value": 0.601
      },
      "remanence": {
        "value": 1.301
      },
      "coercivity": {
        "value": 0.601
      },
      "energy product": {
        "value": 336.732
      },
      "hysteresis info": {
        "value": "Stoner-Wohlfarth model without shape anisotropy, perfectly rectangular hysteresis loop, temperature = 0 K. Remanence equals to saturation magnetization (Ms). Anisotropy field: mu_0*Hk=(2*K_1+4*K_2)/Ms, where mu_0 is the vacuum permeability. Coercivity: Hc=Hk. Maximum energy product (upper limit)=(1/4)*mu_0*Ms^2, note this value can only be reached if the demagnetization factor is D=0.5 and Hc>0.5*Ms."
      },
      "domain wall width": {
        "value": null
      },
      "domain wall info": {
        "value": null
      },
      "exchange stiffness": {
        "value": null
      },
      "exchange stiffness info": {
        "value": null
      }
    },
    "additional information": {
      "authors": {
        "value": ["ICCRAM"]
      },
      "reference": {
        "value": "S. Curtarolo et al. Computational Materials Science 58 (2012) 218-226"
      },
      "comments": {
        "value": "Hardness parameter=0.533"
      },
      "attached files": {
        "value": [
"Fe12Ti4_#139_1A.cif",
"CONTCAR_Fe12Ti4_#139_1A",
"Fe12Ti4_#139_1A.png"
]
      },
      "attached files info": {
        "value": null
      }
    }
  }
}
