{
  "confidential": {
  "value": false
  }, 
  "name": "NOVAMAG_theory_ICCRAM_Fe12Ti4_#194_1A",
  "properties": {
    "approach": {
      "value": "theory"
    },
    "summary": {
      "value": "crystal, energy, magnetization, MAE, coercivity, energy product"
    },
    "chemistry": {
      "chemical formula": {
        "value": "Fe12Ti4"
      },
      "production info": {
        "value": "initial POSCAR from AFLOW library http://aflow.org/material.php?id=Fe_pvTi_sv/244"
      }
    },
    "crystal": {
      "compound space group": {
        "value": 194
      },
      "unit cell volume": {
        "value": 200.081708
      },
      "lattice parameters": {
        "value": [
          5.12651,
          5.12651,
          8.79090
        ]
      },
      "lattice angles": {
        "value": [
          90.00000,
          90.00000,
          120.00000
        ]
      },
      "atomic positions": {
        "value": [
"Fe1(6g)",
0.50000,
0.00000,
0.00000,
"Fe2(6h)",
0.82769,
0.65538,
0.25000,
"Ti1(2a)",
0.00000,
0.00000,
0.00000,
"Ti2(2c)",
0.33333,
0.66667,
0.25000
]
      },
      "crystal info": {
        "value": "software VASP (vasp.5.4.4), k-points mesh 14x14x7, Ecut-off=401.823 eV, PAW_PBE, Fe:PAW_PBE:06Sep2000, Ti:PAW_PBE:08Apr2002, Pressure=0.0 kbar, temperature=0K"
      }
    },
    "thermodynamics": {
      "unit cell energy": {
        "value": -131.18161867
      },
      "unit cell formation enthalpy": {
        "value": -1.286028
      },
      "energy info": {
        "value": "software VASP (vasp.5.4.4), k-points mesh 14x14x7, Ecut-off=401.823 eV, PAW_PBE, Fe:PAW_PBE:06Sep2000, Ti:PAW_PBE:08Apr2002, Pressure=0.0 kbar, temperature=0K"
      },
      "interatomic potentials info": {
        "value": null
      },
      "magnetic free energy": {
        "value": null
      },
      "magnetic free energy info": {
        "value": null
      }
    },
    "magnetics": {
      "unit cell spin polarization": {
        "value": 22.866
      },
      "atomic spin specie": {
        "value": [
"1 Fe",
2.170,
"2 Fe",
2.170,
"3 Fe",
2.170,
"4 Fe",
2.170,
"5 Fe",
2.170,
"6 Fe",
2.170,
"7 Fe",
2.170,
"8 Fe",
2.170,
"9 Fe",
2.170,
"10 Fe",
2.170,
"11 Fe",
2.170,
"12 Fe",
2.170,
"13 Ti",
-0.777,
"14 Ti",
-0.777,
"15 Ti",
-0.809,
"16 Ti",
-0.809
]
      },
      "saturation magnetization": {
        "value": 1.331
      },
      "magnetization temperature": {
        "value": 0
      },
      "magnetization info": {
        "value": "software VASP (vasp.5.4.4), k-points mesh 14x14x7, Ecut-off=401.823 eV, PAW_PBE, Fe:PAW_PBE:06Sep2000, Ti:PAW_PBE:08Apr2002, Pressure=0.0 kbar, temperature=0K"
      },
      "magnetocrystalline anisotropy energy": {
        "value": [
0.0000000000000000,0,1.0000000000000000,-131.27354343,0.2588190451025207,0,0.9659258262890683,-131.27345321,0.5000000000000000,0,0.8660254037844386,-131.27320282,0.7071067811865476,0,0.7071067811865476,-131.27285327,0.8660254037844386,0,0.5000000000000000,-131.27250166,1.0000000000000000,0,0.0000000000000000,-131.27213803]
      },
      "anisotropy energy type": {
        "value": "uniaxial"
      },
      "magnetocrystalline anisotropy constants": {
        "value": [
1.078,0.050]
      },
      "kind of anisotropy": {
        "value": "easy axis"
      },
      "anisotropy info": {
        "value": "software VASP (vasp.5.4.4) with spin-orbit coupling, k-points mesh 14x14x7, Ecut-off=401.823 eV, PAW_PBE, Fe:PAW_PBE:06Sep2000, Ti:PAW_PBE:08Apr2002, Pressure=0.0 kbar, temperature=0K"
      },
      "exchange integrals": {
        "value": null
      },
      "exchange info": {
        "value": null
      },
      "magnetic order": {
        "value": null
      },
      "curie temperature": {
        "value": null
      },
      "curie temperature info": {
        "value": null
      },
      "anisotropy field": {
        "value": 2.224
      },
      "remanence": {
        "value": 1.331
      },
      "coercivity": {
        "value": 2.224
      },
      "energy product": {
        "value": 352.441
      },
      "hysteresis info": {
        "value": "Stoner-Wohlfarth model without shape anisotropy, perfectly rectangular hysteresis loop, temperature = 0 K. Remanence equals to saturation magnetization (Ms). Anisotropy field: mu_0*Hk=(2*K_1+4*K_2)/Ms, where mu_0 is the vacuum permeability. Coercivity: Hc=Hk. Maximum energy product (upper limit)=(1/4)*mu_0*Ms^2, note this value can only be reached if the demagnetization factor is D=0.5 and Hc>0.5*Ms."
      },
      "domain wall width": {
        "value": null
      },
      "domain wall info": {
        "value": null
      },
      "exchange stiffness": {
        "value": null
      },
      "exchange stiffness info": {
        "value": null
      }
    },
    "additional information": {
      "authors": {
        "value": ["ICCRAM"]
      },
      "reference": {
        "value": "S. Curtarolo et al. Computational Materials Science 58 (2012) 218-226"
      },
      "comments": {
        "value": "Hardness parameter=0.874"
      },
      "attached files": {
        "value": [
"Fe12Ti4_#194_1A.cif",
"CONTCAR_Fe12Ti4_#194_1A",
"Fe12Ti4_#194_1A.png"
]
      },
      "attached files info": {
        "value": null
      }
    }
  }
}
