{
  "confidential": {
  "value": false
  }, 
  "name": "NOVAMAG_theory_ICCRAM_Fe16Ti8_#194_1A",
  "properties": {
    "approach": {
      "value": "theory"
    },
    "summary": {
      "value": "crystal, energy, magnetization, MAE"
    },
    "chemistry": {
      "chemical formula": {
        "value": "Fe16Ti8"
      },
      "production info": {
        "value": "initial POSCAR from AFLOW library http://aflow.org/material.php?id=Fe_pvTi_sv/316"
      }
    },
    "crystal": {
      "compound space group": {
        "value": 194
      },
      "unit cell volume": {
        "value": 304.859996
      },
      "lattice parameters": {
        "value": [
          4.76407,
          4.76407,
          15.51004
        ]
      },
      "lattice angles": {
        "value": [
          90.00000,
          90.00000,
          120.00000
        ]
      },
      "atomic positions": {
        "value": [
"Fe1(4f)",
0.33333,
0.66667,
0.37461,
"Fe2(6g)",
0.50000,
0.00000,
0.00000,
"Fe3(6h)",
0.16358,
0.32716,
0.25000,
"Ti1(4e)",
0.00000,
0.00000,
0.40619,
"Ti2(4f)",
0.33333,
0.66667,
0.65622
]
      },
      "crystal info": {
        "value": "software VASP (vasp.5.4.4), k-points mesh 15x15x4, Ecut-off=401.823 eV, PAW_PBE, Fe:PAW_PBE:06Sep2000, Ti:PAW_PBE:08Apr2002, Pressure=0.0 kbar, temperature=0K"
      }
    },
    "thermodynamics": {
      "unit cell energy": {
        "value": -200.72365023
      },
      "unit cell formation enthalpy": {
        "value": -6.829999
      },
      "energy info": {
        "value": "software VASP (vasp.5.4.4), k-points mesh 15x15x4, Ecut-off=401.823 eV, PAW_PBE, Fe:PAW_PBE:06Sep2000, Ti:PAW_PBE:08Apr2002, Pressure=0.0 kbar, temperature=0K"
      },
      "interatomic potentials info": {
        "value": null
      },
      "magnetic free energy": {
        "value": null
      },
      "magnetic free energy info": {
        "value": null
      }
    },
    "magnetics": {
      "unit cell spin polarization": {
        "value": 21.759
      },
      "atomic spin specie": {
        "value": [
"1 Fe",
1.685,
"2 Fe",
1.689,
"3 Fe",
1.687,
"4 Fe",
1.688,
"5 Fe",
1.751,
"6 Fe",
1.753,
"7 Fe",
1.751,
"8 Fe",
1.753,
"9 Fe",
1.752,
"10 Fe",
1.753,
"11 Fe",
1.735,
"12 Fe",
1.733,
"13 Fe",
1.735,
"14 Fe",
1.733,
"15 Fe",
1.735,
"16 Fe",
1.733,
"17 Ti",
-0.744,
"18 Ti",
-0.745,
"19 Ti",
-0.744,
"20 Ti",
-0.744,
"21 Ti",
-0.732,
"22 Ti",
-0.733,
"23 Ti",
-0.732,
"24 Ti",
-0.733
]
      },
      "saturation magnetization": {
        "value": 0.831
      },
      "magnetization temperature": {
        "value": 0
      },
      "magnetization info": {
        "value": "software VASP (vasp.5.4.4), k-points mesh 15x15x4, Ecut-off=401.823 eV, PAW_PBE, Fe:PAW_PBE:06Sep2000, Ti:PAW_PBE:08Apr2002, Pressure=0.0 kbar, temperature=0K"
      },
      "magnetocrystalline anisotropy energy": {
        "value": [
0.0000000000000000,0,1.0000000000000000,-200.85091033,0.2588190451025207,0,0.9659258262890683,-200.85097395,0.5000000000000000,0,0.8660254037844386,-200.85114151,0.7071067811865476,0,0.7071067811865476,-200.85136679,0.8660254037844386,0,0.5000000000000000,-200.85158793,1.0000000000000000,0,0.0000000000000000,-200.85179966]
      },
      "anisotropy energy type": {
        "value": "uniaxial"
      },
      "magnetocrystalline anisotropy constants": {
        "value": [
-0.493,0.025]
      },
      "kind of anisotropy": {
        "value": "easy plane"
      },
      "anisotropy info": {
        "value": "software VASP (vasp.5.4.4) with spin-orbit coupling, k-points mesh 15x15x4, Ecut-off=401.823 eV, PAW_PBE, Fe:PAW_PBE:06Sep2000, Ti:PAW_PBE:08Apr2002, Pressure=0.0 kbar, temperature=0K"
      },
      "exchange integrals": {
        "value": null
      },
      "exchange info": {
        "value": null
      },
      "magnetic order": {
        "value": null
      },
      "curie temperature": {
        "value": null
      },
      "curie temperature info": {
        "value": null
      },
      "anisotropy field": {
        "value": null
      },
      "remanence": {
        "value": null
      },
      "coercivity": {
        "value": null
      },
      "energy product": {
        "value": null
      },
      "hysteresis info": {
        "value": null
      },
      "domain wall width": {
        "value": null
      },
      "domain wall info": {
        "value": null
      },
      "exchange stiffness": {
        "value": null
      },
      "exchange stiffness info": {
        "value": null
      }
    },
    "additional information": {
      "authors": {
        "value": ["ICCRAM"]
      },
      "reference": {
        "value": "S. Curtarolo et al. Computational Materials Science 58 (2012) 218-226"
      },
      "comments": {
        "value": null
      },
      "attached files": {
        "value": [
"Fe16Ti8_#194_1A.cif",
"CONTCAR_Fe16Ti8_#194_1A",
"Fe16Ti8_#194_1A.png"
]
      },
      "attached files info": {
        "value": null
      }
    }
  }
}
