{
  "confidential": {
  "value": false
  }, 
  "name": "NOVAMAG_theory_ICCRAM_Fe16Ti8_#141_1A",
  "properties": {
    "approach": {
      "value": "theory"
    },
    "summary": {
      "value": "crystal, energy, magnetization, MAE, coercivity, energy product"
    },
    "chemistry": {
      "chemical formula": {
        "value": "Fe16Ti8"
      },
      "production info": {
        "value": "initial POSCAR from AFLOW library http://aflow.org/material.php?id=Fe_pvTi_sv/381"
      }
    },
    "crystal": {
      "compound space group": {
        "value": 141
      },
      "unit cell volume": {
        "value": 303.830762
      },
      "lattice parameters": {
        "value": [
          3.49331,
          3.49331,
          24.89756
        ]
      },
      "lattice angles": {
        "value": [
          90.00000,
          90.00000,
          90.00000
        ]
      },
      "atomic positions": {
        "value": [
"Fe1(8e)",
0.00000,
0.25000,
0.12487,
"Fe2(8e)",
0.00000,
0.25000,
-0.04240,
"Ti1(8e)",
0.00000,
0.25000,
0.29527
]
      },
      "crystal info": {
        "value": "software VASP (vasp.5.4.4), k-points mesh 17x17x2, Ecut-off=401.823 eV, PAW_PBE, Fe:PAW_PBE:06Sep2000, Ti:PAW_PBE:08Apr2002, Pressure=0.0 kbar, temperature=0K"
      }
    },
    "thermodynamics": {
      "unit cell energy": {
        "value": -197.28509817
      },
      "unit cell formation enthalpy": {
        "value": -3.391447
      },
      "energy info": {
        "value": "software VASP (vasp.5.4.4), k-points mesh 17x17x2, Ecut-off=401.823 eV, PAW_PBE, Fe:PAW_PBE:06Sep2000, Ti:PAW_PBE:08Apr2002, Pressure=0.0 kbar, temperature=0K"
      },
      "interatomic potentials info": {
        "value": null
      },
      "magnetic free energy": {
        "value": null
      },
      "magnetic free energy info": {
        "value": null
      }
    },
    "magnetics": {
      "unit cell spin polarization": {
        "value": 23.216
      },
      "atomic spin specie": {
        "value": [
"1 Fe",
2.129,
"2 Fe",
2.126,
"3 Fe",
2.125,
"4 Fe",
2.126,
"5 Fe",
2.125,
"6 Fe",
2.128,
"7 Fe",
2.129,
"8 Fe",
2.128,
"9 Fe",
1.558,
"10 Fe",
1.560,
"11 Fe",
1.555,
"12 Fe",
1.560,
"13 Fe",
1.555,
"14 Fe",
1.553,
"15 Fe",
1.559,
"16 Fe",
1.553,
"17 Ti",
-0.782,
"18 Ti",
-0.782,
"19 Ti",
-0.782,
"20 Ti",
-0.782,
"21 Ti",
-0.782,
"22 Ti",
-0.782,
"23 Ti",
-0.782,
"24 Ti",
-0.782
]
      },
      "saturation magnetization": {
        "value": 0.890
      },
      "magnetization temperature": {
        "value": 0
      },
      "magnetization info": {
        "value": "software VASP (vasp.5.4.4), k-points mesh 17x17x2, Ecut-off=401.823 eV, PAW_PBE, Fe:PAW_PBE:06Sep2000, Ti:PAW_PBE:08Apr2002, Pressure=0.0 kbar, temperature=0K"
      },
      "magnetocrystalline anisotropy energy": {
        "value": [
0.0000000000000000,0,1.0000000000000000,-197.40848192,0.2588190451025207,0,0.9659258262890683,-197.40846177,0.5000000000000000,0,0.8660254037844386,-197.40841450,0.7071067811865476,0,0.7071067811865476,-197.40836772,0.8660254037844386,0,0.5000000000000000,-197.40834173,1.0000000000000000,0,0.0000000000000000,-197.40828269]
      },
      "anisotropy energy type": {
        "value": "uniaxial"
      },
      "magnetocrystalline anisotropy constants": {
        "value": [
0.132,-0.032]
      },
      "kind of anisotropy": {
        "value": "easy axis"
      },
      "anisotropy info": {
        "value": "software VASP (vasp.5.4.4) with spin-orbit coupling, k-points mesh 17x17x2, Ecut-off=401.823 eV, PAW_PBE, Fe:PAW_PBE:06Sep2000, Ti:PAW_PBE:08Apr2002, Pressure=0.0 kbar, temperature=0K"
      },
      "exchange integrals": {
        "value": null
      },
      "exchange info": {
        "value": null
      },
      "magnetic order": {
        "value": null
      },
      "curie temperature": {
        "value": null
      },
      "curie temperature info": {
        "value": null
      },
      "anisotropy field": {
        "value": 0.192
      },
      "remanence": {
        "value": 0.890
      },
      "coercivity": {
        "value": 0.192
      },
      "energy product": {
        "value": 157.583
      },
      "hysteresis info": {
        "value": "Stoner-Wohlfarth model without shape anisotropy, perfectly rectangular hysteresis loop, temperature = 0 K. Remanence equals to saturation magnetization (Ms). Anisotropy field: mu_0*Hk=(2*K_1+4*K_2)/Ms, where mu_0 is the vacuum permeability. Coercivity: Hc=Hk. Maximum energy product (upper limit)=(1/4)*mu_0*Ms^2, note this value can only be reached if the demagnetization factor is D=0.5 and Hc>0.5*Ms."
      },
      "domain wall width": {
        "value": null
      },
      "domain wall info": {
        "value": null
      },
      "exchange stiffness": {
        "value": null
      },
      "exchange stiffness info": {
        "value": null
      }
    },
    "additional information": {
      "authors": {
        "value": ["ICCRAM"]
      },
      "reference": {
        "value": "S. Curtarolo et al. Computational Materials Science 58 (2012) 218-226"
      },
      "comments": {
        "value": "Hardness parameter=0.458"
      },
      "attached files": {
        "value": [
"Fe16Ti8_#141_1A.cif",
"CONTCAR_Fe16Ti8_#141_1A",
"Fe16Ti8_#141_1A.png"
]
      },
      "attached files info": {
        "value": null
      }
    }
  }
}
