{
  "confidential": {
  "value": false
  }, 
  "name": "NOVAMAG_theory_ICCRAM_Fe18Ti6_#194_1A",
  "properties": {
    "approach": {
      "value": "theory"
    },
    "summary": {
      "value": "crystal, energy, magnetization, MAE, coercivity, energy product"
    },
    "chemistry": {
      "chemical formula": {
        "value": "Fe18Ti6"
      },
      "production info": {
        "value": "initial POSCAR from AFLOW library http://aflow.org/material.php?id=Fe_pvTi_sv/239"
      }
    },
    "crystal": {
      "compound space group": {
        "value": 194
      },
      "unit cell volume": {
        "value": 299.636188
      },
      "lattice parameters": {
        "value": [
          5.13551,
          5.13551,
          13.11888
        ]
      },
      "lattice angles": {
        "value": [
          90.00000,
          90.00000,
          120.00000
        ]
      },
      "atomic positions": {
        "value": [
"Fe1(6h)",
0.49364,
-0.01272,
0.25000,
"Fe2(12k)",
0.16651,
0.33301,
0.41785,
"Ti1(2b)",
0.00000,
0.00000,
0.25000,
"Ti2(4f)",
0.33333,
0.66667,
0.58640
]
      },
      "crystal info": {
        "value": "software VASP (vasp.5.4.4), k-points mesh 13x13x5, Ecut-off=401.823 eV, PAW_PBE, Fe:PAW_PBE:06Sep2000, Ti:PAW_PBE:08Apr2002, Pressure=0.0 kbar, temperature=0K"
      }
    },
    "thermodynamics": {
      "unit cell energy": {
        "value": -196.85283277
      },
      "unit cell formation enthalpy": {
        "value": -2.009447
      },
      "energy info": {
        "value": "software VASP (vasp.5.4.4), k-points mesh 13x13x5, Ecut-off=401.823 eV, PAW_PBE, Fe:PAW_PBE:06Sep2000, Ti:PAW_PBE:08Apr2002, Pressure=0.0 kbar, temperature=0K"
      },
      "interatomic potentials info": {
        "value": null
      },
      "magnetic free energy": {
        "value": null
      },
      "magnetic free energy info": {
        "value": null
      }
    },
    "magnetics": {
      "unit cell spin polarization": {
        "value": 33.943
      },
      "atomic spin specie": {
        "value": [
"1 Fe",
2.132,
"2 Fe",
2.132,
"3 Fe",
2.132,
"4 Fe",
2.132,
"5 Fe",
2.132,
"6 Fe",
2.132,
"7 Fe",
2.167,
"8 Fe",
2.167,
"9 Fe",
2.167,
"10 Fe",
2.167,
"11 Fe",
2.167,
"12 Fe",
2.167,
"13 Fe",
2.167,
"14 Fe",
2.167,
"15 Fe",
2.167,
"16 Fe",
2.167,
"17 Fe",
2.167,
"18 Fe",
2.167,
"19 Ti",
-0.801,
"20 Ti",
-0.801,
"21 Ti",
-0.813,
"22 Ti",
-0.813,
"23 Ti",
-0.813,
"24 Ti",
-0.813
]
      },
      "saturation magnetization": {
        "value": 1.319
      },
      "magnetization temperature": {
        "value": 0
      },
      "magnetization info": {
        "value": "software VASP (vasp.5.4.4), k-points mesh 13x13x5, Ecut-off=401.823 eV, PAW_PBE, Fe:PAW_PBE:06Sep2000, Ti:PAW_PBE:08Apr2002, Pressure=0.0 kbar, temperature=0K"
      },
      "magnetocrystalline anisotropy energy": {
        "value": [
0.0000000000000000,0,1.0000000000000000,-196.98952460,0.2588190451025207,0,0.9659258262890683,-196.98936885,0.5000000000000000,0,0.8660254037844386,-196.98893820,0.7071067811865476,0,0.7071067811865476,-196.98773727,0.8660254037844386,0,0.5000000000000000,-196.98734245,1.0000000000000000,0,0.0000000000000000]
      },
      "anisotropy energy type": {
        "value": "uniaxial"
      },
      "magnetocrystalline anisotropy constants": {
        "value": [
1.306,-0.061]
      },
      "kind of anisotropy": {
        "value": "easy axis"
      },
      "anisotropy info": {
        "value": "software VASP (vasp.5.4.4) with spin-orbit coupling, k-points mesh 13x13x5, Ecut-off=401.823 eV, PAW_PBE, Fe:PAW_PBE:06Sep2000, Ti:PAW_PBE:08Apr2002, Pressure=0.0 kbar, temperature=0K"
      },
      "exchange integrals": {
        "value": null
      },
      "exchange info": {
        "value": null
      },
      "magnetic order": {
        "value": null
      },
      "curie temperature": {
        "value": null
      },
      "curie temperature info": {
        "value": null
      },
      "anisotropy field": {
        "value": 2.256
      },
      "remanence": {
        "value": 1.319
      },
      "coercivity": {
        "value": 2.256
      },
      "energy product": {
        "value": 346.114
      },
      "hysteresis info": {
        "value": "Stoner-Wohlfarth model without shape anisotropy, perfectly rectangular hysteresis loop, temperature = 0 K. Remanence equals to saturation magnetization (Ms). Anisotropy field: mu_0*Hk=(2*K_1+4*K_2)/Ms, where mu_0 is the vacuum permeability. Coercivity: Hc=Hk. Maximum energy product (upper limit)=(1/4)*mu_0*Ms^2, note this value can only be reached if the demagnetization factor is D=0.5 and Hc>0.5*Ms."
      },
      "domain wall width": {
        "value": null
      },
      "domain wall info": {
        "value": null
      },
      "exchange stiffness": {
        "value": null
      },
      "exchange stiffness info": {
        "value": null
      }
    },
    "additional information": {
      "authors": {
        "value": ["ICCRAM"]
      },
      "reference": {
        "value": "S. Curtarolo et al. Computational Materials Science 58 (2012) 218-226"
      },
      "comments": {
        "value": "Hardness parameter=0.971"
      },
      "attached files": {
        "value": [
"Fe18Ti6_#194_1A.cif",
"CONTCAR_Fe18Ti6_#194_1A",
"Fe18Ti6_#194_1A.png"
]
      },
      "attached files info": {
        "value": null
      }
    }
  }
}
