{
  "confidential": {
  "value": false
  }, 
  "name": "NOVAMAG_theory_ICCRAM_Fe8Ti4_#194_1A",
  "properties": {
    "approach": {
      "value": "theory"
    },
    "summary": {
      "value": "crystal, energy, magnetization, MAE"
    },
    "chemistry": {
      "chemical formula": {
        "value": "Fe8Ti4"
      },
      "production info": {
        "value": "initial POSCAR from AFLOW library http://aflow.org/material.php?id=Fe_pvTi_sv/179"
      }
    },
    "crystal": {
      "compound space group": {
        "value": 194
      },
      "unit cell volume": {
        "value": 152.037688
      },
      "lattice parameters": {
        "value": [
          4.76168,
          4.76168,
          7.74282
        ]
      },
      "lattice angles": {
        "value": [
          90.00000,
          90.00000,
          120.00000
        ]
      },
      "atomic positions": {
        "value": [
"Fe1(2a)",
0.00000,
0.00000,
0.00000,
"Fe2(6h)",
0.16935,
0.33871,
0.25000,
"Ti1(4f)",
0.33333,
0.66667,
0.56231
]
      },
      "crystal info": {
        "value": "software VASP (vasp.5.4.4), k-points mesh 15x15x8, Ecut-off=401.823 eV, PAW_PBE, Fe:PAW_PBE:06Sep2000, Ti:PAW_PBE:08Apr2002, Pressure=0.0 kbar, temperature=0K"
      }
    },
    "thermodynamics": {
      "unit cell energy": {
        "value": -100.28756757
      },
      "unit cell formation enthalpy": {
        "value": -3.340742
      },
      "energy info": {
        "value": "software VASP (vasp.5.4.4), k-points mesh 15x15x8, Ecut-off=401.823 eV, PAW_PBE, Fe:PAW_PBE:06Sep2000, Ti:PAW_PBE:08Apr2002, Pressure=0.0 kbar, temperature=0K"
      },
      "interatomic potentials info": {
        "value": null
      },
      "magnetic free energy": {
        "value": null
      },
      "magnetic free energy info": {
        "value": null
      }
    },
    "magnetics": {
      "unit cell spin polarization": {
        "value": 10.559
      },
      "atomic spin specie": {
        "value": [
"1 Fe",
1.555,
"2 Fe",
1.563,
"3 Fe",
1.712,
"4 Fe",
1.712,
"5 Fe",
1.712,
"6 Fe",
1.712,
"7 Fe",
1.712,
"8 Fe",
1.712,
"9 Ti",
-0.708,
"10 Ti",
-0.707,
"11 Ti",
-0.708,
"12 Ti",
-0.707
]
      },
      "saturation magnetization": {
        "value": 0.809
      },
      "magnetization temperature": {
        "value": 0
      },
      "magnetization info": {
        "value": "software VASP (vasp.5.4.4), k-points mesh 15x15x8, Ecut-off=401.823 eV, PAW_PBE, Fe:PAW_PBE:06Sep2000, Ti:PAW_PBE:08Apr2002, Pressure=0.0 kbar, temperature=0K"
      },
      "magnetocrystalline anisotropy energy": {
        "value": [
0.0000000000000000,0,1.0000000000000000,-100.35201652,0.2588190451025207,0,0.9659258262890683,-100.35204642,0.5000000000000000,0,0.8660254037844386,-100.35212902,0.7071067811865476,0,0.7071067811865476,-100.35224395,0.8660254037844386,0,0.5000000000000000,-100.35236043,1.0000000000000000,0,0.0000000000000000,-100.35247991]
      },
      "anisotropy energy type": {
        "value": "uniaxial"
      },
      "magnetocrystalline anisotropy constants": {
        "value": [
-0.470,-0.018]
      },
      "kind of anisotropy": {
        "value": "easy plane"
      },
      "anisotropy info": {
        "value": "software VASP (vasp.5.4.4) with spin-orbit coupling, k-points mesh 15x15x8, Ecut-off=401.823 eV, PAW_PBE, Fe:PAW_PBE:06Sep2000, Ti:PAW_PBE:08Apr2002, Pressure=0.0 kbar, temperature=0K"
      },
      "exchange integrals": {
        "value": null
      },
      "exchange info": {
        "value": null
      },
      "magnetic order": {
        "value": null
      },
      "curie temperature": {
        "value": null
      },
      "curie temperature info": {
        "value": null
      },
      "anisotropy field": {
        "value": null
      },
      "remanence": {
        "value": null
      },
      "coercivity": {
        "value": null
      },
      "energy product": {
        "value": null
      },
      "hysteresis info": {
        "value": null
      },
      "domain wall width": {
        "value": null
      },
      "domain wall info": {
        "value": null
      },
      "exchange stiffness": {
        "value": null
      },
      "exchange stiffness info": {
        "value": null
      }
    },
    "additional information": {
      "authors": {
        "value": ["ICCRAM"]
      },
      "reference": {
        "value": "S. Curtarolo et al. Computational Materials Science 58 (2012) 218-226"
      },
      "comments": {
        "value": null
      },
      "attached files": {
        "value": [
"Fe8Ti4_#194_1A.cif",
"CONTCAR_Fe8Ti4_#194_1A",
"Fe8Ti4_#194_1A.png"
]
      },
      "attached files info": {
        "value": null
      }
    }
  }
}
