{
  "confidential": {
  "value": false
  }, 
  "name": "NOVAMAG_theory_ICCRAM_Fe8Ti2_#87_1A",
  "properties": {
    "approach": {
      "value": "theory"
    },
    "summary": {
      "value": "crystal, energy, magnetization, MAE"
    },
    "chemistry": {
      "chemical formula": {
        "value": "Fe8Ti2"
      },
      "production info": {
        "value": "initial POSCAR from AFLOW library http://aflow.org/material.php?id=Fe_pvTi_sv/286"
      }
    },
    "crystal": {
      "compound space group": {
        "value": 87
      },
      "unit cell volume": {
        "value": 121.399314
      },
      "lattice parameters": {
        "value": [
          6.42743,
          6.42743,
          2.93861
        ]
      },
      "lattice angles": {
        "value": [
          90.00000,
          90.00000,
          90.00000
        ]
      },
      "atomic positions": {
        "value": [
"Fe1(8h)",
0.80714,
0.39785,
0.00000,
"Ti1(2a)",
0.00000,
0.00000,
0.00000
]
      },
      "crystal info": {
        "value": "software VASP (vasp.5.4.4), k-points mesh 9x9x20, Ecut-off=401.823 eV, PAW_PBE, Fe:PAW_PBE:06Sep2000, Ti:PAW_PBE:08Apr2002, Pressure=0.0 kbar, temperature=0K"
      }
    },
    "thermodynamics": {
      "unit cell energy": {
        "value": -82.62557456
      },
      "unit cell formation enthalpy": {
        "value": -1.203397
      },
      "energy info": {
        "value": "software VASP (vasp.5.4.4), k-points mesh 9x9x20, Ecut-off=401.823 eV, PAW_PBE, Fe:PAW_PBE:06Sep2000, Ti:PAW_PBE:08Apr2002, Pressure=0.0 kbar, temperature=0K"
      },
      "interatomic potentials info": {
        "value": null
      },
      "magnetic free energy": {
        "value": null
      },
      "magnetic free energy info": {
        "value": null
      }
    },
    "magnetics": {
      "unit cell spin polarization": {
        "value": 14.841
      },
      "atomic spin specie": {
        "value": [
"1 Fe",
2.102,
"2 Fe",
2.102,
"3 Fe",
2.102,
"4 Fe",
2.102,
"5 Fe",
2.102,
"6 Fe",
2.102,
"7 Fe",
2.102,
"8 Fe",
2.102,
"9 Ti",
-0.987,
"10 Ti",
-0.988
]
      },
      "saturation magnetization": {
        "value": 1.424
      },
      "magnetization temperature": {
        "value": 0
      },
      "magnetization info": {
        "value": "software VASP (vasp.5.4.4), k-points mesh 9x9x20, Ecut-off=401.823 eV, PAW_PBE, Fe:PAW_PBE:06Sep2000, Ti:PAW_PBE:08Apr2002, Pressure=0.0 kbar, temperature=0K"
      },
      "magnetocrystalline anisotropy energy": {
        "value": [
0.0000000000000000,0,1.0000000000000000,-82.68168400,0.2588190451025207,0,0.9659258262890683,-82.68170313,0.5000000000000000,0,0.8660254037844386,-82.68175519,0.7071067811865476,0,0.7071067811865476,-82.68182801,0.8660254037844386,0,0.5000000000000000,-82.68190229,1.0000000000000000,0,0.0000000000000000,-82.68197604]
      },
      "anisotropy energy type": {
        "value": "uniaxial"
      },
      "magnetocrystalline anisotropy constants": {
        "value": [
-0.375,-0.011]
      },
      "kind of anisotropy": {
        "value": "easy plane"
      },
      "anisotropy info": {
        "value": "software VASP (vasp.5.4.4) with spin-orbit coupling, k-points mesh 9x9x20, Ecut-off=401.823 eV, PAW_PBE, Fe:PAW_PBE:06Sep2000, Ti:PAW_PBE:08Apr2002, Pressure=0.0 kbar, temperature=0K"
      },
      "exchange integrals": {
        "value": null
      },
      "exchange info": {
        "value": null
      },
      "magnetic order": {
        "value": null
      },
      "curie temperature": {
        "value": null
      },
      "curie temperature info": {
        "value": null
      },
      "anisotropy field": {
        "value": null
      },
      "remanence": {
        "value": null
      },
      "coercivity": {
        "value": null
      },
      "energy product": {
        "value": null
      },
      "hysteresis info": {
        "value": null
      },
      "domain wall width": {
        "value": null
      },
      "domain wall info": {
        "value": null
      },
      "exchange stiffness": {
        "value": null
      },
      "exchange stiffness info": {
        "value": null
      }
    },
    "additional information": {
      "authors": {
        "value": ["ICCRAM"]
      },
      "reference": {
        "value": "S. Curtarolo et al. Computational Materials Science 58 (2012) 218-226"
      },
      "comments": {
        "value": null
      },
      "attached files": {
        "value": [
"Fe8Ti2_#87_1A.cif",
"CONTCAR_Fe8Ti2_#87_1A",
"Fe8Ti2_#87_1A.png"
]
      },
      "attached files info": {
        "value": null
      }
    }
  }
}
