{
  "confidential": {
  "value": false
  }, 
  "name": "NOVAMAG_theory_ICCRAM_Fe8Ti6_#139_1A",
  "properties": {
    "approach": {
      "value": "theory"
    },
    "summary": {
      "value": "crystal, energy, magnetization, MAE, coercivity, energy product"
    },
    "chemistry": {
      "chemical formula": {
        "value": "Fe8Ti6"
      },
      "production info": {
        "value": "initial POSCAR from AFLOW library http://aflow.org/material.php?id=Fe_pvTi_sv/264"
      }
    },
    "crystal": {
      "compound space group": {
        "value": 139
      },
      "unit cell volume": {
        "value": 186.563459
      },
      "lattice parameters": {
        "value": [
          2.96742,
          2.96742,
          21.18694
        ]
      },
      "lattice angles": {
        "value": [
          90.00000,
          90.00000,
          90.00000
        ]
      },
      "atomic positions": {
        "value": [
"Fe1(4e)",
0.00000,
0.00000,
0.13510,
"Fe2(4e)",
0.00000,
0.00000,
0.42942,
"Ti1(2a)",
0.00000,
0.00000,
0.00000,
"Ti2(4e)",
0.00000,
0.00000,
0.29511
]
      },
      "crystal info": {
        "value": "software VASP (vasp.5.4.4), k-points mesh 20x20x3, Ecut-off=401.823 eV, PAW_PBE, Fe:PAW_PBE:06Sep2000, Ti:PAW_PBE:08Apr2002, Pressure=0.0 kbar, temperature=0K"
      }
    },
    "thermodynamics": {
      "unit cell energy": {
        "value": -114.26764721
      },
      "unit cell formation enthalpy": {
        "value": -1.796174
      },
      "energy info": {
        "value": "software VASP (vasp.5.4.4), k-points mesh 20x20x3, Ecut-off=401.823 eV, PAW_PBE, Fe:PAW_PBE:06Sep2000, Ti:PAW_PBE:08Apr2002, Pressure=0.0 kbar, temperature=0K"
      },
      "interatomic potentials info": {
        "value": null
      },
      "magnetic free energy": {
        "value": null
      },
      "magnetic free energy info": {
        "value": null
      }
    },
    "magnetics": {
      "unit cell spin polarization": {
        "value": 14.060
      },
      "atomic spin specie": {
        "value": [
"1 Fe",
2.000,
"2 Fe",
2.000,
"3 Fe",
2.000,
"4 Fe",
2.000,
"5 Fe",
2.000,
"6 Fe",
2.000,
"7 Fe",
2.000,
"8 Fe",
2.000,
"9 Ti",
-0.861,
"10 Ti",
-0.861,
"11 Ti",
-0.055,
"12 Ti",
-0.055,
"13 Ti",
-0.055,
"14 Ti",
-0.055
]
      },
      "saturation magnetization": {
        "value": 0.878
      },
      "magnetization temperature": {
        "value": 0
      },
      "magnetization info": {
        "value": "software VASP (vasp.5.4.4), k-points mesh 20x20x3, Ecut-off=401.823 eV, PAW_PBE, Fe:PAW_PBE:06Sep2000, Ti:PAW_PBE:08Apr2002, Pressure=0.0 kbar, temperature=0K"
      },
      "magnetocrystalline anisotropy energy": {
        "value": [
0.0000000000000000,0,1.0000000000000000,-114.33046589,0.2588190451025207,0,0.9659258262890683,-114.33039159,0.5000000000000000,0,0.8660254037844386,-114.33020020,0.7071067811865476,0,0.7071067811865476,-114.32995912,0.8660254037844386,0,0.5000000000000000,-114.32972263,1.0000000000000000,0,0.0000000000000000,-114.32948794]
      },
      "anisotropy energy type": {
        "value": "uniaxial"
      },
      "magnetocrystalline anisotropy constants": {
        "value": [
0.911,-0.073]
      },
      "kind of anisotropy": {
        "value": "easy axis"
      },
      "anisotropy info": {
        "value": "software VASP (vasp.5.4.4) with spin-orbit coupling, k-points mesh 20x20x3, Ecut-off=401.823 eV, PAW_PBE, Fe:PAW_PBE:06Sep2000, Ti:PAW_PBE:08Apr2002, Pressure=0.0 kbar, temperature=0K"
      },
      "exchange integrals": {
        "value": null
      },
      "exchange info": {
        "value": null
      },
      "magnetic order": {
        "value": null
      },
      "curie temperature": {
        "value": null
      },
      "curie temperature info": {
        "value": null
      },
      "anisotropy field": {
        "value": 2.190
      },
      "remanence": {
        "value": 0.878
      },
      "coercivity": {
        "value": 2.190
      },
      "energy product": {
        "value": 153.363
      },
      "hysteresis info": {
        "value": "Stoner-Wohlfarth model without shape anisotropy, perfectly rectangular hysteresis loop, temperature = 0 K. Remanence equals to saturation magnetization (Ms). Anisotropy field: mu_0*Hk=(2*K_1+4*K_2)/Ms, where mu_0 is the vacuum permeability. Coercivity: Hc=Hk. Maximum energy product (upper limit)=(1/4)*mu_0*Ms^2, note this value can only be reached if the demagnetization factor is D=0.5 and Hc>0.5*Ms."
      },
      "domain wall width": {
        "value": null
      },
      "domain wall info": {
        "value": null
      },
      "exchange stiffness": {
        "value": null
      },
      "exchange stiffness info": {
        "value": null
      }
    },
    "additional information": {
      "authors": {
        "value": ["ICCRAM"]
      },
      "reference": {
        "value": "S. Curtarolo et al. Computational Materials Science 58 (2012) 218-226"
      },
      "comments": {
        "value": "Hardness parameter=1.219"
      },
      "attached files": {
        "value": [
"Fe8Ti6_#139_1A.cif",
"CONTCAR_Fe8Ti6_#139_1A",
"Fe8Ti6_#139_1A.png"
]
      },
      "attached files info": {
        "value": null
      }
    }
  }
}
