{
  "confidential": {
  "value": false
  }, 
  "name": "NOVAMAG_theory_ICCRAM_Fe12Si3_#166_1N",
  "properties": {
    "approach": {
      "value": "theory"
    },
    "summary": {
      "value": "crystal, energy, magnetization, MAE, coercivity, energy product"
    },
    "chemistry": {
      "chemical formula": {
        "value": "Fe12Si3"
      },
      "production info": {
        "value": "initial POSCAR from NOVAMAG library http://crono.ubu.es/novamag/show_item_features?mafid=541"
      }
    },
    "crystal": {
      "compound space group": {
        "value": 166
      },
      "unit cell volume": {
        "value": 168.045650
      },
      "lattice parameters": {
        "value": [
          3.97775,
          3.97775,
          12.26369
        ]
      },
      "lattice angles": {
        "value": [
          90.00000,
          90.00000,
          120.00000
        ]
      },
      "atomic positions": {
        "value": [
"Fe1(6c)",
0.00000,
0.00000,
-0.09959,
"Fe2(6c)",
0.00000,
0.00000,
0.70211,
"Si1(3b)",
0.00000,
0.00000,
0.50000
]
      },
      "crystal info": {
        "value": "software VASP (vasp.5.4.4), k-points mesh 17x17x5, Ecut-off=401.823 eV, PAW_PBE, Fe:PAW_PBE:06Sep2000, Si:PAW_PBE:05Jan2001, Pressure=0.0 kbar, temperature=0K"
      }
    },
    "thermodynamics": {
      "unit cell energy": {
        "value": -118.77929153
      },
      "unit cell formation enthalpy": {
        "value": -3.658362
      },
      "energy info": {
        "value": "software VASP (vasp.5.4.4), k-points mesh 17x17x5, Ecut-off=401.823 eV, PAW_PBE, Fe:PAW_PBE:06Sep2000, Si:PAW_PBE:05Jan2001, Pressure=0.0 kbar, temperature=0K"
      },
      "interatomic potentials info": {
        "value": null
      },
      "magnetic free energy": {
        "value": null
      },
      "magnetic free energy info": {
        "value": null
      }
    },
    "magnetics": {
      "unit cell spin polarization": {
        "value": 24.456
      },
      "atomic spin specie": {
        "value": [
"1 Fe",
1.885,
"2 Fe",
1.885,
"3 Fe",
1.885,
"4 Fe",
1.885,
"5 Fe",
1.885,
"6 Fe",
1.885,
"7 Fe",
2.224,
"8 Fe",
2.224,
"9 Fe",
2.224,
"10 Fe",
2.224,
"11 Fe",
2.224,
"12 Fe",
2.224,
"13 Si",
-0.067,
"14 Si",
-0.067,
"15 Si",
-0.067
]
      },
      "saturation magnetization": {
        "value": 1.695
      },
      "magnetization temperature": {
        "value": 0
      },
      "magnetization info": {
        "value": "software VASP (vasp.5.4.4), k-points mesh 17x17x5, Ecut-off=401.823 eV, PAW_PBE, Fe:PAW_PBE:06Sep2000, Si:PAW_PBE:05Jan2001, Pressure=0.0 kbar, temperature=0K"
      },
      "magnetocrystalline anisotropy energy": {
        "value": [
0.0000000000000000,0,1.0000000000000000,-118.85272169,0.2588190451025207,0,0.9659258262890683,-118.85271778,0.5000000000000000,0,0.8660254037844386,-118.85271055,0.7071067811865476,0,0.7071067811865476,-118.85270096,0.8660254037844386,0,0.5000000000000000,-118.85269165,1.0000000000000000,0,0.0000000000000000,-118.85268390]
      },
      "anisotropy energy type": {
        "value": "uniaxial"
      },
      "magnetocrystalline anisotropy constants": {
        "value": [
0.044,-0.008]
      },
      "kind of anisotropy": {
        "value": "easy axis"
      },
      "anisotropy info": {
        "value": "software VASP (vasp.5.4.4) with spin-orbit coupling, k-points mesh 17x17x5, Ecut-off=401.823 eV, PAW_PBE, Fe:PAW_PBE:06Sep2000, Si:PAW_PBE:05Jan2001, Pressure=0.0 kbar, temperature=0K"
      },
      "exchange integrals": {
        "value": null
      },
      "exchange info": {
        "value": null
      },
      "magnetic order": {
        "value": null
      },
      "curie temperature": {
        "value": null
      },
      "curie temperature info": {
        "value": null
      },
      "anisotropy field": {
        "value": 0.042
      },
      "remanence": {
        "value": 1.695
      },
      "coercivity": {
        "value": 0.042
      },
      "energy product": {
        "value": 571.570
      },
      "hysteresis info": {
        "value": "Stoner-Wohlfarth model without shape anisotropy, perfectly rectangular hysteresis loop, temperature = 0 K. Remanence equals to saturation magnetization (Ms). Anisotropy field: mu_0*Hk=(2*K_1+4*K_2)/Ms, where mu_0 is the vacuum permeability. Coercivity: Hc=Hk. Maximum energy product (upper limit)=(1/4)*mu_0*Ms^2, note this value can only be reached if the demagnetization factor is D=0.5 and Hc>0.5*Ms."
      },
      "domain wall width": {
        "value": null
      },
      "domain wall info": {
        "value": null
      },
      "exchange stiffness": {
        "value": null
      },
      "exchange stiffness info": {
        "value": null
      }
    },
    "additional information": {
      "authors": {
        "value": ["ICCRAM"]
      },
      "reference": {
        "value": null
      },
      "comments": {
        "value": "Hardness parameter=0.139"
      },
      "attached files": {
        "value": [
"Fe12Si3_#166_1N.cif",
"CONTCAR_Fe12Si3_#166_1N",
"Fe12Si3_#166_1N.png"
]
      },
      "attached files info": {
        "value": null
      }
    }
  }
}
