{
  "confidential": {
  "value": false
  }, 
  "name": "NOVAMAG_theory_ICCRAM_Fe12Si4_#139_1N",
  "properties": {
    "approach": {
      "value": "theory"
    },
    "summary": {
      "value": "crystal, energy, magnetization, MAE, coercivity, energy product"
    },
    "chemistry": {
      "chemical formula": {
        "value": "Fe12Si4"
      },
      "production info": {
        "value": "initial POSCAR from NOVAMAG library http://crono.ubu.es/novamag/show_item_features?mafid=584"
      }
    },
    "crystal": {
      "compound space group": {
        "value": 139
      },
      "unit cell volume": {
        "value": 174.745873
      },
      "lattice parameters": {
        "value": [
          3.94551,
          3.94551,
          11.22538
        ]
      },
      "lattice angles": {
        "value": [
          90.00000,
          90.00000,
          90.00000
        ]
      },
      "atomic positions": {
        "value": [
"Fe1(4d)",
0.00000,
0.50000,
0.25000,
"Fe2(4e)",
0.00000,
0.00000,
0.12457,
"Fe3(4c)",
0.00000,
0.50000,
0.00000,
"Si1(4e)",
0.00000,
0.00000,
0.37330
]
      },
      "crystal info": {
        "value": "software VASP (vasp.5.4.4), k-points mesh 15x15x5, Ecut-off=401.823 eV, PAW_PBE, Fe:PAW_PBE:06Sep2000, Si:PAW_PBE:05Jan2001, Pressure=0.0 kbar, temperature=0K"
      }
    },
    "thermodynamics": {
      "unit cell energy": {
        "value": -125.39833173
      },
      "unit cell formation enthalpy": {
        "value": -4.852524
      },
      "energy info": {
        "value": "software VASP (vasp.5.4.4), k-points mesh 15x15x5, Ecut-off=401.823 eV, PAW_PBE, Fe:PAW_PBE:06Sep2000, Si:PAW_PBE:05Jan2001, Pressure=0.0 kbar, temperature=0K"
      },
      "interatomic potentials info": {
        "value": null
      },
      "magnetic free energy": {
        "value": null
      },
      "magnetic free energy info": {
        "value": null
      }
    },
    "magnetics": {
      "unit cell spin polarization": {
        "value": 19.261
      },
      "atomic spin specie": {
        "value": [
"1 Fe",
1.329,
"2 Fe",
1.329,
"3 Fe",
1.329,
"4 Fe",
1.329,
"5 Fe",
2.467,
"6 Fe",
2.467,
"7 Fe",
2.467,
"8 Fe",
2.467,
"9 Fe",
1.072,
"10 Fe",
1.072,
"11 Fe",
1.072,
"12 Fe",
1.072,
"13 Si",
-0.053,
"14 Si",
-0.053,
"15 Si",
-0.053,
"16 Si",
-0.053
]
      },
      "saturation magnetization": {
        "value": 1.284
      },
      "magnetization temperature": {
        "value": 0
      },
      "magnetization info": {
        "value": "software VASP (vasp.5.4.4), k-points mesh 15x15x5, Ecut-off=401.823 eV, PAW_PBE, Fe:PAW_PBE:06Sep2000, Si:PAW_PBE:05Jan2001, Pressure=0.0 kbar, temperature=0K"
      },
      "magnetocrystalline anisotropy energy": {
        "value": [
0.0000000000000000,0,1.0000000000000000,-125.47332587,0.2588190451025207,0,0.9659258262890683,-125.47328172,0.5000000000000000,0,0.8660254037844386,-125.47316244,0.7071067811865476,0,0.7071067811865476,-125.47300255,0.8660254037844386,0,0.5000000000000000,-125.47285000,1.0000000000000000,0,0.0000000000000000,-125.47269837]
      },
      "anisotropy energy type": {
        "value": "uniaxial"
      },
      "magnetocrystalline anisotropy constants": {
        "value": [
0.608,-0.033]
      },
      "kind of anisotropy": {
        "value": "easy axis"
      },
      "anisotropy info": {
        "value": "software VASP (vasp.5.4.4) with spin-orbit coupling, k-points mesh 15x15x5, Ecut-off=401.823 eV, PAW_PBE, Fe:PAW_PBE:06Sep2000, Si:PAW_PBE:05Jan2001, Pressure=0.0 kbar, temperature=0K"
      },
      "exchange integrals": {
        "value": null
      },
      "exchange info": {
        "value": null
      },
      "magnetic order": {
        "value": null
      },
      "curie temperature": {
        "value": null
      },
      "curie temperature info": {
        "value": null
      },
      "anisotropy field": {
        "value": 1.061
      },
      "remanence": {
        "value": 1.284
      },
      "coercivity": {
        "value": 1.061
      },
      "energy product": {
        "value": 327.990
      },
      "hysteresis info": {
        "value": "Stoner-Wohlfarth model without shape anisotropy, perfectly rectangular hysteresis loop, temperature = 0 K. Remanence equals to saturation magnetization (Ms). Anisotropy field: mu_0*Hk=(2*K_1+4*K_2)/Ms, where mu_0 is the vacuum permeability. Coercivity: Hc=Hk. Maximum energy product (upper limit)=(1/4)*mu_0*Ms^2, note this value can only be reached if the demagnetization factor is D=0.5 and Hc>0.5*Ms."
      },
      "domain wall width": {
        "value": null
      },
      "domain wall info": {
        "value": null
      },
      "exchange stiffness": {
        "value": null
      },
      "exchange stiffness info": {
        "value": null
      }
    },
    "additional information": {
      "authors": {
        "value": ["ICCRAM"]
      },
      "reference": {
        "value": null
      },
      "comments": {
        "value": "Hardness parameter=0.681"
      },
      "attached files": {
        "value": [
"Fe12Si4_#139_1N.cif",
"CONTCAR_Fe12Si4_#139_1N",
"Fe12Si4_#139_1N.png"
]
      },
      "attached files info": {
        "value": null
      }
    }
  }
}
