{
  "confidential": {
  "value": false
  }, 
  "name": "NOVAMAG_theory_ICCRAM_Fe12Si2_#139_1N",
  "properties": {
    "approach": {
      "value": "theory"
    },
    "summary": {
      "value": "crystal, energy, magnetization, MAE, coercivity, energy product"
    },
    "chemistry": {
      "chemical formula": {
        "value": "Fe12Si2"
      },
      "production info": {
        "value": "initial POSCAR from NOVAMAG library http://crono.ubu.es/novamag/show_item_features?mafid=594"
      }
    },
    "crystal": {
      "compound space group": {
        "value": 139
      },
      "unit cell volume": {
        "value": 155.939709
      },
      "lattice parameters": {
        "value": [
          2.83119,
          2.83119,
          19.45441
        ]
      },
      "lattice angles": {
        "value": [
          90.00000,
          90.00000,
          90.00000
        ]
      },
      "atomic positions": {
        "value": [
"Fe1(4e)",
0.00000,
0.00000,
0.64044,
"Fe2(4e)",
0.00000,
0.00000,
0.06879,
"Fe3(4e)",
0.00000,
0.00000,
0.78565,
"Si1(2b)",
0.00000,
0.00000,
0.50000
]
      },
      "crystal info": {
        "value": "software VASP (vasp.5.4.4), k-points mesh 21x21x3, Ecut-off=401.823 eV, PAW_PBE, Fe:PAW_PBE:06Sep2000, Si:PAW_PBE:05Jan2001, Pressure=0.0 kbar, temperature=0K"
      }
    },
    "thermodynamics": {
      "unit cell energy": {
        "value": -111.54835601
      },
      "unit cell formation enthalpy": {
        "value": -1.852304
      },
      "energy info": {
        "value": "software VASP (vasp.5.4.4), k-points mesh 21x21x3, Ecut-off=401.823 eV, PAW_PBE, Fe:PAW_PBE:06Sep2000, Si:PAW_PBE:05Jan2001, Pressure=0.0 kbar, temperature=0K"
      },
      "interatomic potentials info": {
        "value": null
      },
      "magnetic free energy": {
        "value": null
      },
      "magnetic free energy info": {
        "value": null
      }
    },
    "magnetics": {
      "unit cell spin polarization": {
        "value": 23.050
      },
      "atomic spin specie": {
        "value": [
"1 Fe",
2.432,
"2 Fe",
2.432,
"3 Fe",
2.432,
"4 Fe",
2.432,
"5 Fe",
1.139,
"6 Fe",
1.139,
"7 Fe",
1.139,
"8 Fe",
1.139,
"9 Fe",
2.218,
"10 Fe",
2.218,
"11 Fe",
2.218,
"12 Fe",
2.218,
"13 Si",
-0.053,
"14 Si",
-0.053
]
      },
      "saturation magnetization": {
        "value": 1.722
      },
      "magnetization temperature": {
        "value": 0
      },
      "magnetization info": {
        "value": "software VASP (vasp.5.4.4), k-points mesh 21x21x3, Ecut-off=401.823 eV, PAW_PBE, Fe:PAW_PBE:06Sep2000, Si:PAW_PBE:05Jan2001, Pressure=0.0 kbar, temperature=0K"
      },
      "magnetocrystalline anisotropy energy": {
        "value": [
0.0000000000000000,0,1.0000000000000000,-111.62499862,0.2588190451025207,0,0.9659258262890683,-111.62492917,0.5000000000000000,0,0.8660254037844386,-111.62474233,0.7071067811865476,0,0.7071067811865476,-111.62448743,0.8660254037844386,0,0.5000000000000000,-111.62423300,1.0000000000000000,0,0.0000000000000000,-111.62397931]
      },
      "anisotropy energy type": {
        "value": "uniaxial"
      },
      "magnetocrystalline anisotropy constants": {
        "value": [
1.054,-0.007]
      },
      "kind of anisotropy": {
        "value": "easy axis"
      },
      "anisotropy info": {
        "value": "software VASP (vasp.5.4.4) with spin-orbit coupling, k-points mesh 21x21x3, Ecut-off=401.823 eV, PAW_PBE, Fe:PAW_PBE:06Sep2000, Si:PAW_PBE:05Jan2001, Pressure=0.0 kbar, temperature=0K"
      },
      "exchange integrals": {
        "value": null
      },
      "exchange info": {
        "value": null
      },
      "magnetic order": {
        "value": null
      },
      "curie temperature": {
        "value": null
      },
      "curie temperature info": {
        "value": null
      },
      "anisotropy field": {
        "value": 1.518
      },
      "remanence": {
        "value": 1.722
      },
      "coercivity": {
        "value": 1.518
      },
      "energy product": {
        "value": 589.925
      },
      "hysteresis info": {
        "value": "Stoner-Wohlfarth model without shape anisotropy, perfectly rectangular hysteresis loop, temperature = 0 K. Remanence equals to saturation magnetization (Ms). Anisotropy field: mu_0*Hk=(2*K_1+4*K_2)/Ms, where mu_0 is the vacuum permeability. Coercivity: Hc=Hk. Maximum energy product (upper limit)=(1/4)*mu_0*Ms^2, note this value can only be reached if the demagnetization factor is D=0.5 and Hc>0.5*Ms."
      },
      "domain wall width": {
        "value": null
      },
      "domain wall info": {
        "value": null
      },
      "exchange stiffness": {
        "value": null
      },
      "exchange stiffness info": {
        "value": null
      }
    },
    "additional information": {
      "authors": {
        "value": ["ICCRAM"]
      },
      "reference": {
        "value": null
      },
      "comments": {
        "value": "Hardness parameter=0.668"
      },
      "attached files": {
        "value": [
"Fe12Si2_#139_1N.cif",
"CONTCAR_Fe12Si2_#139_1N",
"Fe12Si2_#139_1N.png"
]
      },
      "attached files info": {
        "value": null
      }
    }
  }
}
