{
  "confidential": {
  "value": false
  }, 
  "name": "NOVAMAG_theory_ICCRAM_Fe15Si3_#155_1N",
  "properties": {
    "approach": {
      "value": "theory"
    },
    "summary": {
      "value": "crystal, energy, magnetization, MAE"
    },
    "chemistry": {
      "chemical formula": {
        "value": "Fe15Si3"
      },
      "production info": {
        "value": "initial POSCAR from NOVAMAG library http://crono.ubu.es/novamag/show_item_features?mafid=548"
      }
    },
    "crystal": {
      "compound space group": {
        "value": 155
      },
      "unit cell volume": {
        "value": 204.804988
      },
      "lattice parameters": {
        "value": [
          4.32524,
          4.32524,
          12.64123
        ]
      },
      "lattice angles": {
        "value": [
          90.00000,
          90.00000,
          120.00000
        ]
      },
      "atomic positions": {
        "value": [
"Fe1(6c)",
0.00000,
0.00000,
0.34036,
"Fe2(9e)",
0.34228,
0.00000,
0.50000,
"Si1(3a)",
0.00000,
0.00000,
0.00000
]
      },
      "crystal info": {
        "value": "software VASP (vasp.5.4.4), k-points mesh 16x16x5, Ecut-off=401.823 eV, PAW_PBE, Fe:PAW_PBE:06Sep2000, Si:PAW_PBE:05Jan2001, Pressure=0.0 kbar, temperature=0K"
      }
    },
    "thermodynamics": {
      "unit cell energy": {
        "value": -141.13555281
      },
      "unit cell formation enthalpy": {
        "value": -1.303049
      },
      "energy info": {
        "value": "software VASP (vasp.5.4.4), k-points mesh 16x16x5, Ecut-off=401.823 eV, PAW_PBE, Fe:PAW_PBE:06Sep2000, Si:PAW_PBE:05Jan2001, Pressure=0.0 kbar, temperature=0K"
      },
      "interatomic potentials info": {
        "value": null
      },
      "magnetic free energy": {
        "value": null
      },
      "magnetic free energy info": {
        "value": null
      }
    },
    "magnetics": {
      "unit cell spin polarization": {
        "value": 31.202
      },
      "atomic spin specie": {
        "value": [
"1 Fe",
2.109,
"2 Fe",
2.109,
"3 Fe",
2.110,
"4 Fe",
2.109,
"5 Fe",
2.109,
"6 Fe",
2.110,
"7 Fe",
2.090,
"8 Fe",
2.090,
"9 Fe",
2.090,
"10 Fe",
2.093,
"11 Fe",
2.093,
"12 Fe",
2.093,
"13 Fe",
2.093,
"14 Fe",
2.093,
"15 Fe",
2.093,
"16 Si",
-0.093,
"17 Si",
-0.093,
"18 Si",
-0.093
]
      },
      "saturation magnetization": {
        "value": 1.775
      },
      "magnetization temperature": {
        "value": 0
      },
      "magnetization info": {
        "value": "software VASP (vasp.5.4.4), k-points mesh 16x16x5, Ecut-off=401.823 eV, PAW_PBE, Fe:PAW_PBE:06Sep2000, Si:PAW_PBE:05Jan2001, Pressure=0.0 kbar, temperature=0K"
      },
      "magnetocrystalline anisotropy energy": {
        "value": [
0.0000000000000000,0,1.0000000000000000,-141.23801531,0.2588190451025207,0,0.9659258262890683,-141.23812443,0.5000000000000000,0,0.8660254037844386,-141.23842362,0.7071067811865476,0,0.7071067811865476,-141.23883693,0.8660254037844386,0,0.5000000000000000,-141.23925277,1.0000000000000000,0,0.0000000000000000,-141.23966268]
      },
      "anisotropy energy type": {
        "value": "uniaxial"
      },
      "magnetocrystalline anisotropy constants": {
        "value": [
-1.282,-0.009]
      },
      "kind of anisotropy": {
        "value": "easy plane"
      },
      "anisotropy info": {
        "value": "software VASP (vasp.5.4.4) with spin-orbit coupling, k-points mesh 16x16x5, Ecut-off=401.823 eV, PAW_PBE, Fe:PAW_PBE:06Sep2000, Si:PAW_PBE:05Jan2001, Pressure=0.0 kbar, temperature=0K"
      },
      "exchange integrals": {
        "value": null
      },
      "exchange info": {
        "value": null
      },
      "magnetic order": {
        "value": null
      },
      "curie temperature": {
        "value": null
      },
      "curie temperature info": {
        "value": null
      },
      "anisotropy field": {
        "value": null
      },
      "remanence": {
        "value": null
      },
      "coercivity": {
        "value": null
      },
      "energy product": {
        "value": null
      },
      "hysteresis info": {
        "value": null
      },
      "domain wall width": {
        "value": null
      },
      "domain wall info": {
        "value": null
      },
      "exchange stiffness": {
        "value": null
      },
      "exchange stiffness info": {
        "value": null
      }
    },
    "additional information": {
      "authors": {
        "value": ["ICCRAM"]
      },
      "reference": {
        "value": null
      },
      "comments": {
        "value": null
      },
      "attached files": {
        "value": [
"Fe15Si3_#155_1N.cif",
"CONTCAR_Fe15Si3_#155_1N",
"Fe15Si3_#155_1N.png"
]
      },
      "attached files info": {
        "value": null
      }
    }
  }
}
