{
  "confidential": {
  "value": false
  }, 
  "name": "NOVAMAG_theory_ICCRAM_Fe18Si3_#148_1N",
  "properties": {
    "approach": {
      "value": "theory"
    },
    "summary": {
      "value": "crystal, energy, magnetization, MAE"
    },
    "chemistry": {
      "chemical formula": {
        "value": "Fe18Si3"
      },
      "production info": {
        "value": "initial POSCAR from NOVAMAG library http://crono.ubu.es/novamag/show_item_features?mafid=597"
      }
    },
    "crystal": {
      "compound space group": {
        "value": 148
      },
      "unit cell volume": {
        "value": 241.050652
      },
      "lattice parameters": {
        "value": [
          6.64378,
          6.64378,
          6.30590
        ]
      },
      "lattice angles": {
        "value": [
          90.00000,
          90.00000,
          120.00000
        ]
      },
      "atomic positions": {
        "value": [
"Fe1(18f)",
0.81537,
0.05377,
0.33141,
"Si1(3a)",
0.00000,
0.00000,
0.00000
]
      },
      "crystal info": {
        "value": "software VASP (vasp.5.4.4), k-points mesh 10x10x10, Ecut-off=401.823 eV, PAW_PBE, Fe:PAW_PBE:06Sep2000, Si:PAW_PBE:05Jan2001, Pressure=0.0 kbar, temperature=0K"
      }
    },
    "thermodynamics": {
      "unit cell energy": {
        "value": -166.21392572
      },
      "unit cell formation enthalpy": {
        "value": -1.669848
      },
      "energy info": {
        "value": "software VASP (vasp.5.4.4), k-points mesh 10x10x10, Ecut-off=401.823 eV, PAW_PBE, Fe:PAW_PBE:06Sep2000, Si:PAW_PBE:05Jan2001, Pressure=0.0 kbar, temperature=0K"
      },
      "interatomic potentials info": {
        "value": null
      },
      "magnetic free energy": {
        "value": null
      },
      "magnetic free energy info": {
        "value": null
      }
    },
    "magnetics": {
      "unit cell spin polarization": {
        "value": 39.844
      },
      "atomic spin specie": {
        "value": [
"1 Fe",
2.230,
"2 Fe",
2.230,
"3 Fe",
2.230,
"4 Fe",
2.230,
"5 Fe",
2.229,
"6 Fe",
2.230,
"7 Fe",
2.230,
"8 Fe",
2.230,
"9 Fe",
2.230,
"10 Fe",
2.230,
"11 Fe",
2.230,
"12 Fe",
2.230,
"13 Fe",
2.230,
"14 Fe",
2.230,
"15 Fe",
2.230,
"16 Fe",
2.230,
"17 Fe",
2.230,
"18 Fe",
2.230,
"19 Si",
-0.097,
"20 Si",
-0.097,
"21 Si",
-0.097
]
      },
      "saturation magnetization": {
        "value": 1.925
      },
      "magnetization temperature": {
        "value": 0
      },
      "magnetization info": {
        "value": "software VASP (vasp.5.4.4), k-points mesh 10x10x10, Ecut-off=401.823 eV, PAW_PBE, Fe:PAW_PBE:06Sep2000, Si:PAW_PBE:05Jan2001, Pressure=0.0 kbar, temperature=0K"
      },
      "magnetocrystalline anisotropy energy": {
        "value": [
0.0000000000000000,0,1.0000000000000000,-166.33599965,0.2588190451025207,0,0.9659258262890683,-166.33601663,0.5000000000000000,0,0.8660254037844386,-166.33606555,0.7071067811865476,0,0.7071067811865476,-166.33612544,0.8660254037844386,0,0.5000000000000000,-166.33617568,1.0000000000000000,0,0.0000000000000000,-166.33621377]
      },
      "anisotropy energy type": {
        "value": "uniaxial"
      },
      "magnetocrystalline anisotropy constants": {
        "value": [
-0.190,0.047]
      },
      "kind of anisotropy": {
        "value": "easy plane"
      },
      "anisotropy info": {
        "value": "software VASP (vasp.5.4.4) with spin-orbit coupling, k-points mesh 10x10x10, Ecut-off=401.823 eV, PAW_PBE, Fe:PAW_PBE:06Sep2000, Si:PAW_PBE:05Jan2001, Pressure=0.0 kbar, temperature=0K"
      },
      "exchange integrals": {
        "value": null
      },
      "exchange info": {
        "value": null
      },
      "magnetic order": {
        "value": null
      },
      "curie temperature": {
        "value": null
      },
      "curie temperature info": {
        "value": null
      },
      "anisotropy field": {
        "value": null
      },
      "remanence": {
        "value": null
      },
      "coercivity": {
        "value": null
      },
      "energy product": {
        "value": null
      },
      "hysteresis info": {
        "value": null
      },
      "domain wall width": {
        "value": null
      },
      "domain wall info": {
        "value": null
      },
      "exchange stiffness": {
        "value": null
      },
      "exchange stiffness info": {
        "value": null
      }
    },
    "additional information": {
      "authors": {
        "value": ["ICCRAM"]
      },
      "reference": {
        "value": null
      },
      "comments": {
        "value": null
      },
      "attached files": {
        "value": [
"Fe18Si3_#148_1N.cif",
"CONTCAR_Fe18Si3_#148_1N",
"Fe18Si3_#148_1N.png"
]
      },
      "attached files info": {
        "value": null
      }
    }
  }
}
