{
  "confidential": {
  "value": false
  }, 
  "name": "NOVAMAG_theory_ICCRAM_Fe18Si3_#166_1N",
  "properties": {
    "approach": {
      "value": "theory"
    },
    "summary": {
      "value": "crystal, energy, magnetization, MAE, coercivity, energy product"
    },
    "chemistry": {
      "chemical formula": {
        "value": "Fe18Si3"
      },
      "production info": {
        "value": "initial POSCAR from NOVAMAG library http://crono.ubu.es/novamag/show_item_features?mafid=595"
      }
    },
    "crystal": {
      "compound space group": {
        "value": 166
      },
      "unit cell volume": {
        "value": 236.261201
      },
      "lattice parameters": {
        "value": [
          3.98622,
          3.98622,
          17.16878
        ]
      },
      "lattice angles": {
        "value": [
          90.00000,
          90.00000,
          120.00000
        ]
      },
      "atomic positions": {
        "value": [
"Fe1(6c)",
0.00000,
0.00000,
0.28528,
"Fe2(6c)",
0.00000,
0.00000,
0.85610,
"Fe3(6c)",
0.00000,
0.00000,
0.57237,
"Si1(3a)",
0.00000,
0.00000,
0.00000
]
      },
      "crystal info": {
        "value": "software VASP (vasp.5.4.4), k-points mesh 17x17x3, Ecut-off=401.823 eV, PAW_PBE, Fe:PAW_PBE:06Sep2000, Si:PAW_PBE:05Jan2001, Pressure=0.0 kbar, temperature=0K"
      }
    },
    "thermodynamics": {
      "unit cell energy": {
        "value": -168.35920879
      },
      "unit cell formation enthalpy": {
        "value": -3.815131
      },
      "energy info": {
        "value": "software VASP (vasp.5.4.4), k-points mesh 17x17x3, Ecut-off=401.823 eV, PAW_PBE, Fe:PAW_PBE:06Sep2000, Si:PAW_PBE:05Jan2001, Pressure=0.0 kbar, temperature=0K"
      },
      "interatomic potentials info": {
        "value": null
      },
      "magnetic free energy": {
        "value": null
      },
      "magnetic free energy info": {
        "value": null
      }
    },
    "magnetics": {
      "unit cell spin polarization": {
        "value": 37.793
      },
      "atomic spin specie": {
        "value": [
"1 Fe",
1.837,
"2 Fe",
1.837,
"3 Fe",
1.837,
"4 Fe",
1.837,
"5 Fe",
1.837,
"6 Fe",
1.837,
"7 Fe",
2.169,
"8 Fe",
2.170,
"9 Fe",
2.169,
"10 Fe",
2.169,
"11 Fe",
2.170,
"12 Fe",
2.169,
"13 Fe",
2.331,
"14 Fe",
2.331,
"15 Fe",
2.331,
"16 Fe",
2.331,
"17 Fe",
2.331,
"18 Fe",
2.331,
"19 Si",
-0.078,
"20 Si",
-0.078,
"21 Si",
-0.078
]
      },
      "saturation magnetization": {
        "value": 1.863
      },
      "magnetization temperature": {
        "value": 0
      },
      "magnetization info": {
        "value": "software VASP (vasp.5.4.4), k-points mesh 17x17x3, Ecut-off=401.823 eV, PAW_PBE, Fe:PAW_PBE:06Sep2000, Si:PAW_PBE:05Jan2001, Pressure=0.0 kbar, temperature=0K"
      },
      "magnetocrystalline anisotropy energy": {
        "value": [
0.0000000000000000,0,1.0000000000000000,-168.47455822,0.2588190451025207,0,0.9659258262890683,-168.47450609,0.5000000000000000,0,0.8660254037844386,-168.47436227,0.7071067811865476,0,0.7071067811865476,-168.47416560,0.8660254037844386,0,0.5000000000000000,-168.47397283,1.0000000000000000,0,0.0000000000000000,-168.47378103]
      },
      "anisotropy energy type": {
        "value": "uniaxial"
      },
      "magnetocrystalline anisotropy constants": {
        "value": [
0.536,-0.009]
      },
      "kind of anisotropy": {
        "value": "easy axis"
      },
      "anisotropy info": {
        "value": "software VASP (vasp.5.4.4) with spin-orbit coupling, k-points mesh 17x17x3, Ecut-off=401.823 eV, PAW_PBE, Fe:PAW_PBE:06Sep2000, Si:PAW_PBE:05Jan2001, Pressure=0.0 kbar, temperature=0K"
      },
      "exchange integrals": {
        "value": null
      },
      "exchange info": {
        "value": null
      },
      "magnetic order": {
        "value": null
      },
      "curie temperature": {
        "value": null
      },
      "curie temperature info": {
        "value": null
      },
      "anisotropy field": {
        "value": 0.699
      },
      "remanence": {
        "value": 1.863
      },
      "coercivity": {
        "value": 0.699
      },
      "energy product": {
        "value": 690.488
      },
      "hysteresis info": {
        "value": "Stoner-Wohlfarth model without shape anisotropy, perfectly rectangular hysteresis loop, temperature = 0 K. Remanence equals to saturation magnetization (Ms). Anisotropy field: mu_0*Hk=(2*K_1+4*K_2)/Ms, where mu_0 is the vacuum permeability. Coercivity: Hc=Hk. Maximum energy product (upper limit)=(1/4)*mu_0*Ms^2, note this value can only be reached if the demagnetization factor is D=0.5 and Hc>0.5*Ms."
      },
      "domain wall width": {
        "value": null
      },
      "domain wall info": {
        "value": null
      },
      "exchange stiffness": {
        "value": null
      },
      "exchange stiffness info": {
        "value": null
      }
    },
    "additional information": {
      "authors": {
        "value": ["ICCRAM"]
      },
      "reference": {
        "value": null
      },
      "comments": {
        "value": "Hardness parameter=0.441"
      },
      "attached files": {
        "value": [
"Fe18Si3_#166_1N.cif",
"CONTCAR_Fe18Si3_#166_1N",
"Fe18Si3_#166_1N.png"
]
      },
      "attached files info": {
        "value": null
      }
    }
  }
}
