{
  "confidential": {
  "value": false
  }, 
  "name": "NOVAMAG_theory_ICCRAM_Fe18Si6_#166_1N",
  "properties": {
    "approach": {
      "value": "theory"
    },
    "summary": {
      "value": "crystal, energy, magnetization, MAE, coercivity, energy product"
    },
    "chemistry": {
      "chemical formula": {
        "value": "Fe18Si6"
      },
      "production info": {
        "value": "initial POSCAR from NOVAMAG library http://crono.ubu.es/novamag/show_item_features?mafid=585"
      }
    },
    "crystal": {
      "compound space group": {
        "value": 166
      },
      "unit cell volume": {
        "value": 261.191141
      },
      "lattice parameters": {
        "value": [
          3.93943,
          3.93943,
          19.43394
        ]
      },
      "lattice angles": {
        "value": [
          90.00000,
          90.00000,
          120.00000
        ]
      },
      "atomic positions": {
        "value": [
"Fe1(6c)",
0.00000,
0.00000,
0.62512,
"Fe2(3b)",
0.00000,
0.00000,
0.50000,
"Fe3(3a)",
0.00000,
0.00000,
0.00000,
"Fe4(6c)",
0.00000,
0.00000,
0.24681,
"Si1(6c)",
0.00000,
0.00000,
0.87767
]
      },
      "crystal info": {
        "value": "software VASP (vasp.5.4.4), k-points mesh 18x18x3, Ecut-off=401.823 eV, PAW_PBE, Fe:PAW_PBE:06Sep2000, Si:PAW_PBE:05Jan2001, Pressure=0.0 kbar, temperature=0K"
      }
    },
    "thermodynamics": {
      "unit cell energy": {
        "value": -187.34418261
      },
      "unit cell formation enthalpy": {
        "value": -6.525471
      },
      "energy info": {
        "value": "software VASP (vasp.5.4.4), k-points mesh 18x18x3, Ecut-off=401.823 eV, PAW_PBE, Fe:PAW_PBE:06Sep2000, Si:PAW_PBE:05Jan2001, Pressure=0.0 kbar, temperature=0K"
      },
      "interatomic potentials info": {
        "value": null
      },
      "magnetic free energy": {
        "value": null
      },
      "magnetic free energy info": {
        "value": null
      }
    },
    "magnetics": {
      "unit cell spin polarization": {
        "value": 24.190
      },
      "atomic spin specie": {
        "value": [
"1 Fe",
2.457,
"2 Fe",
2.457,
"3 Fe",
2.456,
"4 Fe",
2.457,
"5 Fe",
2.457,
"6 Fe",
2.456,
"7 Fe",
-0.246,
"8 Fe",
-0.247,
"9 Fe",
-0.247,
"10 Fe",
1.599,
"11 Fe",
1.598,
"12 Fe",
1.598,
"13 Fe",
0.932,
"14 Fe",
0.932,
"15 Fe",
0.931,
"16 Fe",
0.932,
"17 Fe",
0.932,
"18 Fe",
0.931,
"19 Si",
-0.032,
"20 Si",
-0.032,
"21 Si",
-0.032,
"22 Si",
-0.032,
"23 Si",
-0.032,
"24 Si",
-0.032
]
      },
      "saturation magnetization": {
        "value": 1.079
      },
      "magnetization temperature": {
        "value": 0
      },
      "magnetization info": {
        "value": "software VASP (vasp.5.4.4), k-points mesh 18x18x3, Ecut-off=401.823 eV, PAW_PBE, Fe:PAW_PBE:06Sep2000, Si:PAW_PBE:05Jan2001, Pressure=0.0 kbar, temperature=0K"
      },
      "magnetocrystalline anisotropy energy": {
        "value": [
0.0000000000000000,0,1.0000000000000000,-187.45335583,0.2588190451025207,0,0.9659258262890683,-187.45327737,0.5000000000000000,0,0.8660254037844386,-187.45305895,0.7071067811865476,0,0.7071067811865476,-187.45275865,0.8660254037844386,0,0.5000000000000000,-187.45245728,1.0000000000000000,0,0.0000000000000000,-187.45215374]
      },
      "anisotropy energy type": {
        "value": "uniaxial"
      },
      "magnetocrystalline anisotropy constants": {
        "value": [
0.727,0.011]
      },
      "kind of anisotropy": {
        "value": "easy axis"
      },
      "anisotropy info": {
        "value": "software VASP (vasp.5.4.4) with spin-orbit coupling, k-points mesh 18x18x3, Ecut-off=401.823 eV, PAW_PBE, Fe:PAW_PBE:06Sep2000, Si:PAW_PBE:05Jan2001, Pressure=0.0 kbar, temperature=0K"
      },
      "exchange integrals": {
        "value": null
      },
      "exchange info": {
        "value": null
      },
      "magnetic order": {
        "value": null
      },
      "curie temperature": {
        "value": null
      },
      "curie temperature info": {
        "value": null
      },
      "anisotropy field": {
        "value": 1.745
      },
      "remanence": {
        "value": 1.079
      },
      "coercivity": {
        "value": 1.745
      },
      "energy product": {
        "value": 231.618
      },
      "hysteresis info": {
        "value": "Stoner-Wohlfarth model without shape anisotropy, perfectly rectangular hysteresis loop, temperature = 0 K. Remanence equals to saturation magnetization (Ms). Anisotropy field: mu_0*Hk=(2*K_1+4*K_2)/Ms, where mu_0 is the vacuum permeability. Coercivity: Hc=Hk. Maximum energy product (upper limit)=(1/4)*mu_0*Ms^2, note this value can only be reached if the demagnetization factor is D=0.5 and Hc>0.5*Ms."
      },
      "domain wall width": {
        "value": null
      },
      "domain wall info": {
        "value": null
      },
      "exchange stiffness": {
        "value": null
      },
      "exchange stiffness info": {
        "value": null
      }
    },
    "additional information": {
      "authors": {
        "value": ["ICCRAM"]
      },
      "reference": {
        "value": null
      },
      "comments": {
        "value": "Hardness parameter=0.886"
      },
      "attached files": {
        "value": [
"Fe18Si6_#166_1N.cif",
"CONTCAR_Fe18Si6_#166_1N",
"Fe18Si6_#166_1N.png"
]
      },
      "attached files info": {
        "value": null
      }
    }
  }
}
