{
  "confidential": {
  "value": false
  }, 
  "name": "NOVAMAG_theory_ICCRAM_Fe18Si9_#160_1N",
  "properties": {
    "approach": {
      "value": "theory"
    },
    "summary": {
      "value": "crystal, energy, magnetization, MAE, coercivity, energy product"
    },
    "chemistry": {
      "chemical formula": {
        "value": "Fe18Si9"
      },
      "production info": {
        "value": "initial POSCAR from NOVAMAG library http://crono.ubu.es/novamag/show_item_features?mafid=558"
      }
    },
    "crystal": {
      "compound space group": {
        "value": 160
      },
      "unit cell volume": {
        "value": 309.430939
      },
      "lattice parameters": {
        "value": [
          3.88350,
          3.88350,
          23.69116
        ]
      },
      "lattice angles": {
        "value": [
          90.00000,
          90.00000,
          120.00000
        ]
      },
      "atomic positions": {
        "value": [
"Fe1(3a)",
0.00000,
0.00000,
0.42170,
"Fe2(3a)",
0.00000,
0.00000,
0.62211,
"Fe3(3a)",
0.00000,
0.00000,
0.51749,
"Fe4(3a)",
0.00000,
0.00000,
0.72617,
"Fe5(3a)",
0.00000,
0.00000,
0.01980,
"Fe6(3a)",
0.00000,
0.00000,
0.22276,
"Si1(3a)",
0.00000,
0.00000,
0.32292,
"Si2(3a)",
0.00000,
0.00000,
-0.08493,
"Si3(3a)",
0.00000,
0.00000,
0.12395
]
      },
      "crystal info": {
        "value": "software VASP (vasp.5.4.4), k-points mesh 18x18x3, Ecut-off=401.823 eV, PAW_PBE, Fe:PAW_PBE:06Sep2000, Si:PAW_PBE:05Jan2001, Pressure=0.0 kbar, temperature=0K"
      }
    },
    "thermodynamics": {
      "unit cell energy": {
        "value": -204.85652840
      },
      "unit cell formation enthalpy": {
        "value": -7.763183
      },
      "energy info": {
        "value": "software VASP (vasp.5.4.4), k-points mesh 18x18x3, Ecut-off=401.823 eV, PAW_PBE, Fe:PAW_PBE:06Sep2000, Si:PAW_PBE:05Jan2001, Pressure=0.0 kbar, temperature=0K"
      },
      "interatomic potentials info": {
        "value": null
      },
      "magnetic free energy": {
        "value": null
      },
      "magnetic free energy info": {
        "value": null
      }
    },
    "magnetics": {
      "unit cell spin polarization": {
        "value": 18.160
      },
      "atomic spin specie": {
        "value": [
"1 Fe",
0.865,
"2 Fe",
0.865,
"3 Fe",
0.864,
"4 Fe",
-0.156,
"5 Fe",
-0.157,
"6 Fe",
-0.157,
"7 Fe",
2.276,
"8 Fe",
2.276,
"9 Fe",
2.276,
"10 Fe",
2.459,
"11 Fe",
2.459,
"12 Fe",
2.459,
"13 Fe",
0.430,
"14 Fe",
0.429,
"15 Fe",
0.429,
"16 Fe",
0.249,
"17 Fe",
0.249,
"18 Fe",
0.250,
"19 Si",
-0.004,
"20 Si",
-0.004,
"21 Si",
-0.004,
"22 Si",
-0.020,
"23 Si",
-0.020,
"24 Si",
-0.020,
"25 Si",
-0.044,
"26 Si",
-0.044,
"27 Si",
-0.044
]
      },
      "saturation magnetization": {
        "value": 0.684
      },
      "magnetization temperature": {
        "value": 0
      },
      "magnetization info": {
        "value": "software VASP (vasp.5.4.4), k-points mesh 18x18x3, Ecut-off=401.823 eV, PAW_PBE, Fe:PAW_PBE:06Sep2000, Si:PAW_PBE:05Jan2001, Pressure=0.0 kbar, temperature=0K"
      },
      "magnetocrystalline anisotropy energy": {
        "value": [
0.0000000000000000,0,1.0000000000000000,-204.96510373,0.2588190451025207,0,0.9659258262890683,-204.96503472,0.5000000000000000,0,0.8660254037844386,-204.96484788,0.7071067811865476,0,0.7071067811865476,-204.96459915,0.8660254037844386,0,0.5000000000000000,-204.96435358,1.0000000000000000,0,0.0000000000000000,-204.96410410]
      },
      "anisotropy energy type": {
        "value": "uniaxial"
      },
      "magnetocrystalline anisotropy constants": {
        "value": [
0.528,-0.012]
      },
      "kind of anisotropy": {
        "value": "easy axis"
      },
      "anisotropy info": {
        "value": "software VASP (vasp.5.4.4) with spin-orbit coupling, k-points mesh 18x18x3, Ecut-off=401.823 eV, PAW_PBE, Fe:PAW_PBE:06Sep2000, Si:PAW_PBE:05Jan2001, Pressure=0.0 kbar, temperature=0K"
      },
      "exchange integrals": {
        "value": null
      },
      "exchange info": {
        "value": null
      },
      "magnetic order": {
        "value": null
      },
      "curie temperature": {
        "value": null
      },
      "curie temperature info": {
        "value": null
      },
      "anisotropy field": {
        "value": 1.852
      },
      "remanence": {
        "value": 0.684
      },
      "coercivity": {
        "value": 1.852
      },
      "energy product": {
        "value": 93.077
      },
      "hysteresis info": {
        "value": "Stoner-Wohlfarth model without shape anisotropy, perfectly rectangular hysteresis loop, temperature = 0 K. Remanence equals to saturation magnetization (Ms). Anisotropy field: mu_0*Hk=(2*K_1+4*K_2)/Ms, where mu_0 is the vacuum permeability. Coercivity: Hc=Hk. Maximum energy product (upper limit)=(1/4)*mu_0*Ms^2, note this value can only be reached if the demagnetization factor is D=0.5 and Hc>0.5*Ms."
      },
      "domain wall width": {
        "value": null
      },
      "domain wall info": {
        "value": null
      },
      "exchange stiffness": {
        "value": null
      },
      "exchange stiffness info": {
        "value": null
      }
    },
    "additional information": {
      "authors": {
        "value": ["ICCRAM"]
      },
      "reference": {
        "value": null
      },
      "comments": {
        "value": "Hardness parameter=1.191"
      },
      "attached files": {
        "value": [
"Fe18Si9_#160_1N.cif",
"CONTCAR_Fe18Si9_#160_1N",
"Fe18Si9_#160_1N.png"
]
      },
      "attached files info": {
        "value": null
      }
    }
  }
}
