{
  "confidential": {
  "value": false
  }, 
  "name": "NOVAMAG_theory_ICCRAM_Fe24Si6_#166_1N",
  "properties": {
    "approach": {
      "value": "theory"
    },
    "summary": {
      "value": "crystal, energy, magnetization, MAE, coercivity, energy product"
    },
    "chemistry": {
      "chemical formula": {
        "value": "Fe24Si6"
      },
      "production info": {
        "value": "initial POSCAR from NOVAMAG library http://crono.ubu.es/novamag/show_item_features?mafid=539"
      }
    },
    "crystal": {
      "compound space group": {
        "value": 166
      },
      "unit cell volume": {
        "value": 339.905144
      },
      "lattice parameters": {
        "value": [
          3.97035,
          3.97035,
          24.89833
        ]
      },
      "lattice angles": {
        "value": [
          90.00000,
          90.00000,
          120.00000
        ]
      },
      "atomic positions": {
        "value": [
"Fe1(6c)",
0.00000,
0.00000,
0.65163,
"Fe2(6c)",
0.00000,
0.00000,
0.84892,
"Fe3(6c)",
0.00000,
0.00000,
0.25005,
"Fe4(6c)",
0.00000,
0.00000,
0.05046,
"Si1(6c)",
0.00000,
0.00000,
0.44522
]
      },
      "crystal info": {
        "value": "software VASP (vasp.5.4.4), k-points mesh 17x17x2, Ecut-off=401.823 eV, PAW_PBE, Fe:PAW_PBE:06Sep2000, Si:PAW_PBE:05Jan2001, Pressure=0.0 kbar, temperature=0K"
      }
    },
    "thermodynamics": {
      "unit cell energy": {
        "value": -236.58675037
      },
      "unit cell formation enthalpy": {
        "value": -6.344891
      },
      "energy info": {
        "value": "software VASP (vasp.5.4.4), k-points mesh 17x17x2, Ecut-off=401.823 eV, PAW_PBE, Fe:PAW_PBE:06Sep2000, Si:PAW_PBE:05Jan2001, Pressure=0.0 kbar, temperature=0K"
      },
      "interatomic potentials info": {
        "value": null
      },
      "magnetic free energy": {
        "value": null
      },
      "magnetic free energy info": {
        "value": null
      }
    },
    "magnetics": {
      "unit cell spin polarization": {
        "value": 50.656
      },
      "atomic spin specie": {
        "value": [
"1 Fe",
2.182,
"2 Fe",
2.182,
"3 Fe",
2.182,
"4 Fe",
2.182,
"5 Fe",
2.182,
"6 Fe",
2.183,
"7 Fe",
2.137,
"8 Fe",
2.137,
"9 Fe",
2.137,
"10 Fe",
2.137,
"11 Fe",
2.137,
"12 Fe",
2.137,
"13 Fe",
1.837,
"14 Fe",
1.838,
"15 Fe",
1.837,
"16 Fe",
1.837,
"17 Fe",
1.837,
"18 Fe",
1.837,
"19 Fe",
2.342,
"20 Fe",
2.342,
"21 Fe",
2.342,
"22 Fe",
2.342,
"23 Fe",
2.341,
"24 Fe",
2.342,
"25 Si",
-0.055,
"26 Si",
-0.055,
"27 Si",
-0.055,
"28 Si",
-0.055,
"29 Si",
-0.055,
"30 Si",
-0.055
]
      },
      "saturation magnetization": {
        "value": 1.736
      },
      "magnetization temperature": {
        "value": 0
      },
      "magnetization info": {
        "value": "software VASP (vasp.5.4.4), k-points mesh 17x17x2, Ecut-off=401.823 eV, PAW_PBE, Fe:PAW_PBE:06Sep2000, Si:PAW_PBE:05Jan2001, Pressure=0.0 kbar, temperature=0K"
      },
      "magnetocrystalline anisotropy energy": {
        "value": [
0.0000000000000000,0,1.0000000000000000,-236.73468337,0.2588190451025207,0,0.9659258262890683,-236.73462340,0.5000000000000000,0,0.8660254037844386,-236.73447667,0.7071067811865476,0,0.7071067811865476,-236.73426195,0.8660254037844386,0,0.5000000000000000,-236.73404529,1.0000000000000000,0,0.0000000000000000,-236.73382897]
      },
      "anisotropy energy type": {
        "value": "uniaxial"
      },
      "magnetocrystalline anisotropy constants": {
        "value": [
0.392,0.011]
      },
      "kind of anisotropy": {
        "value": "easy axis"
      },
      "anisotropy info": {
        "value": "software VASP (vasp.5.4.4) with spin-orbit coupling, k-points mesh 17x17x2, Ecut-off=401.823 eV, PAW_PBE, Fe:PAW_PBE:06Sep2000, Si:PAW_PBE:05Jan2001, Pressure=0.0 kbar, temperature=0K"
      },
      "exchange integrals": {
        "value": null
      },
      "exchange info": {
        "value": null
      },
      "magnetic order": {
        "value": null
      },
      "curie temperature": {
        "value": null
      },
      "curie temperature info": {
        "value": null
      },
      "anisotropy field": {
        "value": 0.599
      },
      "remanence": {
        "value": 1.736
      },
      "coercivity": {
        "value": 0.599
      },
      "energy product": {
        "value": 599.556
      },
      "hysteresis info": {
        "value": "Stoner-Wohlfarth model without shape anisotropy, perfectly rectangular hysteresis loop, temperature = 0 K. Remanence equals to saturation magnetization (Ms). Anisotropy field: mu_0*Hk=(2*K_1+4*K_2)/Ms, where mu_0 is the vacuum permeability. Coercivity: Hc=Hk. Maximum energy product (upper limit)=(1/4)*mu_0*Ms^2, note this value can only be reached if the demagnetization factor is D=0.5 and Hc>0.5*Ms."
      },
      "domain wall width": {
        "value": null
      },
      "domain wall info": {
        "value": null
      },
      "exchange stiffness": {
        "value": null
      },
      "exchange stiffness info": {
        "value": null
      }
    },
    "additional information": {
      "authors": {
        "value": ["ICCRAM"]
      },
      "reference": {
        "value": null
      },
      "comments": {
        "value": "Hardness parameter=0.404"
      },
      "attached files": {
        "value": [
"Fe24Si6_#166_1N.cif",
"CONTCAR_Fe24Si6_#166_1N",
"Fe24Si6_#166_1N.png"
]
      },
      "attached files info": {
        "value": null
      }
    }
  }
}
