{
  "confidential": {
  "value": false
  }, 
  "name": "NOVAMAG_theory_ICCRAM_Fe4Si2_#129_1N",
  "properties": {
    "approach": {
      "value": "theory"
    },
    "summary": {
      "value": "crystal, energy, magnetization, MAE, coercivity, energy product"
    },
    "chemistry": {
      "chemical formula": {
        "value": "Fe4Si2"
      },
      "production info": {
        "value": "initial POSCAR from NOVAMAG library http://crono.ubu.es/novamag/show_item_features?mafid=569"
      }
    },
    "crystal": {
      "compound space group": {
        "value": 129
      },
      "unit cell volume": {
        "value": 70.951250
      },
      "lattice parameters": {
        "value": [
          3.39919,
          3.39919,
          6.14056
        ]
      },
      "lattice angles": {
        "value": [
          90.00000,
          90.00000,
          90.00000
        ]
      },
      "atomic positions": {
        "value": [
"Fe1(2c)",
0.25000,
0.25000,
0.85106,
"Fe2(2b)",
0.75000,
0.25000,
0.50000,
"Si1(2c)",
0.25000,
0.25000,
0.22494
]
      },
      "crystal info": {
        "value": "software VASP (vasp.5.4.4), k-points mesh 18x18x10, Ecut-off=401.823 eV, PAW_PBE, Fe:PAW_PBE:06Sep2000, Si:PAW_PBE:05Jan2001, Pressure=0.0 kbar, temperature=0K"
      }
    },
    "thermodynamics": {
      "unit cell energy": {
        "value": -45.42720382
      },
      "unit cell formation enthalpy": {
        "value": -1.628683
      },
      "energy info": {
        "value": "software VASP (vasp.5.4.4), k-points mesh 18x18x10, Ecut-off=401.823 eV, PAW_PBE, Fe:PAW_PBE:06Sep2000, Si:PAW_PBE:05Jan2001, Pressure=0.0 kbar, temperature=0K"
      },
      "interatomic potentials info": {
        "value": null
      },
      "magnetic free energy": {
        "value": null
      },
      "magnetic free energy info": {
        "value": null
      }
    },
    "magnetics": {
      "unit cell spin polarization": {
        "value": 7.519
      },
      "atomic spin specie": {
        "value": [
"1 Fe",
1.805,
"2 Fe",
1.805,
"3 Fe",
2.051,
"4 Fe",
2.051,
"5 Si",
-0.096,
"6 Si",
-0.096
]
      },
      "saturation magnetization": {
        "value": 1.234
      },
      "magnetization temperature": {
        "value": 0
      },
      "magnetization info": {
        "value": "software VASP (vasp.5.4.4), k-points mesh 18x18x10, Ecut-off=401.823 eV, PAW_PBE, Fe:PAW_PBE:06Sep2000, Si:PAW_PBE:05Jan2001, Pressure=0.0 kbar, temperature=0K"
      },
      "magnetocrystalline anisotropy energy": {
        "value": [
0.0000000000000000,0,1.0000000000000000,-45.45212887,0.2588190451025207,0,0.9659258262890683,-45.45207081,0.5000000000000000,0,0.8660254037844386,-45.45191111,0.7071067811865476,0,0.7071067811865476,-45.45168990,0.8660254037844386,0,0.5000000000000000,-45.45146358,1.0000000000000000,0,0.0000000000000000,-45.45122393]
      },
      "anisotropy energy type": {
        "value": "uniaxial"
      },
      "magnetocrystalline anisotropy constants": {
        "value": [
1.923,0.116]
      },
      "kind of anisotropy": {
        "value": "easy axis"
      },
      "anisotropy info": {
        "value": "software VASP (vasp.5.4.4) with spin-orbit coupling, k-points mesh 18x18x10, Ecut-off=401.823 eV, PAW_PBE, Fe:PAW_PBE:06Sep2000, Si:PAW_PBE:05Jan2001, Pressure=0.0 kbar, temperature=0K"
      },
      "exchange integrals": {
        "value": null
      },
      "exchange info": {
        "value": null
      },
      "magnetic order": {
        "value": null
      },
      "curie temperature": {
        "value": null
      },
      "curie temperature info": {
        "value": null
      },
      "anisotropy field": {
        "value": 4.389
      },
      "remanence": {
        "value": 1.234
      },
      "coercivity": {
        "value": 4.389
      },
      "energy product": {
        "value": 302.943
      },
      "hysteresis info": {
        "value": "Stoner-Wohlfarth model without shape anisotropy, perfectly rectangular hysteresis loop, temperature = 0 K. Remanence equals to saturation magnetization (Ms). Anisotropy field: mu_0*Hk=(2*K_1+4*K_2)/Ms, where mu_0 is the vacuum permeability. Coercivity: Hc=Hk. Maximum energy product (upper limit)=(1/4)*mu_0*Ms^2, note this value can only be reached if the demagnetization factor is D=0.5 and Hc>0.5*Ms."
      },
      "domain wall width": {
        "value": null
      },
      "domain wall info": {
        "value": null
      },
      "exchange stiffness": {
        "value": null
      },
      "exchange stiffness info": {
        "value": null
      }
    },
    "additional information": {
      "authors": {
        "value": ["ICCRAM"]
      },
      "reference": {
        "value": null
      },
      "comments": {
        "value": "Hardness parameter=1.260"
      },
      "attached files": {
        "value": [
"Fe4Si2_#129_1N.cif",
"CONTCAR_Fe4Si2_#129_1N",
"Fe4Si2_#129_1N.png"
]
      },
      "attached files info": {
        "value": null
      }
    }
  }
}
