{
  "confidential": {
  "value": false
  }, 
  "name": "NOVAMAG_theory_ICCRAM_Fe4Si2_#139_1N",
  "properties": {
    "approach": {
      "value": "theory"
    },
    "summary": {
      "value": "crystal, energy, magnetization, MAE, coercivity, energy product"
    },
    "chemistry": {
      "chemical formula": {
        "value": "Fe4Si2"
      },
      "production info": {
        "value": "initial POSCAR from NOVAMAG library http://crono.ubu.es/novamag/show_item_features?mafid=564"
      }
    },
    "crystal": {
      "compound space group": {
        "value": 139
      },
      "unit cell volume": {
        "value": 64.509544
      },
      "lattice parameters": {
        "value": [
          2.69564,
          2.69564,
          8.87770
        ]
      },
      "lattice angles": {
        "value": [
          90.00000,
          90.00000,
          90.00000
        ]
      },
      "atomic positions": {
        "value": [
"Fe1(4e)",
0.00000,
0.00000,
0.83904,
"Si1(2b)",
0.00000,
0.00000,
0.50000
]
      },
      "crystal info": {
        "value": "software VASP (vasp.5.4.4), k-points mesh 22x22x7, Ecut-off=401.823 eV, PAW_PBE, Fe:PAW_PBE:06Sep2000, Si:PAW_PBE:05Jan2001, Pressure=0.0 kbar, temperature=0K"
      }
    },
    "thermodynamics": {
      "unit cell energy": {
        "value": -45.38569712
      },
      "unit cell formation enthalpy": {
        "value": -1.587176
      },
      "energy info": {
        "value": "software VASP (vasp.5.4.4), k-points mesh 22x22x7, Ecut-off=401.823 eV, PAW_PBE, Fe:PAW_PBE:06Sep2000, Si:PAW_PBE:05Jan2001, Pressure=0.0 kbar, temperature=0K"
      },
      "interatomic potentials info": {
        "value": null
      },
      "magnetic free energy": {
        "value": null
      },
      "magnetic free energy info": {
        "value": null
      }
    },
    "magnetics": {
      "unit cell spin polarization": {
        "value": 4.866
      },
      "atomic spin specie": {
        "value": [
"1 Fe",
1.240,
"2 Fe",
1.240,
"3 Fe",
1.240,
"4 Fe",
1.240,
"5 Si",
-0.047,
"6 Si",
-0.047
]
      },
      "saturation magnetization": {
        "value": 0.879
      },
      "magnetization temperature": {
        "value": 0
      },
      "magnetization info": {
        "value": "software VASP (vasp.5.4.4), k-points mesh 22x22x7, Ecut-off=401.823 eV, PAW_PBE, Fe:PAW_PBE:06Sep2000, Si:PAW_PBE:05Jan2001, Pressure=0.0 kbar, temperature=0K"
      },
      "magnetocrystalline anisotropy energy": {
        "value": [
0.0000000000000000,0,1.0000000000000000,-45.41062261,0.2588190451025207,0,0.9659258262890683,-45.41056494,0.5000000000000000,0,0.8660254037844386,-45.41040626,0.7071067811865476,0,0.7071067811865476,-45.41018905,0.8660254037844386,0,0.5000000000000000,-45.40997185,1.0000000000000000,0,0.0000000000000000,-45.40975568]
      },
      "anisotropy energy type": {
        "value": "uniaxial"
      },
      "magnetocrystalline anisotropy constants": {
        "value": [
2.153,0.001]
      },
      "kind of anisotropy": {
        "value": "easy axis"
      },
      "anisotropy info": {
        "value": "software VASP (vasp.5.4.4) with spin-orbit coupling, k-points mesh 22x22x7, Ecut-off=401.823 eV, PAW_PBE, Fe:PAW_PBE:06Sep2000, Si:PAW_PBE:05Jan2001, Pressure=0.0 kbar, temperature=0K"
      },
      "exchange integrals": {
        "value": null
      },
      "exchange info": {
        "value": null
      },
      "magnetic order": {
        "value": null
      },
      "curie temperature": {
        "value": null
      },
      "curie temperature info": {
        "value": null
      },
      "anisotropy field": {
        "value": 6.162
      },
      "remanence": {
        "value": 0.879
      },
      "coercivity": {
        "value": 6.162
      },
      "energy product": {
        "value": 153.712
      },
      "hysteresis info": {
        "value": "Stoner-Wohlfarth model without shape anisotropy, perfectly rectangular hysteresis loop, temperature = 0 K. Remanence equals to saturation magnetization (Ms). Anisotropy field: mu_0*Hk=(2*K_1+4*K_2)/Ms, where mu_0 is the vacuum permeability. Coercivity: Hc=Hk. Maximum energy product (upper limit)=(1/4)*mu_0*Ms^2, note this value can only be reached if the demagnetization factor is D=0.5 and Hc>0.5*Ms."
      },
      "domain wall width": {
        "value": null
      },
      "domain wall info": {
        "value": null
      },
      "exchange stiffness": {
        "value": null
      },
      "exchange stiffness info": {
        "value": null
      }
    },
    "additional information": {
      "authors": {
        "value": ["ICCRAM"]
      },
      "reference": {
        "value": null
      },
      "comments": {
        "value": "Hardness parameter=1.871"
      },
      "attached files": {
        "value": [
"Fe4Si2_#139_1N.cif",
"CONTCAR_Fe4Si2_#139_1N",
"Fe4Si2_#139_1N.png"
]
      },
      "attached files info": {
        "value": null
      }
    }
  }
}
