{
  "confidential": {
  "value": false
  }, 
  "name": "NOVAMAG_theory_ICCRAM_Fe6Si3_#156_1N",
  "properties": {
    "approach": {
      "value": "theory"
    },
    "summary": {
      "value": "crystal, energy, magnetization, MAE, coercivity, energy product"
    },
    "chemistry": {
      "chemical formula": {
        "value": "Fe6Si3"
      },
      "production info": {
        "value": "initial POSCAR from NOVAMAG library http://crono.ubu.es/novamag/show_item_features?mafid=554"
      }
    },
    "crystal": {
      "compound space group": {
        "value": 156
      },
      "unit cell volume": {
        "value": 98.721798
      },
      "lattice parameters": {
        "value": [
          3.91008,
          3.91008,
          7.45609
        ]
      },
      "lattice angles": {
        "value": [
          90.00000,
          90.00000,
          120.00000
        ]
      },
      "atomic positions": {
        "value": [
"Fe1(1a)",
0.00000,
0.00000,
-0.03224,
"Fe2(1c)",
0.66667,
0.33333,
0.51291,
"Fe3(1c)",
0.66667,
0.33333,
0.84597,
"Fe4(1a)",
0.00000,
0.00000,
0.62310,
"Fe5(1c)",
0.66667,
0.33333,
0.18265,
"Fe6(1b)",
0.33333,
0.66667,
0.39166,
"Si1(1b)",
0.33333,
0.66667,
0.71357,
"Si2(1a)",
0.00000,
0.00000,
0.30084,
"Si3(1b)",
0.33333,
0.66667,
0.07130
]
      },
      "crystal info": {
        "value": "software VASP (vasp.5.4.4), k-points mesh 18x18x8, Ecut-off=401.823 eV, PAW_PBE, Fe:PAW_PBE:06Sep2000, Si:PAW_PBE:05Jan2001, Pressure=0.0 kbar, temperature=0K"
      }
    },
    "thermodynamics": {
      "unit cell energy": {
        "value": -68.59879626
      },
      "unit cell formation enthalpy": {
        "value": -2.901015
      },
      "energy info": {
        "value": "software VASP (vasp.5.4.4), k-points mesh 18x18x8, Ecut-off=401.823 eV, PAW_PBE, Fe:PAW_PBE:06Sep2000, Si:PAW_PBE:05Jan2001, Pressure=0.0 kbar, temperature=0K"
      },
      "interatomic potentials info": {
        "value": null
      },
      "magnetic free energy": {
        "value": null
      },
      "magnetic free energy info": {
        "value": null
      }
    },
    "magnetics": {
      "unit cell spin polarization": {
        "value": 8.337
      },
      "atomic spin specie": {
        "value": [
"1 Fe",
1.611,
"2 Fe",
2.482,
"3 Fe",
2.033,
"4 Fe",
1.363,
"5 Fe",
0.327,
"6 Fe",
0.628,
"7 Si",
-0.039,
"8 Si",
-0.032,
"9 Si",
-0.036
]
      },
      "saturation magnetization": {
        "value": 0.984
      },
      "magnetization temperature": {
        "value": 0
      },
      "magnetization info": {
        "value": "software VASP (vasp.5.4.4), k-points mesh 18x18x8, Ecut-off=401.823 eV, PAW_PBE, Fe:PAW_PBE:06Sep2000, Si:PAW_PBE:05Jan2001, Pressure=0.0 kbar, temperature=0K"
      },
      "magnetocrystalline anisotropy energy": {
        "value": [
0.0000000000000000,0,1.0000000000000000,-68.63538929,0.2588190451025207,0,0.9659258262890683,-68.63536388,0.5000000000000000,0,0.8660254037844386,-68.63529466,0.7071067811865476,0,0.7071067811865476,-68.63519819,0.8660254037844386,0,0.5000000000000000,-68.63510346,1.0000000000000000,0,0.0000000000000000,-68.63500869]
      },
      "anisotropy energy type": {
        "value": "uniaxial"
      },
      "magnetocrystalline anisotropy constants": {
        "value": [
0.620,-0.002]
      },
      "kind of anisotropy": {
        "value": "easy axis"
      },
      "anisotropy info": {
        "value": "software VASP (vasp.5.4.4) with spin-orbit coupling, k-points mesh 18x18x8, Ecut-off=401.823 eV, PAW_PBE, Fe:PAW_PBE:06Sep2000, Si:PAW_PBE:05Jan2001, Pressure=0.0 kbar, temperature=0K"
      },
      "exchange integrals": {
        "value": null
      },
      "exchange info": {
        "value": null
      },
      "magnetic order": {
        "value": null
      },
      "curie temperature": {
        "value": null
      },
      "curie temperature info": {
        "value": null
      },
      "anisotropy field": {
        "value": 1.573
      },
      "remanence": {
        "value": 0.984
      },
      "coercivity": {
        "value": 1.573
      },
      "energy product": {
        "value": 192.628
      },
      "hysteresis info": {
        "value": "Stoner-Wohlfarth model without shape anisotropy, perfectly rectangular hysteresis loop, temperature = 0 K. Remanence equals to saturation magnetization (Ms). Anisotropy field: mu_0*Hk=(2*K_1+4*K_2)/Ms, where mu_0 is the vacuum permeability. Coercivity: Hc=Hk. Maximum energy product (upper limit)=(1/4)*mu_0*Ms^2, note this value can only be reached if the demagnetization factor is D=0.5 and Hc>0.5*Ms."
      },
      "domain wall width": {
        "value": null
      },
      "domain wall info": {
        "value": null
      },
      "exchange stiffness": {
        "value": null
      },
      "exchange stiffness info": {
        "value": null
      }
    },
    "additional information": {
      "authors": {
        "value": ["ICCRAM"]
      },
      "reference": {
        "value": null
      },
      "comments": {
        "value": "Hardness parameter=0.897"
      },
      "attached files": {
        "value": [
"Fe6Si3_#156_1N.cif",
"CONTCAR_Fe6Si3_#156_1N",
"Fe6Si3_#156_1N.png"
]
      },
      "attached files info": {
        "value": null
      }
    }
  }
}
