{
  "confidential": {
  "value": false
  }, 
  "name": "NOVAMAG_theory_ICCRAM_Fe6Si3_#164_1N",
  "properties": {
    "approach": {
      "value": "theory"
    },
    "summary": {
      "value": "crystal, energy, magnetization, MAE, coercivity, energy product"
    },
    "chemistry": {
      "chemical formula": {
        "value": "Fe6Si3"
      },
      "production info": {
        "value": "initial POSCAR from NOVAMAG library http://crono.ubu.es/novamag/show_item_features?mafid=566"
      }
    },
    "crystal": {
      "compound space group": {
        "value": 164
      },
      "unit cell volume": {
        "value": 97.381552
      },
      "lattice parameters": {
        "value": [
          3.92031,
          3.92031,
          7.31652
        ]
      },
      "lattice angles": {
        "value": [
          90.00000,
          90.00000,
          120.00000
        ]
      },
      "atomic positions": {
        "value": [
"Fe1(2c)",
0.00000,
0.00000,
0.32625,
"Fe2(2d)",
0.33333,
0.66667,
0.55752,
"Fe3(2d)",
0.33333,
0.66667,
0.89623,
"Si1(2d)",
0.33333,
0.66667,
0.22518,
"Si2(1a)",
0.00000,
0.00000,
0.00000
]
      },
      "crystal info": {
        "value": "software VASP (vasp.5.4.4), k-points mesh 18x18x8, Ecut-off=401.823 eV, PAW_PBE, Fe:PAW_PBE:06Sep2000, Si:PAW_PBE:05Jan2001, Pressure=0.0 kbar, temperature=0K"
      }
    },
    "thermodynamics": {
      "unit cell energy": {
        "value": -68.69102203
      },
      "unit cell formation enthalpy": {
        "value": -2.993240
      },
      "energy info": {
        "value": "software VASP (vasp.5.4.4), k-points mesh 18x18x8, Ecut-off=401.823 eV, PAW_PBE, Fe:PAW_PBE:06Sep2000, Si:PAW_PBE:05Jan2001, Pressure=0.0 kbar, temperature=0K"
      },
      "interatomic potentials info": {
        "value": null
      },
      "magnetic free energy": {
        "value": null
      },
      "magnetic free energy info": {
        "value": null
      }
    },
    "magnetics": {
      "unit cell spin polarization": {
        "value": 7.264
      },
      "atomic spin specie": {
        "value": [
"1 Fe",
1.341,
"2 Fe",
1.342,
"3 Fe",
2.309,
"4 Fe",
2.310,
"5 Fe",
0.020,
"6 Fe",
0.021,
"7 Si",
-0.028,
"8 Si",
-0.028,
"9 Si",
-0.022
]
      },
      "saturation magnetization": {
        "value": 0.869
      },
      "magnetization temperature": {
        "value": 0
      },
      "magnetization info": {
        "value": "software VASP (vasp.5.4.4), k-points mesh 18x18x8, Ecut-off=401.823 eV, PAW_PBE, Fe:PAW_PBE:06Sep2000, Si:PAW_PBE:05Jan2001, Pressure=0.0 kbar, temperature=0K"
      },
      "magnetocrystalline anisotropy energy": {
        "value": [
0.0000000000000000,0,1.0000000000000000,-68.72513829,0.2588190451025207,0,0.9659258262890683,-68.72511585,0.5000000000000000,0,0.8660254037844386,-68.72505284,0.7071067811865476,0,0.7071067811865476,-68.72496585,0.8660254037844386,0,0.5000000000000000,-68.72487837,1.0000000000000000,0,0.0000000000000000,-68.72478907]
      },
      "anisotropy energy type": {
        "value": "uniaxial"
      },
      "magnetocrystalline anisotropy constants": {
        "value": [
0.559,0.015]
      },
      "kind of anisotropy": {
        "value": "easy axis"
      },
      "anisotropy info": {
        "value": "software VASP (vasp.5.4.4) with spin-orbit coupling, k-points mesh 18x18x8, Ecut-off=401.823 eV, PAW_PBE, Fe:PAW_PBE:06Sep2000, Si:PAW_PBE:05Jan2001, Pressure=0.0 kbar, temperature=0K"
      },
      "exchange integrals": {
        "value": null
      },
      "exchange info": {
        "value": null
      },
      "magnetic order": {
        "value": null
      },
      "curie temperature": {
        "value": null
      },
      "curie temperature info": {
        "value": null
      },
      "anisotropy field": {
        "value": 1.703
      },
      "remanence": {
        "value": 0.869
      },
      "coercivity": {
        "value": 1.703
      },
      "energy product": {
        "value": 150.235
      },
      "hysteresis info": {
        "value": "Stoner-Wohlfarth model without shape anisotropy, perfectly rectangular hysteresis loop, temperature = 0 K. Remanence equals to saturation magnetization (Ms). Anisotropy field: mu_0*Hk=(2*K_1+4*K_2)/Ms, where mu_0 is the vacuum permeability. Coercivity: Hc=Hk. Maximum energy product (upper limit)=(1/4)*mu_0*Ms^2, note this value can only be reached if the demagnetization factor is D=0.5 and Hc>0.5*Ms."
      },
      "domain wall width": {
        "value": null
      },
      "domain wall info": {
        "value": null
      },
      "exchange stiffness": {
        "value": null
      },
      "exchange stiffness info": {
        "value": null
      }
    },
    "additional information": {
      "authors": {
        "value": ["ICCRAM"]
      },
      "reference": {
        "value": null
      },
      "comments": {
        "value": "Hardness parameter=0.964"
      },
      "attached files": {
        "value": [
"Fe6Si3_#164_1N.cif",
"CONTCAR_Fe6Si3_#164_1N",
"Fe6Si3_#164_1N.png"
]
      },
      "attached files info": {
        "value": null
      }
    }
  }
}
