{
  "confidential": {
  "value": false
  }, 
  "name": "NOVAMAG_theory_ICCRAM_Fe8Si8_#139_1N",
  "properties": {
    "approach": {
      "value": "theory"
    },
    "summary": {
      "value": "crystal, energy, magnetization, MAE, coercivity, energy product"
    },
    "chemistry": {
      "chemical formula": {
        "value": "Fe8Si8"
      },
      "production info": {
        "value": "initial POSCAR from NOVAMAG library http://crono.ubu.es/novamag/show_item_features?mafid=506"
      }
    },
    "crystal": {
      "compound space group": {
        "value": 139
      },
      "unit cell volume": {
        "value": 182.195943
      },
      "lattice parameters": {
        "value": [
          2.72458,
          2.72458,
          24.54359
        ]
      },
      "lattice angles": {
        "value": [
          90.00000,
          90.00000,
          90.00000
        ]
      },
      "atomic positions": {
        "value": [
"Fe1(4e)",
0.00000,
0.00000,
0.28231,
"Fe2(4e)",
0.00000,
0.00000,
0.39707,
"Si1(4e)",
0.00000,
0.00000,
0.04799,
"Si2(4e)",
0.00000,
0.00000,
0.83770
]
      },
      "crystal info": {
        "value": "software VASP (vasp.5.4.4), k-points mesh 22x22x2, Ecut-off=401.823 eV, PAW_PBE, Fe:PAW_PBE:06Sep2000, Si:PAW_PBE:05Jan2001, Pressure=0.0 kbar, temperature=0K"
      }
    },
    "thermodynamics": {
      "unit cell energy": {
        "value": -115.35823681
      },
      "unit cell formation enthalpy": {
        "value": -6.061683
      },
      "energy info": {
        "value": "software VASP (vasp.5.4.4), k-points mesh 22x22x2, Ecut-off=401.823 eV, PAW_PBE, Fe:PAW_PBE:06Sep2000, Si:PAW_PBE:05Jan2001, Pressure=0.0 kbar, temperature=0K"
      },
      "interatomic potentials info": {
        "value": null
      },
      "magnetic free energy": {
        "value": null
      },
      "magnetic free energy info": {
        "value": null
      }
    },
    "magnetics": {
      "unit cell spin polarization": {
        "value": 5.019
      },
      "atomic spin specie": {
        "value": [
"1 Fe",
1.350,
"2 Fe",
1.346,
"3 Fe",
1.345,
"4 Fe",
1.349,
"5 Fe",
-0.063,
"6 Fe",
-0.063,
"7 Fe",
-0.063,
"8 Fe",
-0.063,
"9 Si",
-0.002,
"10 Si",
-0.002,
"11 Si",
-0.002,
"12 Si",
-0.002,
"13 Si",
-0.027,
"14 Si",
-0.028,
"15 Si",
-0.028,
"16 Si",
-0.027
]
      },
      "saturation magnetization": {
        "value": 0.321
      },
      "magnetization temperature": {
        "value": 0
      },
      "magnetization info": {
        "value": "software VASP (vasp.5.4.4), k-points mesh 22x22x2, Ecut-off=401.823 eV, PAW_PBE, Fe:PAW_PBE:06Sep2000, Si:PAW_PBE:05Jan2001, Pressure=0.0 kbar, temperature=0K"
      },
      "magnetocrystalline anisotropy energy": {
        "value": [
0.0000000000000000,0,1.0000000000000000,-115.40271612,0.2588190451025207,0,0.9659258262890683,-115.40266721,0.5000000000000000,0,0.8660254037844386,-115.40253045,0.7071067811865476,0,0.7071067811865476,-115.40234328,0.8660254037844386,0,0.5000000000000000,-115.40215635,1.0000000000000000,0,0.0000000000000000,-115.40196960]
      },
      "anisotropy energy type": {
        "value": "uniaxial"
      },
      "magnetocrystalline anisotropy constants": {
        "value": [
0.654,0.003]
      },
      "kind of anisotropy": {
        "value": "easy axis"
      },
      "anisotropy info": {
        "value": "software VASP (vasp.5.4.4) with spin-orbit coupling, k-points mesh 22x22x2, Ecut-off=401.823 eV, PAW_PBE, Fe:PAW_PBE:06Sep2000, Si:PAW_PBE:05Jan2001, Pressure=0.0 kbar, temperature=0K"
      },
      "exchange integrals": {
        "value": null
      },
      "exchange info": {
        "value": null
      },
      "magnetic order": {
        "value": null
      },
      "curie temperature": {
        "value": null
      },
      "curie temperature info": {
        "value": null
      },
      "anisotropy field": {
        "value": 5.167
      },
      "remanence": {
        "value": 0.321
      },
      "coercivity": {
        "value": 5.167
      },
      "energy product": {
        "value": 20.499
      },
      "hysteresis info": {
        "value": "Stoner-Wohlfarth model without shape anisotropy, perfectly rectangular hysteresis loop, temperature = 0 K. Remanence equals to saturation magnetization (Ms). Anisotropy field: mu_0*Hk=(2*K_1+4*K_2)/Ms, where mu_0 is the vacuum permeability. Coercivity: Hc=Hk. Maximum energy product (upper limit)=(1/4)*mu_0*Ms^2, note this value can only be reached if the demagnetization factor is D=0.5 and Hc>0.5*Ms."
      },
      "domain wall width": {
        "value": null
      },
      "domain wall info": {
        "value": null
      },
      "exchange stiffness": {
        "value": null
      },
      "exchange stiffness info": {
        "value": null
      }
    },
    "additional information": {
      "authors": {
        "value": ["ICCRAM"]
      },
      "reference": {
        "value": null
      },
      "comments": {
        "value": "Hardness parameter=2.824"
      },
      "attached files": {
        "value": [
"Fe8Si8_#139_1N.cif",
"CONTCAR_Fe8Si8_#139_1N",
"Fe8Si8_#139_1N.png"
]
      },
      "attached files info": {
        "value": null
      }
    }
  }
}
