{
  "confidential": {
  "value": false
  }, 
  "name": "NOVAMAG_theory_ICCRAM_Fe8Si2_#123_1N",
  "properties": {
    "approach": {
      "value": "theory"
    },
    "summary": {
      "value": "crystal, energy, magnetization, MAE, coercivity, energy product"
    },
    "chemistry": {
      "chemical formula": {
        "value": "Fe8Si2"
      },
      "production info": {
        "value": "initial POSCAR from NOVAMAG library http://crono.ubu.es/novamag/show_item_features?mafid=526"
      }
    },
    "crystal": {
      "compound space group": {
        "value": 123
      },
      "unit cell volume": {
        "value": 110.490232
      },
      "lattice parameters": {
        "value": [
          2.80677,
          2.80677,
          14.02520
        ]
      },
      "lattice angles": {
        "value": [
          90.00000,
          90.00000,
          90.00000
        ]
      },
      "atomic positions": {
        "value": [
"Fe1(2g)",
0.00000,
0.00000,
0.20568,
"Fe2(1a)",
0.00000,
0.00000,
0.00000,
"Fe3(1d)",
0.50000,
0.50000,
0.50000,
"Fe4(2h)",
0.50000,
0.50000,
0.69233,
"Fe5(2h)",
0.50000,
0.50000,
0.89822,
"Si1(2g)",
0.00000,
0.00000,
0.59859
]
      },
      "crystal info": {
        "value": "software VASP (vasp.5.4.4), k-points mesh 21x21x4, Ecut-off=401.823 eV, PAW_PBE, Fe:PAW_PBE:06Sep2000, Si:PAW_PBE:05Jan2001, Pressure=0.0 kbar, temperature=0K"
      }
    },
    "thermodynamics": {
      "unit cell energy": {
        "value": -78.67154611
      },
      "unit cell formation enthalpy": {
        "value": -1.924260
      },
      "energy info": {
        "value": "software VASP (vasp.5.4.4), k-points mesh 21x21x4, Ecut-off=401.823 eV, PAW_PBE, Fe:PAW_PBE:06Sep2000, Si:PAW_PBE:05Jan2001, Pressure=0.0 kbar, temperature=0K"
      },
      "interatomic potentials info": {
        "value": null
      },
      "magnetic free energy": {
        "value": null
      },
      "magnetic free energy info": {
        "value": null
      }
    },
    "magnetics": {
      "unit cell spin polarization": {
        "value": 13.748
      },
      "atomic spin specie": {
        "value": [
"1 Fe",
2.495,
"2 Fe",
2.495,
"3 Fe",
2.216,
"4 Fe",
-0.161,
"5 Fe",
1.073,
"6 Fe",
1.073,
"7 Fe",
2.301,
"8 Fe",
2.301,
"9 Si",
-0.022,
"10 Si",
-0.022
]
      },
      "saturation magnetization": {
        "value": 1.449
      },
      "magnetization temperature": {
        "value": 0
      },
      "magnetization info": {
        "value": "software VASP (vasp.5.4.4), k-points mesh 21x21x4, Ecut-off=401.823 eV, PAW_PBE, Fe:PAW_PBE:06Sep2000, Si:PAW_PBE:05Jan2001, Pressure=0.0 kbar, temperature=0K"
      },
      "magnetocrystalline anisotropy energy": {
        "value": [
0.0000000000000000,0,1.0000000000000000,-78.72166813,0.2588190451025207,0,0.9659258262890683,-78.72164496,0.5000000000000000,0,0.8660254037844386,-78.72158307,0.7071067811865476,0,0.7071067811865476,-78.72150010,0.8660254037844386,0,0.5000000000000000,-78.72141819,1.0000000000000000,0,0.0000000000000000,-78.72133455]
      },
      "anisotropy energy type": {
        "value": "uniaxial"
      },
      "magnetocrystalline anisotropy constants": {
        "value": [
0.492,-0.009]
      },
      "kind of anisotropy": {
        "value": "easy axis"
      },
      "anisotropy info": {
        "value": "software VASP (vasp.5.4.4) with spin-orbit coupling, k-points mesh 21x21x4, Ecut-off=401.823 eV, PAW_PBE, Fe:PAW_PBE:06Sep2000, Si:PAW_PBE:05Jan2001, Pressure=0.0 kbar, temperature=0K"
      },
      "exchange integrals": {
        "value": null
      },
      "exchange info": {
        "value": null
      },
      "magnetic order": {
        "value": null
      },
      "curie temperature": {
        "value": null
      },
      "curie temperature info": {
        "value": null
      },
      "anisotropy field": {
        "value": 0.822
      },
      "remanence": {
        "value": 1.449
      },
      "coercivity": {
        "value": 0.822
      },
      "energy product": {
        "value": 417.702
      },
      "hysteresis info": {
        "value": "Stoner-Wohlfarth model without shape anisotropy, perfectly rectangular hysteresis loop, temperature = 0 K. Remanence equals to saturation magnetization (Ms). Anisotropy field: mu_0*Hk=(2*K_1+4*K_2)/Ms, where mu_0 is the vacuum permeability. Coercivity: Hc=Hk. Maximum energy product (upper limit)=(1/4)*mu_0*Ms^2, note this value can only be reached if the demagnetization factor is D=0.5 and Hc>0.5*Ms."
      },
      "domain wall width": {
        "value": null
      },
      "domain wall info": {
        "value": null
      },
      "exchange stiffness": {
        "value": null
      },
      "exchange stiffness info": {
        "value": null
      }
    },
    "additional information": {
      "authors": {
        "value": ["ICCRAM"]
      },
      "reference": {
        "value": null
      },
      "comments": {
        "value": "Hardness parameter=0.543"
      },
      "attached files": {
        "value": [
"Fe8Si2_#123_1N.cif",
"CONTCAR_Fe8Si2_#123_1N",
"Fe8Si2_#123_1N.png"
]
      },
      "attached files info": {
        "value": null
      }
    }
  }
}
