{
  "confidential": {
  "value": false
  }, 
  "name": "NOVAMAG_theory_ICCRAM_Fe8Si2_#87_1N",
  "properties": {
    "approach": {
      "value": "theory"
    },
    "summary": {
      "value": "crystal, energy, magnetization, MAE"
    },
    "chemistry": {
      "chemical formula": {
        "value": "Fe8Si2"
      },
      "production info": {
        "value": "initial POSCAR from NOVAMAG library http://crono.ubu.es/novamag/show_item_features?mafid=531"
      }
    },
    "crystal": {
      "compound space group": {
        "value": 87
      },
      "unit cell volume": {
        "value": 112.573738
      },
      "lattice parameters": {
        "value": [
          6.18458,
          6.18458,
          2.94318
        ]
      },
      "lattice angles": {
        "value": [
          90.00000,
          90.00000,
          90.00000
        ]
      },
      "atomic positions": {
        "value": [
"Fe1(8h)",
0.39882,
0.19889,
0.00000,
"Si1(2a)",
0.00000,
0.00000,
0.00000
]
      },
      "crystal info": {
        "value": "software VASP (vasp.5.4.4), k-points mesh 10x10x20, Ecut-off=401.823 eV, PAW_PBE, Fe:PAW_PBE:06Sep2000, Si:PAW_PBE:05Jan2001, Pressure=0.0 kbar, temperature=0K"
      }
    },
    "thermodynamics": {
      "unit cell energy": {
        "value": -78.80847346
      },
      "unit cell formation enthalpy": {
        "value": -2.061187
      },
      "energy info": {
        "value": "software VASP (vasp.5.4.4), k-points mesh 10x10x20, Ecut-off=401.823 eV, PAW_PBE, Fe:PAW_PBE:06Sep2000, Si:PAW_PBE:05Jan2001, Pressure=0.0 kbar, temperature=0K"
      },
      "interatomic potentials info": {
        "value": null
      },
      "magnetic free energy": {
        "value": null
      },
      "magnetic free energy info": {
        "value": null
      }
    },
    "magnetics": {
      "unit cell spin polarization": {
        "value": 16.383
      },
      "atomic spin specie": {
        "value": [
"1 Fe",
2.068,
"2 Fe",
2.068,
"3 Fe",
2.067,
"4 Fe",
2.067,
"5 Fe",
2.069,
"6 Fe",
2.069,
"7 Fe",
2.068,
"8 Fe",
2.068,
"9 Si",
-0.082,
"10 Si",
-0.082
]
      },
      "saturation magnetization": {
        "value": 1.695
      },
      "magnetization temperature": {
        "value": 0
      },
      "magnetization info": {
        "value": "software VASP (vasp.5.4.4), k-points mesh 10x10x20, Ecut-off=401.823 eV, PAW_PBE, Fe:PAW_PBE:06Sep2000, Si:PAW_PBE:05Jan2001, Pressure=0.0 kbar, temperature=0K"
      },
      "magnetocrystalline anisotropy energy": {
        "value": [
0.0000000000000000,0,1.0000000000000000,-78.85798794,0.2588190451025207,0,0.9659258262890683,-78.85803354,0.5000000000000000,0,0.8660254037844386,-78.85816097,0.7071067811865476,0,0.7071067811865476,-78.85833673,0.8660254037844386,0,0.5000000000000000,-78.85851252,1.0000000000000000,0,0.0000000000000000,-78.85869033]
      },
      "anisotropy energy type": {
        "value": "uniaxial"
      },
      "magnetocrystalline anisotropy constants": {
        "value": [
-0.983,-0.016]
      },
      "kind of anisotropy": {
        "value": "easy plane"
      },
      "anisotropy info": {
        "value": "software VASP (vasp.5.4.4) with spin-orbit coupling, k-points mesh 10x10x20, Ecut-off=401.823 eV, PAW_PBE, Fe:PAW_PBE:06Sep2000, Si:PAW_PBE:05Jan2001, Pressure=0.0 kbar, temperature=0K"
      },
      "exchange integrals": {
        "value": null
      },
      "exchange info": {
        "value": null
      },
      "magnetic order": {
        "value": null
      },
      "curie temperature": {
        "value": null
      },
      "curie temperature info": {
        "value": null
      },
      "anisotropy field": {
        "value": null
      },
      "remanence": {
        "value": null
      },
      "coercivity": {
        "value": null
      },
      "energy product": {
        "value": null
      },
      "hysteresis info": {
        "value": null
      },
      "domain wall width": {
        "value": null
      },
      "domain wall info": {
        "value": null
      },
      "exchange stiffness": {
        "value": null
      },
      "exchange stiffness info": {
        "value": null
      }
    },
    "additional information": {
      "authors": {
        "value": ["ICCRAM"]
      },
      "reference": {
        "value": null
      },
      "comments": {
        "value": null
      },
      "attached files": {
        "value": [
"Fe8Si2_#87_1N.cif",
"CONTCAR_Fe8Si2_#87_1N",
"Fe8Si2_#87_1N.png"
]
      },
      "attached files info": {
        "value": null
      }
    }
  }
}
