{
  "confidential": {
  "value": false
  }, 
  "name": "NOVAMAG_theory_ICCRAM_Fe10Ge2_#129_1N",
  "properties": {
    "approach": {
      "value": "theory"
    },
    "summary": {
      "value": "crystal, energy, magnetization, MAE, coercivity, energy product"
    },
    "chemistry": {
      "chemical formula": {
        "value": "Fe10Ge2"
      },
      "production info": {
        "value": "initial POSCAR from NOVAMAG library http://crono.ubu.es/novamag/show_item_features?mafid=653"
      }
    },
    "crystal": {
      "compound space group": {
        "value": 129
      },
      "unit cell volume": {
        "value": 140.252506
      },
      "lattice parameters": {
        "value": [
          4.04637,
          4.04637,
          8.56602
        ]
      },
      "lattice angles": {
        "value": [
          90.00000,
          90.00000,
          90.00000
        ]
      },
      "atomic positions": {
        "value": [
"Fe1(2b)",
0.75000,
0.25000,
0.50000,
"Fe2(2c)",
0.25000,
0.25000,
0.00101,
"Fe3(4f)",
0.75000,
0.25000,
0.16264,
"Fe4(2c)",
0.25000,
0.25000,
0.66892,
"Ge1(2c)",
0.25000,
0.25000,
0.33293
]
      },
      "crystal info": {
        "value": "software VASP (vasp.5.4.4), k-points mesh 15x15x7, Ecut-off=401.823 eV, PAW_PBE, Fe:PAW_PBE:06Sep2000, Ge:PAW_PBE:05Jan2001, Pressure=0.0 kbar, temperature=0K"
      }
    },
    "thermodynamics": {
      "unit cell energy": {
        "value": -92.35488655
      },
      "unit cell formation enthalpy": {
        "value": -0.997753
      },
      "energy info": {
        "value": "software VASP (vasp.5.4.4), k-points mesh 15x15x7, Ecut-off=401.823 eV, PAW_PBE, Fe:PAW_PBE:06Sep2000, Ge:PAW_PBE:05Jan2001, Pressure=0.0 kbar, temperature=0K"
      },
      "interatomic potentials info": {
        "value": null
      },
      "magnetic free energy": {
        "value": null
      },
      "magnetic free energy info": {
        "value": null
      }
    },
    "magnetics": {
      "unit cell spin polarization": {
        "value": 21.185
      },
      "atomic spin specie": {
        "value": [
"1 Fe",
1.663,
"2 Fe",
1.663,
"3 Fe",
2.433,
"4 Fe",
2.433,
"5 Fe",
2.077,
"6 Fe",
2.077,
"7 Fe",
2.077,
"8 Fe",
2.077,
"9 Fe",
2.441,
"10 Fe",
2.441,
"11 Ge",
-0.098,
"12 Ge",
-0.098
]
      },
      "saturation magnetization": {
        "value": 1.759
      },
      "magnetization temperature": {
        "value": 0
      },
      "magnetization info": {
        "value": "software VASP (vasp.5.4.4), k-points mesh 15x15x7, Ecut-off=401.823 eV, PAW_PBE, Fe:PAW_PBE:06Sep2000, Ge:PAW_PBE:05Jan2001, Pressure=0.0 kbar, temperature=0K"
      },
      "magnetocrystalline anisotropy energy": {
        "value": [
0.0000000000000000,0,1.0000000000000000,-92.42971969,0.2588190451025207,0,0.9659258262890683,-92.42968860,0.5000000000000000,0,0.8660254037844386,-92.42960194,0.7071067811865476,0,0.7071067811865476,-92.42948408,0.8660254037844386,0,0.5000000000000000,-92.42936705,1.0000000000000000,0,0.0000000000000000,-92.42924875]
      },
      "anisotropy energy type": {
        "value": "uniaxial"
      },
      "magnetocrystalline anisotropy constants": {
        "value": [
0.538,-0.000]
      },
      "kind of anisotropy": {
        "value": "easy axis"
      },
      "anisotropy info": {
        "value": "software VASP (vasp.5.4.4) with spin-orbit coupling, k-points mesh 15x15x7, Ecut-off=401.823 eV, PAW_PBE, Fe:PAW_PBE:06Sep2000, Ge:PAW_PBE:05Jan2001, Pressure=0.0 kbar, temperature=0K"
      },
      "exchange integrals": {
        "value": null
      },
      "exchange info": {
        "value": null
      },
      "magnetic order": {
        "value": null
      },
      "curie temperature": {
        "value": null
      },
      "curie temperature info": {
        "value": null
      },
      "anisotropy field": {
        "value": 0.769
      },
      "remanence": {
        "value": 1.759
      },
      "coercivity": {
        "value": 0.769
      },
      "energy product": {
        "value": 615.548
      },
      "hysteresis info": {
        "value": "Stoner-Wohlfarth model without shape anisotropy, perfectly rectangular hysteresis loop, temperature = 0 K. Remanence equals to saturation magnetization (Ms). Anisotropy field: mu_0*Hk=(2*K_1+4*K_2)/Ms, where mu_0 is the vacuum permeability. Coercivity: Hc=Hk. Maximum energy product (upper limit)=(1/4)*mu_0*Ms^2, note this value can only be reached if the demagnetization factor is D=0.5 and Hc>0.5*Ms."
      },
      "domain wall width": {
        "value": null
      },
      "domain wall info": {
        "value": null
      },
      "exchange stiffness": {
        "value": null
      },
      "exchange stiffness info": {
        "value": null
      }
    },
    "additional information": {
      "authors": {
        "value": ["ICCRAM"]
      },
      "reference": {
        "value": null
      },
      "comments": {
        "value": "Hardness parameter=0.467"
      },
      "attached files": {
        "value": [
"Fe10Ge2_#129_1N.cif",
"CONTCAR_Fe10Ge2_#129_1N",
"Fe10Ge2_#129_1N.png"
]
      },
      "attached files info": {
        "value": null
      }
    }
  }
}
