{
  "confidential": {
  "value": false
  }, 
  "name": "NOVAMAG_theory_ICCRAM_Fe10Ge6_#193_1N",
  "properties": {
    "approach": {
      "value": "theory"
    },
    "summary": {
      "value": "crystal, energy, magnetization, MAE"
    },
    "chemistry": {
      "chemical formula": {
        "value": "Fe10Ge6"
      },
      "production info": {
        "value": "initial POSCAR from NOVAMAG library http://crono.ubu.es/novamag/show_item_features?mafid=723"
      }
    },
    "crystal": {
      "compound space group": {
        "value": 193
      },
      "unit cell volume": {
        "value": 202.437861
      },
      "lattice parameters": {
        "value": [
          6.96143,
          6.96143,
          4.82352
        ]
      },
      "lattice angles": {
        "value": [
          90.00000,
          90.00000,
          120.00000
        ]
      },
      "atomic positions": {
        "value": [
"Fe1(6g)",
0.22733,
0.00000,
0.25000,
"Fe2(4d)",
0.33333,
0.66667,
0.00000,
"Ge1(6g)",
0.60599,
0.00000,
0.25000
]
      },
      "crystal info": {
        "value": "software VASP (vasp.5.4.4), k-points mesh 10x10x12, Ecut-off=401.823 eV, PAW_PBE, Fe:PAW_PBE:06Sep2000, Ge:PAW_PBE:05Jan2001, Pressure=0.0 kbar, temperature=0K"
      }
    },
    "thermodynamics": {
      "unit cell energy": {
        "value": -110.04935511
      },
      "unit cell formation enthalpy": {
        "value": -0.721781
      },
      "energy info": {
        "value": "software VASP (vasp.5.4.4), k-points mesh 10x10x12, Ecut-off=401.823 eV, PAW_PBE, Fe:PAW_PBE:06Sep2000, Ge:PAW_PBE:05Jan2001, Pressure=0.0 kbar, temperature=0K"
      },
      "interatomic potentials info": {
        "value": null
      },
      "magnetic free energy": {
        "value": null
      },
      "magnetic free energy info": {
        "value": null
      }
    },
    "magnetics": {
      "unit cell spin polarization": {
        "value": 18.511
      },
      "atomic spin specie": {
        "value": [
"1 Fe",
2.165,
"2 Fe",
2.166,
"3 Fe",
2.165,
"4 Fe",
2.166,
"5 Fe",
2.165,
"6 Fe",
2.166,
"7 Fe",
1.549,
"8 Fe",
1.549,
"9 Fe",
1.549,
"10 Fe",
1.549,
"11 Ge",
-0.113,
"12 Ge",
-0.113,
"13 Ge",
-0.113,
"14 Ge",
-0.113,
"15 Ge",
-0.113,
"16 Ge",
-0.113
]
      },
      "saturation magnetization": {
        "value": 1.065
      },
      "magnetization temperature": {
        "value": 0
      },
      "magnetization info": {
        "value": "software VASP (vasp.5.4.4), k-points mesh 10x10x12, Ecut-off=401.823 eV, PAW_PBE, Fe:PAW_PBE:06Sep2000, Ge:PAW_PBE:05Jan2001, Pressure=0.0 kbar, temperature=0K"
      },
      "magnetocrystalline anisotropy energy": {
        "value": [
0.0000000000000000,0,1.0000000000000000,-110.14716412,0.2588190451025207,0,0.9659258262890683,-110.14730004,0.5000000000000000,0,0.8660254037844386,-110.14766603,0.7071067811865476,0,0.7071067811865476,-110.14815535,0.8660254037844386,0,0.5000000000000000,-110.14863045,1.0000000000000000,0,0.0000000000000000,-110.14911043]
      },
      "anisotropy energy type": {
        "value": "uniaxial"
      },
      "magnetocrystalline anisotropy constants": {
        "value": [
-1.593,0.053]
      },
      "kind of anisotropy": {
        "value": "easy plane"
      },
      "anisotropy info": {
        "value": "software VASP (vasp.5.4.4) with spin-orbit coupling, k-points mesh 10x10x12, Ecut-off=401.823 eV, PAW_PBE, Fe:PAW_PBE:06Sep2000, Ge:PAW_PBE:05Jan2001, Pressure=0.0 kbar, temperature=0K"
      },
      "exchange integrals": {
        "value": null
      },
      "exchange info": {
        "value": null
      },
      "magnetic order": {
        "value": null
      },
      "curie temperature": {
        "value": null
      },
      "curie temperature info": {
        "value": null
      },
      "anisotropy field": {
        "value": null
      },
      "remanence": {
        "value": null
      },
      "coercivity": {
        "value": null
      },
      "energy product": {
        "value": null
      },
      "hysteresis info": {
        "value": null
      },
      "domain wall width": {
        "value": null
      },
      "domain wall info": {
        "value": null
      },
      "exchange stiffness": {
        "value": null
      },
      "exchange stiffness info": {
        "value": null
      }
    },
    "additional information": {
      "authors": {
        "value": ["ICCRAM"]
      },
      "reference": {
        "value": null
      },
      "comments": {
        "value": null
      },
      "attached files": {
        "value": [
"Fe10Ge6_#193_1N.cif",
"CONTCAR_Fe10Ge6_#193_1N",
"Fe10Ge6_#193_1N.png"
]
      },
      "attached files info": {
        "value": null
      }
    }
  }
}
