{
  "confidential": {
  "value": false
  }, 
  "name": "NOVAMAG_theory_ICCRAM_Fe10Ge2_#164_1N",
  "properties": {
    "approach": {
      "value": "theory"
    },
    "summary": {
      "value": "crystal, energy, magnetization, MAE, coercivity, energy product"
    },
    "chemistry": {
      "chemical formula": {
        "value": "Fe10Ge2"
      },
      "production info": {
        "value": "initial POSCAR from NOVAMAG library http://crono.ubu.es/novamag/show_item_features?mafid=655"
      }
    },
    "crystal": {
      "compound space group": {
        "value": 164
      },
      "unit cell volume": {
        "value": 141.407263
      },
      "lattice parameters": {
        "value": [
          4.05062,
          4.05062,
          9.95171
        ]
      },
      "lattice angles": {
        "value": [
          90.00000,
          90.00000,
          120.00000
        ]
      },
      "atomic positions": {
        "value": [
"Fe1(2d)",
0.33333,
0.66667,
0.29559,
"Fe2(2d)",
0.33333,
0.66667,
0.53756,
"Fe3(2c)",
0.00000,
0.00000,
0.12146,
"Fe4(2d)",
0.33333,
0.66667,
0.04661,
"Fe5(2c)",
0.00000,
0.00000,
0.37511,
"Ge1(2d)",
0.33333,
0.66667,
0.79062
]
      },
      "crystal info": {
        "value": "software VASP (vasp.5.4.4), k-points mesh 17x17x6, Ecut-off=401.823 eV, PAW_PBE, Fe:PAW_PBE:06Sep2000, Ge:PAW_PBE:05Jan2001, Pressure=0.0 kbar, temperature=0K"
      }
    },
    "thermodynamics": {
      "unit cell energy": {
        "value": -92.37836708
      },
      "unit cell formation enthalpy": {
        "value": -1.021234
      },
      "energy info": {
        "value": "software VASP (vasp.5.4.4), k-points mesh 17x17x6, Ecut-off=401.823 eV, PAW_PBE, Fe:PAW_PBE:06Sep2000, Ge:PAW_PBE:05Jan2001, Pressure=0.0 kbar, temperature=0K"
      },
      "interatomic potentials info": {
        "value": null
      },
      "magnetic free energy": {
        "value": null
      },
      "magnetic free energy info": {
        "value": null
      }
    },
    "magnetics": {
      "unit cell spin polarization": {
        "value": 21.956
      },
      "atomic spin specie": {
        "value": [
"1 Fe",
2.007,
"2 Fe",
2.007,
"3 Fe",
2.251,
"4 Fe",
2.251,
"5 Fe",
2.084,
"6 Fe",
2.084,
"7 Fe",
2.335,
"8 Fe",
2.335,
"9 Fe",
2.401,
"10 Fe",
2.401,
"11 Ge",
-0.101,
"12 Ge",
-0.101
]
      },
      "saturation magnetization": {
        "value": 1.809
      },
      "magnetization temperature": {
        "value": 0
      },
      "magnetization info": {
        "value": "software VASP (vasp.5.4.4), k-points mesh 17x17x6, Ecut-off=401.823 eV, PAW_PBE, Fe:PAW_PBE:06Sep2000, Ge:PAW_PBE:05Jan2001, Pressure=0.0 kbar, temperature=0K"
      },
      "magnetocrystalline anisotropy energy": {
        "value": [
0.0000000000000000,0,1.0000000000000000,-92.45307894,0.2588190451025207,0,0.9659258262890683,-92.45307770,0.5000000000000000,0,0.8660254037844386,-92.45307255,0.7071067811865476,0,0.7071067811865476,-92.45306726,0.8660254037844386,0,0.5000000000000000,-92.45305810,1.0000000000000000,0,0.0000000000000000,-92.45304194]
      },
      "anisotropy energy type": {
        "value": "uniaxial"
      },
      "magnetocrystalline anisotropy constants": {
        "value": [
0.014,0.027]
      },
      "kind of anisotropy": {
        "value": "easy axis"
      },
      "anisotropy info": {
        "value": "software VASP (vasp.5.4.4) with spin-orbit coupling, k-points mesh 17x17x6, Ecut-off=401.823 eV, PAW_PBE, Fe:PAW_PBE:06Sep2000, Ge:PAW_PBE:05Jan2001, Pressure=0.0 kbar, temperature=0K"
      },
      "exchange integrals": {
        "value": null
      },
      "exchange info": {
        "value": null
      },
      "magnetic order": {
        "value": null
      },
      "curie temperature": {
        "value": null
      },
      "curie temperature info": {
        "value": null
      },
      "anisotropy field": {
        "value": 0.094
      },
      "remanence": {
        "value": 1.809
      },
      "coercivity": {
        "value": 0.094
      },
      "energy product": {
        "value": 651.039
      },
      "hysteresis info": {
        "value": "Stoner-Wohlfarth model without shape anisotropy, perfectly rectangular hysteresis loop, temperature = 0 K. Remanence equals to saturation magnetization (Ms). Anisotropy field: mu_0*Hk=(2*K_1+4*K_2)/Ms, where mu_0 is the vacuum permeability. Coercivity: Hc=Hk. Maximum energy product (upper limit)=(1/4)*mu_0*Ms^2, note this value can only be reached if the demagnetization factor is D=0.5 and Hc>0.5*Ms."
      },
      "domain wall width": {
        "value": null
      },
      "domain wall info": {
        "value": null
      },
      "exchange stiffness": {
        "value": null
      },
      "exchange stiffness info": {
        "value": null
      }
    },
    "additional information": {
      "authors": {
        "value": ["ICCRAM"]
      },
      "reference": {
        "value": null
      },
      "comments": {
        "value": "Hardness parameter=0.073"
      },
      "attached files": {
        "value": [
"Fe10Ge2_#164_1N.cif",
"CONTCAR_Fe10Ge2_#164_1N",
"Fe10Ge2_#164_1N.png"
]
      },
      "attached files info": {
        "value": null
      }
    }
  }
}
