{
  "confidential": {
  "value": false
  }, 
  "name": "NOVAMAG_theory_ICCRAM_Fe10Ge6_#157_1N",
  "properties": {
    "approach": {
      "value": "theory"
    },
    "summary": {
      "value": "crystal, energy, magnetization, MAE"
    },
    "chemistry": {
      "chemical formula": {
        "value": "Fe10Ge6"
      },
      "production info": {
        "value": "initial POSCAR from NOVAMAG library http://crono.ubu.es/novamag/show_item_features?mafid=728"
      }
    },
    "crystal": {
      "compound space group": {
        "value": 157
      },
      "unit cell volume": {
        "value": 209.674359
      },
      "lattice parameters": {
        "value": [
          6.99423,
          6.99423,
          4.94921
        ]
      },
      "lattice angles": {
        "value": [
          90.00000,
          90.00000,
          120.00000
        ]
      },
      "atomic positions": {
        "value": [
"Fe1(3c)",
0.33104,
0.00000,
0.34344,
"Fe2(3c)",
0.33175,
0.00000,
0.83902,
"Fe3(1a)",
0.00000,
0.00000,
0.52872,
"Fe4(3c)",
0.66533,
0.00000,
0.10047,
"Ge1(3c)",
0.64728,
0.00000,
0.59834,
"Ge2(1a)",
0.00000,
0.00000,
0.03369,
"Ge3(2b)",
0.33333,
0.66667,
0.09001
]
      },
      "crystal info": {
        "value": "software VASP (vasp.5.4.4), k-points mesh 10x10x12, Ecut-off=401.823 eV, PAW_PBE, Fe:PAW_PBE:06Sep2000, Ge:PAW_PBE:05Jan2001, Pressure=0.0 kbar, temperature=0K"
      }
    },
    "thermodynamics": {
      "unit cell energy": {
        "value": -110.67236048
      },
      "unit cell formation enthalpy": {
        "value": -1.344786
      },
      "energy info": {
        "value": "software VASP (vasp.5.4.4), k-points mesh 10x10x12, Ecut-off=401.823 eV, PAW_PBE, Fe:PAW_PBE:06Sep2000, Ge:PAW_PBE:05Jan2001, Pressure=0.0 kbar, temperature=0K"
      },
      "interatomic potentials info": {
        "value": null
      },
      "magnetic free energy": {
        "value": null
      },
      "magnetic free energy info": {
        "value": null
      }
    },
    "magnetics": {
      "unit cell spin polarization": {
        "value": 19.037
      },
      "atomic spin specie": {
        "value": [
"1 Fe",
2.332,
"2 Fe",
2.333,
"3 Fe",
2.332,
"4 Fe",
2.088,
"5 Fe",
2.088,
"6 Fe",
2.088,
"7 Fe",
1.902,
"8 Fe",
1.503,
"9 Fe",
1.502,
"10 Fe",
1.502,
"11 Ge",
-0.111,
"12 Ge",
-0.111,
"13 Ge",
-0.111,
"14 Ge",
-0.101,
"15 Ge",
-0.100,
"16 Ge",
-0.100
]
      },
      "saturation magnetization": {
        "value": 1.058
      },
      "magnetization temperature": {
        "value": 0
      },
      "magnetization info": {
        "value": "software VASP (vasp.5.4.4), k-points mesh 10x10x12, Ecut-off=401.823 eV, PAW_PBE, Fe:PAW_PBE:06Sep2000, Ge:PAW_PBE:05Jan2001, Pressure=0.0 kbar, temperature=0K"
      },
      "magnetocrystalline anisotropy energy": {
        "value": [
0.0000000000000000,0,1.0000000000000000,-110.77233910,0.2588190451025207,0,0.9659258262890683,-110.77242190,0.5000000000000000,0,0.8660254037844386,-110.77262663,0.7071067811865476,0,0.7071067811865476,-110.77289841,0.8660254037844386,0,0.5000000000000000,-110.77317137,1.0000000000000000,0,0.0000000000000000,-110.77344301]
      },
      "anisotropy energy type": {
        "value": "uniaxial"
      },
      "magnetocrystalline anisotropy constants": {
        "value": [
-0.875,0.032]
      },
      "kind of anisotropy": {
        "value": "easy plane"
      },
      "anisotropy info": {
        "value": "software VASP (vasp.5.4.4) with spin-orbit coupling, k-points mesh 10x10x12, Ecut-off=401.823 eV, PAW_PBE, Fe:PAW_PBE:06Sep2000, Ge:PAW_PBE:05Jan2001, Pressure=0.0 kbar, temperature=0K"
      },
      "exchange integrals": {
        "value": null
      },
      "exchange info": {
        "value": null
      },
      "magnetic order": {
        "value": null
      },
      "curie temperature": {
        "value": null
      },
      "curie temperature info": {
        "value": null
      },
      "anisotropy field": {
        "value": null
      },
      "remanence": {
        "value": null
      },
      "coercivity": {
        "value": null
      },
      "energy product": {
        "value": null
      },
      "hysteresis info": {
        "value": null
      },
      "domain wall width": {
        "value": null
      },
      "domain wall info": {
        "value": null
      },
      "exchange stiffness": {
        "value": null
      },
      "exchange stiffness info": {
        "value": null
      }
    },
    "additional information": {
      "authors": {
        "value": ["ICCRAM"]
      },
      "reference": {
        "value": null
      },
      "comments": {
        "value": null
      },
      "attached files": {
        "value": [
"Fe10Ge6_#157_1N.cif",
"CONTCAR_Fe10Ge6_#157_1N",
"Fe10Ge6_#157_1N.png"
]
      },
      "attached files info": {
        "value": null
      }
    }
  }
}
