{
  "confidential": {
  "value": false
  }, 
  "name": "NOVAMAG_theory_ICCRAM_Fe12Ge4_#139_1N",
  "properties": {
    "approach": {
      "value": "theory"
    },
    "summary": {
      "value": "crystal, energy, magnetization, MAE"
    },
    "chemistry": {
      "chemical formula": {
        "value": "Fe12Ge4"
      },
      "production info": {
        "value": "initial POSCAR from NOVAMAG library http://crono.ubu.es/novamag/show_item_features?mafid=693"
      }
    },
    "crystal": {
      "compound space group": {
        "value": 139
      },
      "unit cell volume": {
        "value": 188.520566
      },
      "lattice parameters": {
        "value": [
          3.98065,
          3.98065,
          11.89735
        ]
      },
      "lattice angles": {
        "value": [
          90.00000,
          90.00000,
          90.00000
        ]
      },
      "atomic positions": {
        "value": [
"Fe1(4e)",
0.00000,
0.00000,
0.37638,
"Fe2(4c)",
0.00000,
0.50000,
0.00000,
"Fe3(4d)",
0.00000,
0.50000,
0.25000,
"Ge1(4e)",
0.00000,
0.00000,
0.86922
]
      },
      "crystal info": {
        "value": "software VASP (vasp.5.4.4), k-points mesh 15x15x5, Ecut-off=401.823 eV, PAW_PBE, Fe:PAW_PBE:06Sep2000, Ge:PAW_PBE:05Jan2001, Pressure=0.0 kbar, temperature=0K"
      }
    },
    "thermodynamics": {
      "unit cell energy": {
        "value": -118.25326151
      },
      "unit cell formation enthalpy": {
        "value": -1.436525
      },
      "energy info": {
        "value": "software VASP (vasp.5.4.4), k-points mesh 15x15x5, Ecut-off=401.823 eV, PAW_PBE, Fe:PAW_PBE:06Sep2000, Ge:PAW_PBE:05Jan2001, Pressure=0.0 kbar, temperature=0K"
      },
      "interatomic potentials info": {
        "value": null
      },
      "magnetic free energy": {
        "value": null
      },
      "magnetic free energy info": {
        "value": null
      }
    },
    "magnetics": {
      "unit cell spin polarization": {
        "value": 22.382
      },
      "atomic spin specie": {
        "value": [
"1 Fe",
2.533,
"2 Fe",
2.533,
"3 Fe",
2.533,
"4 Fe",
2.533,
"5 Fe",
1.840,
"6 Fe",
1.840,
"7 Fe",
1.840,
"8 Fe",
1.840,
"9 Fe",
1.320,
"10 Fe",
1.320,
"11 Fe",
1.320,
"12 Fe",
1.320,
"13 Ge",
-0.098,
"14 Ge",
-0.098,
"15 Ge",
-0.098,
"16 Ge",
-0.098
]
      },
      "saturation magnetization": {
        "value": 1.383
      },
      "magnetization temperature": {
        "value": 0
      },
      "magnetization info": {
        "value": "software VASP (vasp.5.4.4), k-points mesh 15x15x5, Ecut-off=401.823 eV, PAW_PBE, Fe:PAW_PBE:06Sep2000, Ge:PAW_PBE:05Jan2001, Pressure=0.0 kbar, temperature=0K"
      },
      "magnetocrystalline anisotropy energy": {
        "value": [
0.0000000000000000,0,1.0000000000000000,-118.35233304,0.2588190451025207,0,0.9659258262890683,-118.35238450,0.5000000000000000,0,0.8660254037844386,-118.35252450,0.7071067811865476,0,0.7071067811865476,-118.35271605,0.8660254037844386,0,0.5000000000000000,-118.35290806,1.0000000000000000,0,0.0000000000000000,-118.35309770]
      },
      "anisotropy energy type": {
        "value": "uniaxial"
      },
      "magnetocrystalline anisotropy constants": {
        "value": [
-0.653,0.002]
      },
      "kind of anisotropy": {
        "value": "easy plane"
      },
      "anisotropy info": {
        "value": "software VASP (vasp.5.4.4) with spin-orbit coupling, k-points mesh 15x15x5, Ecut-off=401.823 eV, PAW_PBE, Fe:PAW_PBE:06Sep2000, Ge:PAW_PBE:05Jan2001, Pressure=0.0 kbar, temperature=0K"
      },
      "exchange integrals": {
        "value": null
      },
      "exchange info": {
        "value": null
      },
      "magnetic order": {
        "value": null
      },
      "curie temperature": {
        "value": null
      },
      "curie temperature info": {
        "value": null
      },
      "anisotropy field": {
        "value": null
      },
      "remanence": {
        "value": null
      },
      "coercivity": {
        "value": null
      },
      "energy product": {
        "value": null
      },
      "hysteresis info": {
        "value": null
      },
      "domain wall width": {
        "value": null
      },
      "domain wall info": {
        "value": null
      },
      "exchange stiffness": {
        "value": null
      },
      "exchange stiffness info": {
        "value": null
      }
    },
    "additional information": {
      "authors": {
        "value": ["ICCRAM"]
      },
      "reference": {
        "value": null
      },
      "comments": {
        "value": null
      },
      "attached files": {
        "value": [
"Fe12Ge4_#139_1N.cif",
"CONTCAR_Fe12Ge4_#139_1N",
"Fe12Ge4_#139_1N.png"
]
      },
      "attached files info": {
        "value": null
      }
    }
  }
}
