{
  "confidential": {
  "value": false
  }, 
  "name": "NOVAMAG_theory_ICCRAM_Fe12Ge6_#164_1N",
  "properties": {
    "approach": {
      "value": "theory"
    },
    "summary": {
      "value": "crystal, energy, magnetization, MAE, coercivity, energy product"
    },
    "chemistry": {
      "chemical formula": {
        "value": "Fe12Ge6"
      },
      "production info": {
        "value": "initial POSCAR from NOVAMAG library http://crono.ubu.es/novamag/show_item_features?mafid=669"
      }
    },
    "crystal": {
      "compound space group": {
        "value": 164
      },
      "unit cell volume": {
        "value": 233.551698
      },
      "lattice parameters": {
        "value": [
          5.07987,
          5.07987,
          10.45073
        ]
      },
      "lattice angles": {
        "value": [
          90.00000,
          90.00000,
          120.00000
        ]
      },
      "atomic positions": {
        "value": [
"Fe1(6i)",
0.50370,
0.49630,
0.69346,
"Fe2(6i)",
0.16755,
0.83245,
0.10075,
"Ge1(2d)",
0.33333,
0.66667,
0.50255,
"Ge2(2c)",
0.00000,
0.00000,
0.69847,
"Ge3(2d)",
0.33333,
0.66667,
0.89376
]
      },
      "crystal info": {
        "value": "software VASP (vasp.5.4.4), k-points mesh 14x14x6, Ecut-off=401.823 eV, PAW_PBE, Fe:PAW_PBE:06Sep2000, Ge:PAW_PBE:05Jan2001, Pressure=0.0 kbar, temperature=0K"
      }
    },
    "thermodynamics": {
      "unit cell energy": {
        "value": -127.83703952
      },
      "unit cell formation enthalpy": {
        "value": -2.035083
      },
      "energy info": {
        "value": "software VASP (vasp.5.4.4), k-points mesh 14x14x6, Ecut-off=401.823 eV, PAW_PBE, Fe:PAW_PBE:06Sep2000, Ge:PAW_PBE:05Jan2001, Pressure=0.0 kbar, temperature=0K"
      },
      "interatomic potentials info": {
        "value": null
      },
      "magnetic free energy": {
        "value": null
      },
      "magnetic free energy info": {
        "value": null
      }
    },
    "magnetics": {
      "unit cell spin polarization": {
        "value": 24.334
      },
      "atomic spin specie": {
        "value": [
"1 Fe",
1.972,
"2 Fe",
1.971,
"3 Fe",
1.971,
"4 Fe",
1.971,
"5 Fe",
1.972,
"6 Fe",
1.971,
"7 Fe",
2.210,
"8 Fe",
2.210,
"9 Fe",
2.210,
"10 Fe",
2.210,
"11 Fe",
2.210,
"12 Fe",
2.210,
"13 Ge",
-0.095,
"14 Ge",
-0.095,
"15 Ge",
-0.154,
"16 Ge",
-0.154,
"17 Ge",
-0.128,
"18 Ge",
-0.128
]
      },
      "saturation magnetization": {
        "value": 1.214
      },
      "magnetization temperature": {
        "value": 0
      },
      "magnetization info": {
        "value": "software VASP (vasp.5.4.4), k-points mesh 14x14x6, Ecut-off=401.823 eV, PAW_PBE, Fe:PAW_PBE:06Sep2000, Ge:PAW_PBE:05Jan2001, Pressure=0.0 kbar, temperature=0K"
      },
      "magnetocrystalline anisotropy energy": {
        "value": [
0.0000000000000000,0,1.0000000000000000,-127.95267036,0.2588190451025207,0,0.9659258262890683,-127.95261995,0.5000000000000000,0,0.8660254037844386,-127.95248884,0.7071067811865476,0,0.7071067811865476,-127.95231248,0.8660254037844386,0,0.5000000000000000,-127.95213712,1.0000000000000000,0,0.0000000000000000,-127.95196674]
      },
      "anisotropy energy type": {
        "value": "uniaxial"
      },
      "magnetocrystalline anisotropy constants": {
        "value": [
0.501,-0.018]
      },
      "kind of anisotropy": {
        "value": "easy axis"
      },
      "anisotropy info": {
        "value": "software VASP (vasp.5.4.4) with spin-orbit coupling, k-points mesh 14x14x6, Ecut-off=401.823 eV, PAW_PBE, Fe:PAW_PBE:06Sep2000, Ge:PAW_PBE:05Jan2001, Pressure=0.0 kbar, temperature=0K"
      },
      "exchange integrals": {
        "value": null
      },
      "exchange info": {
        "value": null
      },
      "magnetic order": {
        "value": null
      },
      "curie temperature": {
        "value": null
      },
      "curie temperature info": {
        "value": null
      },
      "anisotropy field": {
        "value": 0.963
      },
      "remanence": {
        "value": 1.214
      },
      "coercivity": {
        "value": 0.963
      },
      "energy product": {
        "value": 293.202
      },
      "hysteresis info": {
        "value": "Stoner-Wohlfarth model without shape anisotropy, perfectly rectangular hysteresis loop, temperature = 0 K. Remanence equals to saturation magnetization (Ms). Anisotropy field: mu_0*Hk=(2*K_1+4*K_2)/Ms, where mu_0 is the vacuum permeability. Coercivity: Hc=Hk. Maximum energy product (upper limit)=(1/4)*mu_0*Ms^2, note this value can only be reached if the demagnetization factor is D=0.5 and Hc>0.5*Ms."
      },
      "domain wall width": {
        "value": null
      },
      "domain wall info": {
        "value": null
      },
      "exchange stiffness": {
        "value": null
      },
      "exchange stiffness info": {
        "value": null
      }
    },
    "additional information": {
      "authors": {
        "value": ["ICCRAM"]
      },
      "reference": {
        "value": null
      },
      "comments": {
        "value": "Hardness parameter=0.654"
      },
      "attached files": {
        "value": [
"Fe12Ge6_#164_1N.cif",
"CONTCAR_Fe12Ge6_#164_1N",
"Fe12Ge6_#164_1N.png"
]
      },
      "attached files info": {
        "value": null
      }
    }
  }
}
