{
  "confidential": {
  "value": false
  }, 
  "name": "NOVAMAG_theory_ICCRAM_Fe12Ge3_#166_1N",
  "properties": {
    "approach": {
      "value": "theory"
    },
    "summary": {
      "value": "crystal, energy, magnetization, MAE"
    },
    "chemistry": {
      "chemical formula": {
        "value": "Fe12Ge3"
      },
      "production info": {
        "value": "initial POSCAR from NOVAMAG library http://crono.ubu.es/novamag/show_item_features?mafid=622"
      }
    },
    "crystal": {
      "compound space group": {
        "value": 166
      },
      "unit cell volume": {
        "value": 178.175323
      },
      "lattice parameters": {
        "value": [
          4.06253,
          4.06253,
          12.46590
        ]
      },
      "lattice angles": {
        "value": [
          90.00000,
          90.00000,
          120.00000
        ]
      },
      "atomic positions": {
        "value": [
"Fe1(6c)",
0.00000,
0.00000,
0.40247,
"Fe2(6c)",
0.00000,
0.00000,
0.20377,
"Ge1(3a)",
0.00000,
0.00000,
0.00000
]
      },
      "crystal info": {
        "value": "software VASP (vasp.5.4.4), k-points mesh 17x17x5, Ecut-off=401.823 eV, PAW_PBE, Fe:PAW_PBE:06Sep2000, Ge:PAW_PBE:05Jan2001, Pressure=0.0 kbar, temperature=0K"
      }
    },
    "thermodynamics": {
      "unit cell energy": {
        "value": -113.79102819
      },
      "unit cell formation enthalpy": {
        "value": -1.466902
      },
      "energy info": {
        "value": "software VASP (vasp.5.4.4), k-points mesh 17x17x5, Ecut-off=401.823 eV, PAW_PBE, Fe:PAW_PBE:06Sep2000, Ge:PAW_PBE:05Jan2001, Pressure=0.0 kbar, temperature=0K"
      },
      "interatomic potentials info": {
        "value": null
      },
      "magnetic free energy": {
        "value": null
      },
      "magnetic free energy info": {
        "value": null
      }
    },
    "magnetics": {
      "unit cell spin polarization": {
        "value": 26.513
      },
      "atomic spin specie": {
        "value": [
"1 Fe",
2.113,
"2 Fe",
2.114,
"3 Fe",
2.113,
"4 Fe",
2.113,
"5 Fe",
2.113,
"6 Fe",
2.113,
"7 Fe",
2.351,
"8 Fe",
2.351,
"9 Fe",
2.351,
"10 Fe",
2.351,
"11 Fe",
2.351,
"12 Fe",
2.351,
"13 Ge",
-0.092,
"14 Ge",
-0.092,
"15 Ge",
-0.092
]
      },
      "saturation magnetization": {
        "value": 1.733
      },
      "magnetization temperature": {
        "value": 0
      },
      "magnetization info": {
        "value": "software VASP (vasp.5.4.4), k-points mesh 17x17x5, Ecut-off=401.823 eV, PAW_PBE, Fe:PAW_PBE:06Sep2000, Ge:PAW_PBE:05Jan2001, Pressure=0.0 kbar, temperature=0K"
      },
      "magnetocrystalline anisotropy energy": {
        "value": [
0.0000000000000000,0,1.0000000000000000,-113.88220721,0.2588190451025207,0,0.9659258262890683,-113.88223101,0.5000000000000000,0,0.8660254037844386,-113.88229566,0.7071067811865476,0,0.7071067811865476,-113.88238374,0.8660254037844386,0,0.5000000000000000,-113.88247081,1.0000000000000000,0,0.0000000000000000,-113.88255636]
      },
      "anisotropy energy type": {
        "value": "uniaxial"
      },
      "magnetocrystalline anisotropy constants": {
        "value": [
-0.321,0.007]
      },
      "kind of anisotropy": {
        "value": "easy plane"
      },
      "anisotropy info": {
        "value": "software VASP (vasp.5.4.4) with spin-orbit coupling, k-points mesh 17x17x5, Ecut-off=401.823 eV, PAW_PBE, Fe:PAW_PBE:06Sep2000, Ge:PAW_PBE:05Jan2001, Pressure=0.0 kbar, temperature=0K"
      },
      "exchange integrals": {
        "value": null
      },
      "exchange info": {
        "value": null
      },
      "magnetic order": {
        "value": null
      },
      "curie temperature": {
        "value": null
      },
      "curie temperature info": {
        "value": null
      },
      "anisotropy field": {
        "value": null
      },
      "remanence": {
        "value": null
      },
      "coercivity": {
        "value": null
      },
      "energy product": {
        "value": null
      },
      "hysteresis info": {
        "value": null
      },
      "domain wall width": {
        "value": null
      },
      "domain wall info": {
        "value": null
      },
      "exchange stiffness": {
        "value": null
      },
      "exchange stiffness info": {
        "value": null
      }
    },
    "additional information": {
      "authors": {
        "value": ["ICCRAM"]
      },
      "reference": {
        "value": null
      },
      "comments": {
        "value": null
      },
      "attached files": {
        "value": [
"Fe12Ge3_#166_1N.cif",
"CONTCAR_Fe12Ge3_#166_1N",
"Fe12Ge3_#166_1N.png"
]
      },
      "attached files info": {
        "value": null
      }
    }
  }
}
