{
  "confidential": {
  "value": false
  }, 
  "name": "NOVAMAG_theory_ICCRAM_Fe18Ge6_#166_1N",
  "properties": {
    "approach": {
      "value": "theory"
    },
    "summary": {
      "value": "crystal, energy, magnetization, MAE, coercivity, energy product"
    },
    "chemistry": {
      "chemical formula": {
        "value": "Fe18Ge6"
      },
      "production info": {
        "value": "initial POSCAR from NOVAMAG library http://crono.ubu.es/novamag/show_item_features?mafid=684"
      }
    },
    "crystal": {
      "compound space group": {
        "value": 166
      },
      "unit cell volume": {
        "value": 292.491158
      },
      "lattice parameters": {
        "value": [
          4.04899,
          4.04899,
          20.60105
        ]
      },
      "lattice angles": {
        "value": [
          90.00000,
          90.00000,
          120.00000
        ]
      },
      "atomic positions": {
        "value": [
"Fe1(6c)",
0.00000,
0.00000,
0.68396,
"Fe2(6c)",
0.00000,
0.00000,
0.80948,
"Fe3(6c)",
0.00000,
0.00000,
0.43950,
"Ge1(6c)",
0.00000,
0.00000,
-0.06969
]
      },
      "crystal info": {
        "value": "software VASP (vasp.5.4.4), k-points mesh 17x17x3, Ecut-off=401.823 eV, PAW_PBE, Fe:PAW_PBE:06Sep2000, Ge:PAW_PBE:05Jan2001, Pressure=0.0 kbar, temperature=0K"
      }
    },
    "thermodynamics": {
      "unit cell energy": {
        "value": -177.29459808
      },
      "unit cell formation enthalpy": {
        "value": -2.069493
      },
      "energy info": {
        "value": "software VASP (vasp.5.4.4), k-points mesh 17x17x3, Ecut-off=401.823 eV, PAW_PBE, Fe:PAW_PBE:06Sep2000, Ge:PAW_PBE:05Jan2001, Pressure=0.0 kbar, temperature=0K"
      },
      "interatomic potentials info": {
        "value": null
      },
      "magnetic free energy": {
        "value": null
      },
      "magnetic free energy info": {
        "value": null
      }
    },
    "magnetics": {
      "unit cell spin polarization": {
        "value": 40.693
      },
      "atomic spin specie": {
        "value": [
"1 Fe",
2.348,
"2 Fe",
2.348,
"3 Fe",
2.348,
"4 Fe",
2.348,
"5 Fe",
2.348,
"6 Fe",
2.348,
"7 Fe",
2.413,
"8 Fe",
2.413,
"9 Fe",
2.413,
"10 Fe",
2.413,
"11 Fe",
2.413,
"12 Fe",
2.413,
"13 Fe",
2.084,
"14 Fe",
2.084,
"15 Fe",
2.084,
"16 Fe",
2.084,
"17 Fe",
2.084,
"18 Fe",
2.084,
"19 Ge",
-0.063,
"20 Ge",
-0.063,
"21 Ge",
-0.063,
"22 Ge",
-0.063,
"23 Ge",
-0.063,
"24 Ge",
-0.063
]
      },
      "saturation magnetization": {
        "value": 1.621
      },
      "magnetization temperature": {
        "value": 0
      },
      "magnetization info": {
        "value": "software VASP (vasp.5.4.4), k-points mesh 17x17x3, Ecut-off=401.823 eV, PAW_PBE, Fe:PAW_PBE:06Sep2000, Ge:PAW_PBE:05Jan2001, Pressure=0.0 kbar, temperature=0K"
      },
      "magnetocrystalline anisotropy energy": {
        "value": [
0.0000000000000000,0,1.0000000000000000,-177.43688737,0.2588190451025207,0,0.9659258262890683,-177.43685164,0.5000000000000000,0,0.8660254037844386,-177.43675751,0.7071067811865476,0,0.7071067811865476,-177.43662915,0.8660254037844386,0,0.5000000000000000,-177.43649987,1.0000000000000000,0,0.0000000000000000,-177.43637326]
      },
      "anisotropy energy type": {
        "value": "uniaxial"
      },
      "magnetocrystalline anisotropy constants": {
        "value": [
0.285,-0.003]
      },
      "kind of anisotropy": {
        "value": "easy axis"
      },
      "anisotropy info": {
        "value": "software VASP (vasp.5.4.4) with spin-orbit coupling, k-points mesh 17x17x3, Ecut-off=401.823 eV, PAW_PBE, Fe:PAW_PBE:06Sep2000, Ge:PAW_PBE:05Jan2001, Pressure=0.0 kbar, temperature=0K"
      },
      "exchange integrals": {
        "value": null
      },
      "exchange info": {
        "value": null
      },
      "magnetic order": {
        "value": null
      },
      "curie temperature": {
        "value": null
      },
      "curie temperature info": {
        "value": null
      },
      "anisotropy field": {
        "value": 0.433
      },
      "remanence": {
        "value": 1.621
      },
      "coercivity": {
        "value": 0.433
      },
      "energy product": {
        "value": 522.753
      },
      "hysteresis info": {
        "value": "Stoner-Wohlfarth model without shape anisotropy, perfectly rectangular hysteresis loop, temperature = 0 K. Remanence equals to saturation magnetization (Ms). Anisotropy field: mu_0*Hk=(2*K_1+4*K_2)/Ms, where mu_0 is the vacuum permeability. Coercivity: Hc=Hk. Maximum energy product (upper limit)=(1/4)*mu_0*Ms^2, note this value can only be reached if the demagnetization factor is D=0.5 and Hc>0.5*Ms."
      },
      "domain wall width": {
        "value": null
      },
      "domain wall info": {
        "value": null
      },
      "exchange stiffness": {
        "value": null
      },
      "exchange stiffness info": {
        "value": null
      }
    },
    "additional information": {
      "authors": {
        "value": ["ICCRAM"]
      },
      "reference": {
        "value": null
      },
      "comments": {
        "value": "Hardness parameter=0.369"
      },
      "attached files": {
        "value": [
"Fe18Ge6_#166_1N.cif",
"CONTCAR_Fe18Ge6_#166_1N",
"Fe18Ge6_#166_1N.png"
]
      },
      "attached files info": {
        "value": null
      }
    }
  }
}
