{
  "confidential": {
  "value": false
  }, 
  "name": "NOVAMAG_theory_ICCRAM_Fe18Ge3_#166_1N",
  "properties": {
    "approach": {
      "value": "theory"
    },
    "summary": {
      "value": "crystal, energy, magnetization, MAE, coercivity, energy product"
    },
    "chemistry": {
      "chemical formula": {
        "value": "Fe18Ge3"
      },
      "production info": {
        "value": "initial POSCAR from NOVAMAG library http://crono.ubu.es/novamag/show_item_features?mafid=708"
      }
    },
    "crystal": {
      "compound space group": {
        "value": 166
      },
      "unit cell volume": {
        "value": 246.116251
      },
      "lattice parameters": {
        "value": [
          4.04344,
          4.04344,
          17.38230
        ]
      },
      "lattice angles": {
        "value": [
          90.00000,
          90.00000,
          120.00000
        ]
      },
      "atomic positions": {
        "value": [
"Fe1(6c)",
0.00000,
0.00000,
0.07143,
"Fe2(6c)",
0.00000,
0.00000,
0.78357,
"Fe3(6c)",
0.00000,
0.00000,
0.35453,
"Ge1(3b)",
0.00000,
0.00000,
0.50000
]
      },
      "crystal info": {
        "value": "software VASP (vasp.5.4.4), k-points mesh 17x17x3, Ecut-off=401.823 eV, PAW_PBE, Fe:PAW_PBE:06Sep2000, Ge:PAW_PBE:05Jan2001, Pressure=0.0 kbar, temperature=0K"
      }
    },
    "thermodynamics": {
      "unit cell energy": {
        "value": -163.37379757
      },
      "unit cell formation enthalpy": {
        "value": -1.626523
      },
      "energy info": {
        "value": "software VASP (vasp.5.4.4), k-points mesh 17x17x3, Ecut-off=401.823 eV, PAW_PBE, Fe:PAW_PBE:06Sep2000, Ge:PAW_PBE:05Jan2001, Pressure=0.0 kbar, temperature=0K"
      },
      "interatomic potentials info": {
        "value": null
      },
      "magnetic free energy": {
        "value": null
      },
      "magnetic free energy info": {
        "value": null
      }
    },
    "magnetics": {
      "unit cell spin polarization": {
        "value": 39.590
      },
      "atomic spin specie": {
        "value": [
"1 Fe",
2.387,
"2 Fe",
2.387,
"3 Fe",
2.387,
"4 Fe",
2.387,
"5 Fe",
2.387,
"6 Fe",
2.387,
"7 Fe",
1.983,
"8 Fe",
1.983,
"9 Fe",
1.983,
"10 Fe",
1.983,
"11 Fe",
1.983,
"12 Fe",
1.983,
"13 Fe",
2.282,
"14 Fe",
2.282,
"15 Fe",
2.283,
"16 Fe",
2.283,
"17 Fe",
2.283,
"18 Fe",
2.283,
"19 Ge",
-0.108,
"20 Ge",
-0.108,
"21 Ge",
-0.108
]
      },
      "saturation magnetization": {
        "value": 1.874
      },
      "magnetization temperature": {
        "value": 0
      },
      "magnetization info": {
        "value": "software VASP (vasp.5.4.4), k-points mesh 17x17x3, Ecut-off=401.823 eV, PAW_PBE, Fe:PAW_PBE:06Sep2000, Ge:PAW_PBE:05Jan2001, Pressure=0.0 kbar, temperature=0K"
      },
      "magnetocrystalline anisotropy energy": {
        "value": [
0.0000000000000000,0,1.0000000000000000,-163.50753110,0.2588190451025207,0,0.9659258262890683,-163.50748484,0.5000000000000000,0,0.8660254037844386,-163.50736049,0.7071067811865476,0,0.7071067811865476,-163.50719075,0.8660254037844386,0,0.5000000000000000,-163.50701921,1.0000000000000000,0,0.0000000000000000,-163.50684718]
      },
      "anisotropy energy type": {
        "value": "uniaxial"
      },
      "magnetocrystalline anisotropy constants": {
        "value": [
0.442,0.003]
      },
      "kind of anisotropy": {
        "value": "easy axis"
      },
      "anisotropy info": {
        "value": "software VASP (vasp.5.4.4) with spin-orbit coupling, k-points mesh 17x17x3, Ecut-off=401.823 eV, PAW_PBE, Fe:PAW_PBE:06Sep2000, Ge:PAW_PBE:05Jan2001, Pressure=0.0 kbar, temperature=0K"
      },
      "exchange integrals": {
        "value": null
      },
      "exchange info": {
        "value": null
      },
      "magnetic order": {
        "value": null
      },
      "curie temperature": {
        "value": null
      },
      "curie temperature info": {
        "value": null
      },
      "anisotropy field": {
        "value": 0.601
      },
      "remanence": {
        "value": 1.874
      },
      "coercivity": {
        "value": 0.601
      },
      "energy product": {
        "value": 698.666
      },
      "hysteresis info": {
        "value": "Stoner-Wohlfarth model without shape anisotropy, perfectly rectangular hysteresis loop, temperature = 0 K. Remanence equals to saturation magnetization (Ms). Anisotropy field: mu_0*Hk=(2*K_1+4*K_2)/Ms, where mu_0 is the vacuum permeability. Coercivity: Hc=Hk. Maximum energy product (upper limit)=(1/4)*mu_0*Ms^2, note this value can only be reached if the demagnetization factor is D=0.5 and Hc>0.5*Ms."
      },
      "domain wall width": {
        "value": null
      },
      "domain wall info": {
        "value": null
      },
      "exchange stiffness": {
        "value": null
      },
      "exchange stiffness info": {
        "value": null
      }
    },
    "additional information": {
      "authors": {
        "value": ["ICCRAM"]
      },
      "reference": {
        "value": null
      },
      "comments": {
        "value": "Hardness parameter=0.398"
      },
      "attached files": {
        "value": [
"Fe18Ge3_#166_1N.cif",
"CONTCAR_Fe18Ge3_#166_1N",
"Fe18Ge3_#166_1N.png"
]
      },
      "attached files info": {
        "value": null
      }
    }
  }
}
