{
  "confidential": {
  "value": false
  }, 
  "name": "NOVAMAG_theory_ICCRAM_Fe20Ge4_#141_1N",
  "properties": {
    "approach": {
      "value": "theory"
    },
    "summary": {
      "value": "crystal, energy, magnetization, MAE, coercivity, energy product"
    },
    "chemistry": {
      "chemical formula": {
        "value": "Fe20Ge4"
      },
      "production info": {
        "value": "initial POSCAR from NOVAMAG library http://crono.ubu.es/novamag/show_item_features?mafid=643"
      }
    },
    "crystal": {
      "compound space group": {
        "value": 141
      },
      "unit cell volume": {
        "value": 281.672018
      },
      "lattice parameters": {
        "value": [
          4.03920,
          4.03920,
          17.26446
        ]
      },
      "lattice angles": {
        "value": [
          90.00000,
          90.00000,
          90.00000
        ]
      },
      "atomic positions": {
        "value": [
"Fe1(8e)",
0.00000,
0.25000,
0.53876,
"Fe2(8e)",
0.00000,
0.25000,
0.71017,
"Fe3(4a)",
0.00000,
0.75000,
0.12500,
"Ge1(4b)",
0.00000,
0.25000,
0.37500
]
      },
      "crystal info": {
        "value": "software VASP (vasp.5.4.4), k-points mesh 15x15x3, Ecut-off=401.823 eV, PAW_PBE, Fe:PAW_PBE:06Sep2000, Ge:PAW_PBE:05Jan2001, Pressure=0.0 kbar, temperature=0K"
      }
    },
    "thermodynamics": {
      "unit cell energy": {
        "value": -184.67185352
      },
      "unit cell formation enthalpy": {
        "value": -1.957586
      },
      "energy info": {
        "value": "software VASP (vasp.5.4.4), k-points mesh 15x15x3, Ecut-off=401.823 eV, PAW_PBE, Fe:PAW_PBE:06Sep2000, Ge:PAW_PBE:05Jan2001, Pressure=0.0 kbar, temperature=0K"
      },
      "interatomic potentials info": {
        "value": null
      },
      "magnetic free energy": {
        "value": null
      },
      "magnetic free energy info": {
        "value": null
      }
    },
    "magnetics": {
      "unit cell spin polarization": {
        "value": 42.326
      },
      "atomic spin specie": {
        "value": [
"1 Fe",
2.099,
"2 Fe",
2.099,
"3 Fe",
2.099,
"4 Fe",
2.099,
"5 Fe",
2.099,
"6 Fe",
2.099,
"7 Fe",
2.099,
"8 Fe",
2.099,
"9 Fe",
2.046,
"10 Fe",
2.046,
"11 Fe",
2.045,
"12 Fe",
2.045,
"13 Fe",
2.046,
"14 Fe",
2.046,
"15 Fe",
2.045,
"16 Fe",
2.045,
"17 Fe",
2.399,
"18 Fe",
2.399,
"19 Fe",
2.399,
"20 Fe",
2.399,
"21 Ge",
-0.106,
"22 Ge",
-0.106,
"23 Ge",
-0.106,
"24 Ge",
-0.106
]
      },
      "saturation magnetization": {
        "value": 1.750
      },
      "magnetization temperature": {
        "value": 0
      },
      "magnetization info": {
        "value": "software VASP (vasp.5.4.4), k-points mesh 15x15x3, Ecut-off=401.823 eV, PAW_PBE, Fe:PAW_PBE:06Sep2000, Ge:PAW_PBE:05Jan2001, Pressure=0.0 kbar, temperature=0K"
      },
      "magnetocrystalline anisotropy energy": {
        "value": [
0.0000000000000000,0,1.0000000000000000,-184.82384806,0.2588190451025207,0,0.9659258262890683,-184.82383911,0.5000000000000000,0,0.8660254037844386,-184.82381075,0.7071067811865476,0,0.7071067811865476,-184.82375494,0.8660254037844386,0,0.5000000000000000,-184.82367926,1.0000000000000000,0,0.0000000000000000,-184.82356605]
      },
      "anisotropy energy type": {
        "value": "uniaxial"
      },
      "magnetocrystalline anisotropy constants": {
        "value": [
0.051,0.107]
      },
      "kind of anisotropy": {
        "value": "easy axis"
      },
      "anisotropy info": {
        "value": "software VASP (vasp.5.4.4) with spin-orbit coupling, k-points mesh 15x15x3, Ecut-off=401.823 eV, PAW_PBE, Fe:PAW_PBE:06Sep2000, Ge:PAW_PBE:05Jan2001, Pressure=0.0 kbar, temperature=0K"
      },
      "exchange integrals": {
        "value": null
      },
      "exchange info": {
        "value": null
      },
      "magnetic order": {
        "value": null
      },
      "curie temperature": {
        "value": null
      },
      "curie temperature info": {
        "value": null
      },
      "anisotropy field": {
        "value": 0.381
      },
      "remanence": {
        "value": 1.750
      },
      "coercivity": {
        "value": 0.381
      },
      "energy product": {
        "value": 609.265
      },
      "hysteresis info": {
        "value": "Stoner-Wohlfarth model without shape anisotropy, perfectly rectangular hysteresis loop, temperature = 0 K. Remanence equals to saturation magnetization (Ms). Anisotropy field: mu_0*Hk=(2*K_1+4*K_2)/Ms, where mu_0 is the vacuum permeability. Coercivity: Hc=Hk. Maximum energy product (upper limit)=(1/4)*mu_0*Ms^2, note this value can only be reached if the demagnetization factor is D=0.5 and Hc>0.5*Ms."
      },
      "domain wall width": {
        "value": null
      },
      "domain wall info": {
        "value": null
      },
      "exchange stiffness": {
        "value": null
      },
      "exchange stiffness info": {
        "value": null
      }
    },
    "additional information": {
      "authors": {
        "value": ["ICCRAM"]
      },
      "reference": {
        "value": null
      },
      "comments": {
        "value": "Hardness parameter=0.145"
      },
      "attached files": {
        "value": [
"Fe20Ge4_#141_1N.cif",
"CONTCAR_Fe20Ge4_#141_1N",
"Fe20Ge4_#141_1N.png"
]
      },
      "attached files info": {
        "value": null
      }
    }
  }
}
