{
  "confidential": {
  "value": false
  }, 
  "name": "NOVAMAG_theory_ICCRAM_Fe20Ge4_#139_1N",
  "properties": {
    "approach": {
      "value": "theory"
    },
    "summary": {
      "value": "crystal, energy, magnetization, MAE, coercivity, energy product"
    },
    "chemistry": {
      "chemical formula": {
        "value": "Fe20Ge4"
      },
      "production info": {
        "value": "initial POSCAR from NOVAMAG library http://crono.ubu.es/novamag/show_item_features?mafid=647"
      }
    },
    "crystal": {
      "compound space group": {
        "value": 139
      },
      "unit cell volume": {
        "value": 280.832044
      },
      "lattice parameters": {
        "value": [
          4.04492,
          4.04492,
          17.16436
        ]
      },
      "lattice angles": {
        "value": [
          90.00000,
          90.00000,
          90.00000
        ]
      },
      "atomic positions": {
        "value": [
"Fe1(4d)",
0.00000,
0.50000,
0.25000,
"Fe2(4e)",
0.00000,
0.00000,
0.66613,
"Fe3(8g)",
0.00000,
0.50000,
-0.08141,
"Fe4(2b)",
0.00000,
0.00000,
0.50000,
"Fe5(2a)",
0.00000,
0.00000,
0.00000,
"Ge1(4e)",
0.00000,
0.00000,
0.16645
]
      },
      "crystal info": {
        "value": "software VASP (vasp.5.4.4), k-points mesh 15x15x3, Ecut-off=401.823 eV, PAW_PBE, Fe:PAW_PBE:06Sep2000, Ge:PAW_PBE:05Jan2001, Pressure=0.0 kbar, temperature=0K"
      }
    },
    "thermodynamics": {
      "unit cell energy": {
        "value": -184.62125691
      },
      "unit cell formation enthalpy": {
        "value": -1.906990
      },
      "energy info": {
        "value": "software VASP (vasp.5.4.4), k-points mesh 15x15x3, Ecut-off=401.823 eV, PAW_PBE, Fe:PAW_PBE:06Sep2000, Ge:PAW_PBE:05Jan2001, Pressure=0.0 kbar, temperature=0K"
      },
      "interatomic potentials info": {
        "value": null
      },
      "magnetic free energy": {
        "value": null
      },
      "magnetic free energy info": {
        "value": null
      }
    },
    "magnetics": {
      "unit cell spin polarization": {
        "value": 42.303
      },
      "atomic spin specie": {
        "value": [
"1 Fe",
1.647,
"2 Fe",
1.647,
"3 Fe",
1.647,
"4 Fe",
1.647,
"5 Fe",
2.457,
"6 Fe",
2.457,
"7 Fe",
2.457,
"8 Fe",
2.457,
"9 Fe",
2.063,
"10 Fe",
2.063,
"11 Fe",
2.063,
"12 Fe",
2.063,
"13 Fe",
2.063,
"14 Fe",
2.063,
"15 Fe",
2.063,
"16 Fe",
2.063,
"17 Fe",
2.445,
"18 Fe",
2.445,
"19 Fe",
2.441,
"20 Fe",
2.441,
"21 Ge",
-0.097,
"22 Ge",
-0.097,
"23 Ge",
-0.097,
"24 Ge",
-0.097
]
      },
      "saturation magnetization": {
        "value": 1.755
      },
      "magnetization temperature": {
        "value": 0
      },
      "magnetization info": {
        "value": "software VASP (vasp.5.4.4), k-points mesh 15x15x3, Ecut-off=401.823 eV, PAW_PBE, Fe:PAW_PBE:06Sep2000, Ge:PAW_PBE:05Jan2001, Pressure=0.0 kbar, temperature=0K"
      },
      "magnetocrystalline anisotropy energy": {
        "value": [
0.0000000000000000,0,1.0000000000000000,-184.77424195,0.2588190451025207,0,0.9659258262890683,-184.77419351,0.5000000000000000,0,0.8660254037844386,-184.77405770,0.7071067811865476,0,0.7071067811865476,-184.77384834,0.8660254037844386,0,0.5000000000000000,-184.77363058,1.0000000000000000,0,0.0000000000000000,-184.77342093]
      },
      "anisotropy energy type": {
        "value": "uniaxial"
      },
      "magnetocrystalline anisotropy constants": {
        "value": [
0.426,0.045]
      },
      "kind of anisotropy": {
        "value": "easy axis"
      },
      "anisotropy info": {
        "value": "software VASP (vasp.5.4.4) with spin-orbit coupling, k-points mesh 15x15x3, Ecut-off=401.823 eV, PAW_PBE, Fe:PAW_PBE:06Sep2000, Ge:PAW_PBE:05Jan2001, Pressure=0.0 kbar, temperature=0K"
      },
      "exchange integrals": {
        "value": null
      },
      "exchange info": {
        "value": null
      },
      "magnetic order": {
        "value": null
      },
      "curie temperature": {
        "value": null
      },
      "curie temperature info": {
        "value": null
      },
      "anisotropy field": {
        "value": 0.739
      },
      "remanence": {
        "value": 1.755
      },
      "coercivity": {
        "value": 0.739
      },
      "energy product": {
        "value": 612.752
      },
      "hysteresis info": {
        "value": "Stoner-Wohlfarth model without shape anisotropy, perfectly rectangular hysteresis loop, temperature = 0 K. Remanence equals to saturation magnetization (Ms). Anisotropy field: mu_0*Hk=(2*K_1+4*K_2)/Ms, where mu_0 is the vacuum permeability. Coercivity: Hc=Hk. Maximum energy product (upper limit)=(1/4)*mu_0*Ms^2, note this value can only be reached if the demagnetization factor is D=0.5 and Hc>0.5*Ms."
      },
      "domain wall width": {
        "value": null
      },
      "domain wall info": {
        "value": null
      },
      "exchange stiffness": {
        "value": null
      },
      "exchange stiffness info": {
        "value": null
      }
    },
    "additional information": {
      "authors": {
        "value": ["ICCRAM"]
      },
      "reference": {
        "value": null
      },
      "comments": {
        "value": "Hardness parameter=0.417"
      },
      "attached files": {
        "value": [
"Fe20Ge4_#139_1N.cif",
"CONTCAR_Fe20Ge4_#139_1N",
"Fe20Ge4_#139_1N.png"
]
      },
      "attached files info": {
        "value": null
      }
    }
  }
}
