{
  "confidential": {
  "value": false
  }, 
  "name": "NOVAMAG_theory_ICCRAM_Fe24Ge6_#166_1N",
  "properties": {
    "approach": {
      "value": "theory"
    },
    "summary": {
      "value": "crystal, energy, magnetization, MAE"
    },
    "chemistry": {
      "chemical formula": {
        "value": "Fe24Ge6"
      },
      "production info": {
        "value": "initial POSCAR from NOVAMAG library http://crono.ubu.es/novamag/show_item_features?mafid=638"
      }
    },
    "crystal": {
      "compound space group": {
        "value": 166
      },
      "unit cell volume": {
        "value": 352.403744
      },
      "lattice parameters": {
        "value": [
          4.02785,
          4.02785,
          25.08211
        ]
      },
      "lattice angles": {
        "value": [
          90.00000,
          90.00000,
          120.00000
        ]
      },
      "atomic positions": {
        "value": [
"Fe1(3b)",
0.00000,
0.00000,
0.50000,
"Fe2(6c)",
0.00000,
0.00000,
0.39992,
"Fe3(3a)",
0.00000,
0.00000,
0.00000,
"Fe4(6c)",
0.00000,
0.00000,
-0.09953,
"Fe5(6c)",
0.00000,
0.00000,
0.30296,
"Ge1(6c)",
0.00000,
0.00000,
0.79479
]
      },
      "crystal info": {
        "value": "software VASP (vasp.5.4.4), k-points mesh 17x17x2, Ecut-off=401.823 eV, PAW_PBE, Fe:PAW_PBE:06Sep2000, Ge:PAW_PBE:05Jan2001, Pressure=0.0 kbar, temperature=0K"
      }
    },
    "thermodynamics": {
      "unit cell energy": {
        "value": -226.06741549
      },
      "unit cell formation enthalpy": {
        "value": -1.419163
      },
      "energy info": {
        "value": "software VASP (vasp.5.4.4), k-points mesh 17x17x2, Ecut-off=401.823 eV, PAW_PBE, Fe:PAW_PBE:06Sep2000, Ge:PAW_PBE:05Jan2001, Pressure=0.0 kbar, temperature=0K"
      },
      "interatomic potentials info": {
        "value": null
      },
      "magnetic free energy": {
        "value": null
      },
      "magnetic free energy info": {
        "value": null
      }
    },
    "magnetics": {
      "unit cell spin polarization": {
        "value": 46.173
      },
      "atomic spin specie": {
        "value": [
"1 Fe",
0.631,
"2 Fe",
0.576,
"3 Fe",
0.576,
"4 Fe",
2.443,
"5 Fe",
2.443,
"6 Fe",
2.444,
"7 Fe",
2.445,
"8 Fe",
2.445,
"9 Fe",
2.444,
"10 Fe",
2.512,
"11 Fe",
2.515,
"12 Fe",
2.515,
"13 Fe",
1.632,
"14 Fe",
1.632,
"15 Fe",
1.633,
"16 Fe",
1.636,
"17 Fe",
1.636,
"18 Fe",
1.633,
"19 Fe",
2.159,
"20 Fe",
2.159,
"21 Fe",
2.156,
"22 Fe",
2.157,
"23 Fe",
2.157,
"24 Fe",
2.156,
"25 Ge",
-0.094,
"26 Ge",
-0.094,
"27 Ge",
-0.095,
"28 Ge",
-0.094,
"29 Ge",
-0.094,
"30 Ge",
-0.095
]
      },
      "saturation magnetization": {
        "value": 1.526
      },
      "magnetization temperature": {
        "value": 0
      },
      "magnetization info": {
        "value": "software VASP (vasp.5.4.4), k-points mesh 17x17x2, Ecut-off=401.823 eV, PAW_PBE, Fe:PAW_PBE:06Sep2000, Ge:PAW_PBE:05Jan2001, Pressure=0.0 kbar, temperature=0K"
      },
      "magnetocrystalline anisotropy energy": {
        "value": [
0.0000000000000000,0,1.0000000000000000,-226.26025025,0.2588190451025207,0,0.9659258262890683,-226.26026232,0.5000000000000000,0,0.8660254037844386,-226.26029729,0.7071067811865476,0,0.7071067811865476,-226.26034755,0.8660254037844386,0,0.5000000000000000,-226.26039835,1.0000000000000000,0,0.0000000000000000,-226.26045304]
      },
      "anisotropy energy type": {
        "value": "uniaxial"
      },
      "magnetocrystalline anisotropy constants": {
        "value": [
-0.084,-0.007]
      },
      "kind of anisotropy": {
        "value": "easy plane"
      },
      "anisotropy info": {
        "value": "software VASP (vasp.5.4.4) with spin-orbit coupling, k-points mesh 17x17x2, Ecut-off=401.823 eV, PAW_PBE, Fe:PAW_PBE:06Sep2000, Ge:PAW_PBE:05Jan2001, Pressure=0.0 kbar, temperature=0K"
      },
      "exchange integrals": {
        "value": null
      },
      "exchange info": {
        "value": null
      },
      "magnetic order": {
        "value": null
      },
      "curie temperature": {
        "value": null
      },
      "curie temperature info": {
        "value": null
      },
      "anisotropy field": {
        "value": null
      },
      "remanence": {
        "value": null
      },
      "coercivity": {
        "value": null
      },
      "energy product": {
        "value": null
      },
      "hysteresis info": {
        "value": null
      },
      "domain wall width": {
        "value": null
      },
      "domain wall info": {
        "value": null
      },
      "exchange stiffness": {
        "value": null
      },
      "exchange stiffness info": {
        "value": null
      }
    },
    "additional information": {
      "authors": {
        "value": ["ICCRAM"]
      },
      "reference": {
        "value": null
      },
      "comments": {
        "value": null
      },
      "attached files": {
        "value": [
"Fe24Ge6_#166_1N.cif",
"CONTCAR_Fe24Ge6_#166_1N",
"Fe24Ge6_#166_1N.png"
]
      },
      "attached files info": {
        "value": null
      }
    }
  }
}
