{
  "confidential": {
  "value": false
  }, 
  "name": "NOVAMAG_theory_ICCRAM_Fe3Ge3_#191_1N",
  "properties": {
    "approach": {
      "value": "theory"
    },
    "summary": {
      "value": "crystal, energy, magnetization, MAE, coercivity, energy product"
    },
    "chemistry": {
      "chemical formula": {
        "value": "Fe3Ge3"
      },
      "production info": {
        "value": "initial POSCAR from NOVAMAG library http://crono.ubu.es/novamag/show_item_features?mafid=611"
      }
    },
    "crystal": {
      "compound space group": {
        "value": 191
      },
      "unit cell volume": {
        "value": 86.296113
      },
      "lattice parameters": {
        "value": [
          4.96155,
          4.96155,
          4.04787
        ]
      },
      "lattice angles": {
        "value": [
          90.00000,
          90.00000,
          120.00000
        ]
      },
      "atomic positions": {
        "value": [
"Fe1(3g)",
0.50000,
0.00000,
0.50000,
"Ge1(2c)",
0.33333,
0.66667,
0.00000,
"Ge2(1b)",
0.00000,
0.00000,
0.50000
]
      },
      "crystal info": {
        "value": "software VASP (vasp.5.4.4), k-points mesh 14x14x15, Ecut-off=401.823 eV, PAW_PBE, Fe:PAW_PBE:06Sep2000, Ge:PAW_PBE:05Jan2001, Pressure=0.0 kbar, temperature=0K"
      }
    },
    "thermodynamics": {
      "unit cell energy": {
        "value": -38.95866289
      },
      "unit cell formation enthalpy": {
        "value": -0.769258
      },
      "energy info": {
        "value": "software VASP (vasp.5.4.4), k-points mesh 14x14x15, Ecut-off=401.823 eV, PAW_PBE, Fe:PAW_PBE:06Sep2000, Ge:PAW_PBE:05Jan2001, Pressure=0.0 kbar, temperature=0K"
      },
      "interatomic potentials info": {
        "value": null
      },
      "magnetic free energy": {
        "value": null
      },
      "magnetic free energy info": {
        "value": null
      }
    },
    "magnetics": {
      "unit cell spin polarization": {
        "value": 4.042
      },
      "atomic spin specie": {
        "value": [
"1 Fe",
1.419,
"2 Fe",
1.419,
"3 Fe",
1.419,
"4 Ge",
-0.061,
"5 Ge",
-0.061,
"6 Ge",
-0.093
]
      },
      "saturation magnetization": {
        "value": 0.546
      },
      "magnetization temperature": {
        "value": 0
      },
      "magnetization info": {
        "value": "software VASP (vasp.5.4.4), k-points mesh 14x14x15, Ecut-off=401.823 eV, PAW_PBE, Fe:PAW_PBE:06Sep2000, Ge:PAW_PBE:05Jan2001, Pressure=0.0 kbar, temperature=0K"
      },
      "magnetocrystalline anisotropy energy": {
        "value": [
0.0000000000000000,0,1.0000000000000000,-38.99633702,0.2588190451025207,0,0.9659258262890683,-38.99631858,0.5000000000000000,0,0.8660254037844386,-38.99627347,0.7071067811865476,0,0.7071067811865476,-38.99621153,0.8660254037844386,0,0.5000000000000000,-38.99614827,1.0000000000000000,0,0.0000000000000000,-38.99608255]
      },
      "anisotropy energy type": {
        "value": "uniaxial"
      },
      "magnetocrystalline anisotropy constants": {
        "value": [
0.463,0.008]
      },
      "kind of anisotropy": {
        "value": "easy axis"
      },
      "anisotropy info": {
        "value": "software VASP (vasp.5.4.4) with spin-orbit coupling, k-points mesh 14x14x15, Ecut-off=401.823 eV, PAW_PBE, Fe:PAW_PBE:06Sep2000, Ge:PAW_PBE:05Jan2001, Pressure=0.0 kbar, temperature=0K"
      },
      "exchange integrals": {
        "value": null
      },
      "exchange info": {
        "value": null
      },
      "magnetic order": {
        "value": null
      },
      "curie temperature": {
        "value": null
      },
      "curie temperature info": {
        "value": null
      },
      "anisotropy field": {
        "value": 2.205
      },
      "remanence": {
        "value": 0.546
      },
      "coercivity": {
        "value": 2.205
      },
      "energy product": {
        "value": 59.308
      },
      "hysteresis info": {
        "value": "Stoner-Wohlfarth model without shape anisotropy, perfectly rectangular hysteresis loop, temperature = 0 K. Remanence equals to saturation magnetization (Ms). Anisotropy field: mu_0*Hk=(2*K_1+4*K_2)/Ms, where mu_0 is the vacuum permeability. Coercivity: Hc=Hk. Maximum energy product (upper limit)=(1/4)*mu_0*Ms^2, note this value can only be reached if the demagnetization factor is D=0.5 and Hc>0.5*Ms."
      },
      "domain wall width": {
        "value": null
      },
      "domain wall info": {
        "value": null
      },
      "exchange stiffness": {
        "value": null
      },
      "exchange stiffness info": {
        "value": null
      }
    },
    "additional information": {
      "authors": {
        "value": ["ICCRAM"]
      },
      "reference": {
        "value": null
      },
      "comments": {
        "value": "Hardness parameter=1.397"
      },
      "attached files": {
        "value": [
"Fe3Ge3_#191_1N.cif",
"CONTCAR_Fe3Ge3_#191_1N",
"Fe3Ge3_#191_1N.png"
]
      },
      "attached files info": {
        "value": null
      }
    }
  }
}
