{
  "confidential": {
  "value": false
  }, 
  "name": "NOVAMAG_theory_ICCRAM_Fe5Ge3_#187_1N",
  "properties": {
    "approach": {
      "value": "theory"
    },
    "summary": {
      "value": "crystal, energy, magnetization, MAE"
    },
    "chemistry": {
      "chemical formula": {
        "value": "Fe5Ge3"
      },
      "production info": {
        "value": "initial POSCAR from NOVAMAG library http://crono.ubu.es/novamag/show_item_features?mafid=714"
      }
    },
    "crystal": {
      "compound space group": {
        "value": 187
      },
      "unit cell volume": {
        "value": 105.440085
      },
      "lattice parameters": {
        "value": [
          4.03668,
          4.03668,
          7.47181
        ]
      },
      "lattice angles": {
        "value": [
          90.00000,
          90.00000,
          120.00000
        ]
      },
      "atomic positions": {
        "value": [
"Fe1(2g)",
0.00000,
0.00000,
0.33538,
"Fe2(2i)",
0.66667,
0.33333,
0.17780,
"Fe3(1a)",
0.00000,
0.00000,
0.00000,
"Ge1(2h)",
0.33333,
0.66667,
0.18471,
"Ge2(1f)",
0.66667,
0.33333,
0.50000
]
      },
      "crystal info": {
        "value": "software VASP (vasp.5.4.4), k-points mesh 17x17x8, Ecut-off=401.823 eV, PAW_PBE, Fe:PAW_PBE:06Sep2000, Ge:PAW_PBE:05Jan2001, Pressure=0.0 kbar, temperature=0K"
      }
    },
    "thermodynamics": {
      "unit cell energy": {
        "value": -55.06313929
      },
      "unit cell formation enthalpy": {
        "value": -0.399352
      },
      "energy info": {
        "value": "software VASP (vasp.5.4.4), k-points mesh 17x17x8, Ecut-off=401.823 eV, PAW_PBE, Fe:PAW_PBE:06Sep2000, Ge:PAW_PBE:05Jan2001, Pressure=0.0 kbar, temperature=0K"
      },
      "interatomic potentials info": {
        "value": null
      },
      "magnetic free energy": {
        "value": null
      },
      "magnetic free energy info": {
        "value": null
      }
    },
    "magnetics": {
      "unit cell spin polarization": {
        "value": 9.210
      },
      "atomic spin specie": {
        "value": [
"1 Fe",
2.216,
"2 Fe",
2.216,
"3 Fe",
1.506,
"4 Fe",
1.506,
"5 Fe",
2.078,
"6 Ge",
-0.088,
"7 Ge",
-0.088,
"8 Ge",
-0.135
]
      },
      "saturation magnetization": {
        "value": 1.017
      },
      "magnetization temperature": {
        "value": 0
      },
      "magnetization info": {
        "value": "software VASP (vasp.5.4.4), k-points mesh 17x17x8, Ecut-off=401.823 eV, PAW_PBE, Fe:PAW_PBE:06Sep2000, Ge:PAW_PBE:05Jan2001, Pressure=0.0 kbar, temperature=0K"
      },
      "magnetocrystalline anisotropy energy": {
        "value": [
0.0000000000000000,0,1.0000000000000000,-55.11509365,0.2588190451025207,0,0.9659258262890683,-55.11510191,0.5000000000000000,0,0.8660254037844386,-55.11512019,0.7071067811865476,0,0.7071067811865476,-55.11513669,0.8660254037844386,0,0.5000000000000000,-55.11515783,1.0000000000000000,0,0.0000000000000000,-55.11518769]
      },
      "anisotropy energy type": {
        "value": "uniaxial"
      },
      "magnetocrystalline anisotropy constants": {
        "value": [
-0.131,-0.008]
      },
      "kind of anisotropy": {
        "value": "easy plane"
      },
      "anisotropy info": {
        "value": "software VASP (vasp.5.4.4) with spin-orbit coupling, k-points mesh 17x17x8, Ecut-off=401.823 eV, PAW_PBE, Fe:PAW_PBE:06Sep2000, Ge:PAW_PBE:05Jan2001, Pressure=0.0 kbar, temperature=0K"
      },
      "exchange integrals": {
        "value": null
      },
      "exchange info": {
        "value": null
      },
      "magnetic order": {
        "value": null
      },
      "curie temperature": {
        "value": null
      },
      "curie temperature info": {
        "value": null
      },
      "anisotropy field": {
        "value": null
      },
      "remanence": {
        "value": null
      },
      "coercivity": {
        "value": null
      },
      "energy product": {
        "value": null
      },
      "hysteresis info": {
        "value": null
      },
      "domain wall width": {
        "value": null
      },
      "domain wall info": {
        "value": null
      },
      "exchange stiffness": {
        "value": null
      },
      "exchange stiffness info": {
        "value": null
      }
    },
    "additional information": {
      "authors": {
        "value": ["ICCRAM"]
      },
      "reference": {
        "value": null
      },
      "comments": {
        "value": null
      },
      "attached files": {
        "value": [
"Fe5Ge3_#187_1N.cif",
"CONTCAR_Fe5Ge3_#187_1N",
"Fe5Ge3_#187_1N.png"
]
      },
      "attached files info": {
        "value": null
      }
    }
  }
}
