{
  "confidential": {
  "value": false
  }, 
  "name": "NOVAMAG_theory_ICCRAM_Fe6Ge6_#107_1N",
  "properties": {
    "approach": {
      "value": "theory"
    },
    "summary": {
      "value": "crystal, energy, magnetization, MAE, coercivity, energy product"
    },
    "chemistry": {
      "chemical formula": {
        "value": "Fe6Ge6"
      },
      "production info": {
        "value": "initial POSCAR from NOVAMAG library http://crono.ubu.es/novamag/show_item_features?mafid=619"
      }
    },
    "crystal": {
      "compound space group": {
        "value": 107
      },
      "unit cell volume": {
        "value": 164.214132
      },
      "lattice parameters": {
        "value": [
          2.91366,
          2.91366,
          19.34334
        ]
      },
      "lattice angles": {
        "value": [
          90.00000,
          90.00000,
          90.00000
        ]
      },
      "atomic positions": {
        "value": [
"Fe1(2a)",
0.00000,
0.00000,
0.38483,
"Fe2(2a)",
0.00000,
0.00000,
0.23239,
"Fe3(2a)",
0.00000,
0.00000,
-0.04422,
"Ge1(2a)",
0.00000,
0.00000,
0.66001,
"Ge2(2a)",
0.00000,
0.00000,
0.81044,
"Ge3(2a)",
0.00000,
0.00000,
0.52917
]
      },
      "crystal info": {
        "value": "software VASP (vasp.5.4.4), k-points mesh 21x21x3, Ecut-off=401.823 eV, PAW_PBE, Fe:PAW_PBE:06Sep2000, Ge:PAW_PBE:05Jan2001, Pressure=0.0 kbar, temperature=0K"
      }
    },
    "thermodynamics": {
      "unit cell energy": {
        "value": -76.56154170
      },
      "unit cell formation enthalpy": {
        "value": -0.182733
      },
      "energy info": {
        "value": "software VASP (vasp.5.4.4), k-points mesh 21x21x3, Ecut-off=401.823 eV, PAW_PBE, Fe:PAW_PBE:06Sep2000, Ge:PAW_PBE:05Jan2001, Pressure=0.0 kbar, temperature=0K"
      },
      "interatomic potentials info": {
        "value": null
      },
      "magnetic free energy": {
        "value": null
      },
      "magnetic free energy info": {
        "value": null
      }
    },
    "magnetics": {
      "unit cell spin polarization": {
        "value": 8.017
      },
      "atomic spin specie": {
        "value": [
"1 Fe",
2.127,
"2 Fe",
2.127,
"3 Fe",
-0.144,
"4 Fe",
-0.144,
"5 Fe",
2.113,
"6 Fe",
2.113,
"7 Ge",
-0.010,
"8 Ge",
-0.010,
"9 Ge",
-0.028,
"10 Ge",
-0.028,
"11 Ge",
-0.050,
"12 Ge",
-0.050
]
      },
      "saturation magnetization": {
        "value": 0.569
      },
      "magnetization temperature": {
        "value": 0
      },
      "magnetization info": {
        "value": "software VASP (vasp.5.4.4), k-points mesh 21x21x3, Ecut-off=401.823 eV, PAW_PBE, Fe:PAW_PBE:06Sep2000, Ge:PAW_PBE:05Jan2001, Pressure=0.0 kbar, temperature=0K"
      },
      "magnetocrystalline anisotropy energy": {
        "value": [
0.0000000000000000,0,1.0000000000000000,-76.63395279,0.2588190451025207,0,0.9659258262890683,-76.63392266,0.5000000000000000,0,0.8660254037844386,-76.63383952,0.7071067811865476,0,0.7071067811865476,-76.63373969,0.8660254037844386,0,0.5000000000000000,-76.63363532,1.0000000000000000,0,0.0000000000000000,-76.63353380]
      },
      "anisotropy energy type": {
        "value": "uniaxial"
      },
      "magnetocrystalline anisotropy constants": {
        "value": [
0.433,-0.024]
      },
      "kind of anisotropy": {
        "value": "easy axis"
      },
      "anisotropy info": {
        "value": "software VASP (vasp.5.4.4) with spin-orbit coupling, k-points mesh 21x21x3, Ecut-off=401.823 eV, PAW_PBE, Fe:PAW_PBE:06Sep2000, Ge:PAW_PBE:05Jan2001, Pressure=0.0 kbar, temperature=0K"
      },
      "exchange integrals": {
        "value": null
      },
      "exchange info": {
        "value": null
      },
      "magnetic order": {
        "value": null
      },
      "curie temperature": {
        "value": null
      },
      "curie temperature info": {
        "value": null
      },
      "anisotropy field": {
        "value": 1.701
      },
      "remanence": {
        "value": 0.569
      },
      "coercivity": {
        "value": 1.701
      },
      "energy product": {
        "value": 64.410
      },
      "hysteresis info": {
        "value": "Stoner-Wohlfarth model without shape anisotropy, perfectly rectangular hysteresis loop, temperature = 0 K. Remanence equals to saturation magnetization (Ms). Anisotropy field: mu_0*Hk=(2*K_1+4*K_2)/Ms, where mu_0 is the vacuum permeability. Coercivity: Hc=Hk. Maximum energy product (upper limit)=(1/4)*mu_0*Ms^2, note this value can only be reached if the demagnetization factor is D=0.5 and Hc>0.5*Ms."
      },
      "domain wall width": {
        "value": null
      },
      "domain wall info": {
        "value": null
      },
      "exchange stiffness": {
        "value": null
      },
      "exchange stiffness info": {
        "value": null
      }
    },
    "additional information": {
      "authors": {
        "value": ["ICCRAM"]
      },
      "reference": {
        "value": null
      },
      "comments": {
        "value": "Hardness parameter=1.296"
      },
      "attached files": {
        "value": [
"Fe6Ge6_#107_1N.cif",
"CONTCAR_Fe6Ge6_#107_1N",
"Fe6Ge6_#107_1N.png"
]
      },
      "attached files info": {
        "value": null
      }
    }
  }
}
