{
  "confidential": {
  "value": false
  }, 
  "name": "NOVAMAG_theory_ICCRAM_Fe6Ge2_#194_1N",
  "properties": {
    "approach": {
      "value": "theory"
    },
    "summary": {
      "value": "crystal, energy, magnetization, MAE"
    },
    "chemistry": {
      "chemical formula": {
        "value": "Fe6Ge2"
      },
      "production info": {
        "value": "initial POSCAR from NOVAMAG library http://crono.ubu.es/novamag/show_item_features?mafid=686"
      }
    },
    "crystal": {
      "compound space group": {
        "value": 194
      },
      "unit cell volume": {
        "value": 96.305847
      },
      "lattice parameters": {
        "value": [
          5.13613,
          5.13613,
          4.21551
        ]
      },
      "lattice angles": {
        "value": [
          90.00000,
          90.00000,
          120.00000
        ]
      },
      "atomic positions": {
        "value": [
"Fe1(6h)",
0.83819,
0.67637,
0.25000,
"Ge1(2c)",
0.33333,
0.66667,
0.25000
]
      },
      "crystal info": {
        "value": "software VASP (vasp.5.4.4), k-points mesh 13x13x14, Ecut-off=401.823 eV, PAW_PBE, Fe:PAW_PBE:06Sep2000, Ge:PAW_PBE:05Jan2001, Pressure=0.0 kbar, temperature=0K"
      }
    },
    "thermodynamics": {
      "unit cell energy": {
        "value": -59.20643128
      },
      "unit cell formation enthalpy": {
        "value": -0.798063
      },
      "energy info": {
        "value": "software VASP (vasp.5.4.4), k-points mesh 13x13x14, Ecut-off=401.823 eV, PAW_PBE, Fe:PAW_PBE:06Sep2000, Ge:PAW_PBE:05Jan2001, Pressure=0.0 kbar, temperature=0K"
      },
      "interatomic potentials info": {
        "value": null
      },
      "magnetic free energy": {
        "value": null
      },
      "magnetic free energy info": {
        "value": null
      }
    },
    "magnetics": {
      "unit cell spin polarization": {
        "value": 12.795
      },
      "atomic spin specie": {
        "value": [
"1 Fe",
2.179,
"2 Fe",
2.179,
"3 Fe",
2.179,
"4 Fe",
2.179,
"5 Fe",
2.179,
"6 Fe",
2.179,
"7 Ge",
-0.139,
"8 Ge",
-0.139
]
      },
      "saturation magnetization": {
        "value": 1.548
      },
      "magnetization temperature": {
        "value": 0
      },
      "magnetization info": {
        "value": "software VASP (vasp.5.4.4), k-points mesh 13x13x14, Ecut-off=401.823 eV, PAW_PBE, Fe:PAW_PBE:06Sep2000, Ge:PAW_PBE:05Jan2001, Pressure=0.0 kbar, temperature=0K"
      },
      "magnetocrystalline anisotropy energy": {
        "value": [
0.0000000000000000,0,1.0000000000000000,-59.25844514,0.2588190451025207,0,0.9659258262890683,-59.25845785,0.5000000000000000,0,0.8660254037844386,-59.25849836,0.7071067811865476,0,0.7071067811865476,-59.25856136,0.8660254037844386,0,0.5000000000000000,-59.25862296,1.0000000000000000,0,0.0000000000000000,-59.25868431]
      },
      "anisotropy energy type": {
        "value": "uniaxial"
      },
      "magnetocrystalline anisotropy constants": {
        "value": [
-0.365,-0.033]
      },
      "kind of anisotropy": {
        "value": "easy plane"
      },
      "anisotropy info": {
        "value": "software VASP (vasp.5.4.4) with spin-orbit coupling, k-points mesh 13x13x14, Ecut-off=401.823 eV, PAW_PBE, Fe:PAW_PBE:06Sep2000, Ge:PAW_PBE:05Jan2001, Pressure=0.0 kbar, temperature=0K"
      },
      "exchange integrals": {
        "value": null
      },
      "exchange info": {
        "value": null
      },
      "magnetic order": {
        "value": null
      },
      "curie temperature": {
        "value": null
      },
      "curie temperature info": {
        "value": null
      },
      "anisotropy field": {
        "value": null
      },
      "remanence": {
        "value": null
      },
      "coercivity": {
        "value": null
      },
      "energy product": {
        "value": null
      },
      "hysteresis info": {
        "value": null
      },
      "domain wall width": {
        "value": null
      },
      "domain wall info": {
        "value": null
      },
      "exchange stiffness": {
        "value": null
      },
      "exchange stiffness info": {
        "value": null
      }
    },
    "additional information": {
      "authors": {
        "value": ["ICCRAM"]
      },
      "reference": {
        "value": null
      },
      "comments": {
        "value": null
      },
      "attached files": {
        "value": [
"Fe6Ge2_#194_1N.cif",
"CONTCAR_Fe6Ge2_#194_1N",
"Fe6Ge2_#194_1N.png"
]
      },
      "attached files info": {
        "value": null
      }
    }
  }
}
