{
  "confidential": {
  "value": false
  }, 
  "name": "NOVAMAG_theory_ICCRAM_Fe12Pt20_#140_1A",
  "properties": {
    "approach": {
      "value": "theory"
    },
    "summary": {
      "value": "crystal, energy, magnetization, MAE"
    },
    "chemistry": {
      "chemical formula": {
        "value": "Fe12Pt20"
      },
      "production info": {
        "value": "initial POSCAR from AFLOW library http://aflow.org/material.php?id=Fe_pvPt/254"
      }
    },
    "crystal": {
      "compound space group": {
        "value": 140
      },
      "unit cell volume": {
        "value": 476.397379
      },
      "lattice parameters": {
        "value": [
          9.79368,
          9.79368,
          4.96681
        ]
      },
      "lattice angles": {
        "value": [
          90.00000,
          90.00000,
          90.00000
        ]
      },
      "atomic positions": {
        "value": [
"Fe1(8h)",
0.66675,
0.16675,
0.00000,
"Fe2(4a)",
0.00000,
0.00000,
0.25000,
"Pt1(16k)",
0.07382,
0.77629,
0.00000,
"Pt2(4b)",
0.00000,
0.50000,
0.25000
]
      },
      "crystal info": {
        "value": "software VASP (vasp.5.4.4), k-points mesh 6x6x12, Ecut-off=401.823 eV, PAW_PBE, Fe:PAW_PBE:06Sep2000, Pt:PAW_PBE:04Feb2005, Pressure=0.0 kbar, temperature=0K"
      }
    },
    "thermodynamics": {
      "unit cell energy": {
        "value": -220.78873653
      },
      "unit cell formation enthalpy": {
        "value": 0.002064
      },
      "energy info": {
        "value": "software VASP (vasp.5.4.4), k-points mesh 6x6x12, Ecut-off=401.823 eV, PAW_PBE, Fe:PAW_PBE:06Sep2000, Pt:PAW_PBE:04Feb2005, Pressure=0.0 kbar, temperature=0K"
      },
      "interatomic potentials info": {
        "value": null
      },
      "magnetic free energy": {
        "value": null
      },
      "magnetic free energy info": {
        "value": null
      }
    },
    "magnetics": {
      "unit cell spin polarization": {
        "value": 43.918
      },
      "atomic spin specie": {
        "value": [
"1 Fe",
3.155,
"2 Fe",
3.155,
"3 Fe",
3.155,
"4 Fe",
3.155,
"5 Fe",
3.155,
"6 Fe",
3.156,
"7 Fe",
3.155,
"8 Fe",
3.155,
"9 Fe",
2.939,
"10 Fe",
2.936,
"11 Fe",
2.938,
"12 Fe",
2.940,
"13 Pt",
0.350,
"14 Pt",
0.351,
"15 Pt",
0.351,
"16 Pt",
0.350,
"17 Pt",
0.350,
"18 Pt",
0.351,
"19 Pt",
0.351,
"20 Pt",
0.350,
"21 Pt",
0.350,
"22 Pt",
0.351,
"23 Pt",
0.351,
"24 Pt",
0.350,
"25 Pt",
0.350,
"26 Pt",
0.351,
"27 Pt",
0.351,
"28 Pt",
0.350,
"29 Pt",
0.329,
"30 Pt",
0.329,
"31 Pt",
0.329,
"32 Pt",
0.329
]
      },
      "saturation magnetization": {
        "value": 1.074
      },
      "magnetization temperature": {
        "value": 0
      },
      "magnetization info": {
        "value": "software VASP (vasp.5.4.4), k-points mesh 6x6x12, Ecut-off=401.823 eV, PAW_PBE, Fe:PAW_PBE:06Sep2000, Pt:PAW_PBE:04Feb2005, Pressure=0.0 kbar, temperature=0K"
      },
      "magnetocrystalline anisotropy energy": {
        "value": [
0.0000000000000000,0,1.0000000000000000,-228.10288925,0.2588190451025207,0,0.9659258262890683,-228.10518976,0.5000000000000000,0,0.8660254037844386,-228.11156422,0.7071067811865476,0,0.7071067811865476,-228.12066080,0.8660254037844386,0,0.5000000000000000,-228.12985834,1.0000000000000000,0,0.0000000000000000,-228.13899152]
      },
      "anisotropy energy type": {
        "value": "uniaxial"
      },
      "magnetocrystalline anisotropy constants": {
        "value": [
-11.708,-0.463]
      },
      "kind of anisotropy": {
        "value": "easy plane"
      },
      "anisotropy info": {
        "value": "software VASP (vasp.5.4.4) with spin-orbit coupling, k-points mesh 6x6x12, Ecut-off=401.823 eV, PAW_PBE, Fe:PAW_PBE:06Sep2000, Pt:PAW_PBE:04Feb2005, Pressure=0.0 kbar, temperature=0K"
      },
      "exchange integrals": {
        "value": null
      },
      "exchange info": {
        "value": null
      },
      "magnetic order": {
        "value": null
      },
      "curie temperature": {
        "value": null
      },
      "curie temperature info": {
        "value": null
      },
      "anisotropy field": {
        "value": null
      },
      "remanence": {
        "value": null
      },
      "coercivity": {
        "value": null
      },
      "energy product": {
        "value": null
      },
      "hysteresis info": {
        "value": null
      },
      "domain wall width": {
        "value": null
      },
      "domain wall info": {
        "value": null
      },
      "exchange stiffness": {
        "value": null
      },
      "exchange stiffness info": {
        "value": null
      }
    },
    "additional information": {
      "authors": {
        "value": ["ICCRAM"]
      },
      "reference": {
        "value": "S. Curtarolo et al. Computational Materials Science 58 (2012) 218-226"
      },
      "comments": {
        "value": null
      },
      "attached files": {
        "value": [
"Fe12Pt20_#140_1A.cif",
"CONTCAR_Fe12Pt20_#140_1A",
"Fe12Pt20_#140_1A.png"
]
      },
      "attached files info": {
        "value": null
      }
    }
  }
}
