{
  "confidential": {
  "value": false
  }, 
  "name": "NOVAMAG_theory_ICCRAM_Fe16Pt2_#139_1A",
  "properties": {
    "approach": {
      "value": "theory"
    },
    "summary": {
      "value": "crystal, energy, magnetization, MAE"
    },
    "chemistry": {
      "chemical formula": {
        "value": "Fe16Pt2"
      },
      "production info": {
        "value": "initial POSCAR from AFLOW library http://aflow.org/material.php?id=Fe_pvPt/311"
      }
    },
    "crystal": {
      "compound space group": {
        "value": 139
      },
      "unit cell volume": {
        "value": 220.857862
      },
      "lattice parameters": {
        "value": [
          8.71976,
          8.71976,
          2.90471
        ]
      },
      "lattice angles": {
        "value": [
          90.00000,
          90.00000,
          90.00000
        ]
      },
      "atomic positions": {
        "value": [
"Fe1(8i)",
0.66435,
0.00000,
0.00000,
"Fe2(8h)",
0.32767,
0.32767,
0.00000,
"Pt1(2a)",
0.00000,
0.00000,
0.00000
]
      },
      "crystal info": {
        "value": "software VASP (vasp.5.4.4), k-points mesh 7x7x21, Ecut-off=401.823 eV, PAW_PBE, Fe:PAW_PBE:06Sep2000, Pt:PAW_PBE:04Feb2005, Pressure=0.0 kbar, temperature=0K"
      }
    },
    "thermodynamics": {
      "unit cell energy": {
        "value": -144.76120516
      },
      "unit cell formation enthalpy": {
        "value": -0.771694
      },
      "energy info": {
        "value": "software VASP (vasp.5.4.4), k-points mesh 7x7x21, Ecut-off=401.823 eV, PAW_PBE, Fe:PAW_PBE:06Sep2000, Pt:PAW_PBE:04Feb2005, Pressure=0.0 kbar, temperature=0K"
      },
      "interatomic potentials info": {
        "value": null
      },
      "magnetic free energy": {
        "value": null
      },
      "magnetic free energy info": {
        "value": null
      }
    },
    "magnetics": {
      "unit cell spin polarization": {
        "value": 42.351
      },
      "atomic spin specie": {
        "value": [
"1 Fe",
2.544,
"2 Fe",
2.544,
"3 Fe",
2.544,
"4 Fe",
2.544,
"5 Fe",
2.544,
"6 Fe",
2.544,
"7 Fe",
2.544,
"8 Fe",
2.544,
"9 Fe",
2.633,
"10 Fe",
2.634,
"11 Fe",
2.634,
"12 Fe",
2.633,
"13 Fe",
2.633,
"14 Fe",
2.634,
"15 Fe",
2.634,
"16 Fe",
2.633,
"17 Pt",
0.465,
"18 Pt",
0.465
]
      },
      "saturation magnetization": {
        "value": 2.234
      },
      "magnetization temperature": {
        "value": 0
      },
      "magnetization info": {
        "value": "software VASP (vasp.5.4.4), k-points mesh 7x7x21, Ecut-off=401.823 eV, PAW_PBE, Fe:PAW_PBE:06Sep2000, Pt:PAW_PBE:04Feb2005, Pressure=0.0 kbar, temperature=0K"
      },
      "magnetocrystalline anisotropy energy": {
        "value": [
0.0000000000000000,0,1.0000000000000000,-145.61005474,0.2588190451025207,0,0.9659258262890683,-145.61024794,0.5000000000000000,0,0.8660254037844386,-145.61075608,0.7071067811865476,0,0.7071067811865476,-145.61149491,0.8660254037844386,0,0.5000000000000000,-145.61227877,1.0000000000000000,0,0.0000000000000000,-145.61296854]
      },
      "anisotropy energy type": {
        "value": "uniaxial"
      },
      "magnetocrystalline anisotropy constants": {
        "value": [
-2.083,-0.048]
      },
      "kind of anisotropy": {
        "value": "easy plane"
      },
      "anisotropy info": {
        "value": "software VASP (vasp.5.4.4) with spin-orbit coupling, k-points mesh 7x7x21, Ecut-off=401.823 eV, PAW_PBE, Fe:PAW_PBE:06Sep2000, Pt:PAW_PBE:04Feb2005, Pressure=0.0 kbar, temperature=0K"
      },
      "exchange integrals": {
        "value": null
      },
      "exchange info": {
        "value": null
      },
      "magnetic order": {
        "value": null
      },
      "curie temperature": {
        "value": null
      },
      "curie temperature info": {
        "value": null
      },
      "anisotropy field": {
        "value": null
      },
      "remanence": {
        "value": null
      },
      "coercivity": {
        "value": null
      },
      "energy product": {
        "value": null
      },
      "hysteresis info": {
        "value": null
      },
      "domain wall width": {
        "value": null
      },
      "domain wall info": {
        "value": null
      },
      "exchange stiffness": {
        "value": null
      },
      "exchange stiffness info": {
        "value": null
      }
    },
    "additional information": {
      "authors": {
        "value": ["ICCRAM"]
      },
      "reference": {
        "value": "S. Curtarolo et al. Computational Materials Science 58 (2012) 218-226"
      },
      "comments": {
        "value": null
      },
      "attached files": {
        "value": [
"Fe16Pt2_#139_1A.cif",
"CONTCAR_Fe16Pt2_#139_1A",
"Fe16Pt2_#139_1A.png"
]
      },
      "attached files info": {
        "value": null
      }
    }
  }
}
