{
  "confidential": {
  "value": false
  }, 
  "name": "NOVAMAG_theory_ICCRAM_Fe18Pt6_#194_1A",
  "properties": {
    "approach": {
      "value": "theory"
    },
    "summary": {
      "value": "crystal, energy, magnetization, MAE, coercivity, energy product"
    },
    "chemistry": {
      "chemical formula": {
        "value": "Fe18Pt6"
      },
      "production info": {
        "value": "initial POSCAR from AFLOW library http://aflow.org/material.php?id=Fe_pvPt/239"
      }
    },
    "crystal": {
      "compound space group": {
        "value": 194
      },
      "unit cell volume": {
        "value": 312.152752
      },
      "lattice parameters": {
        "value": [
          5.26916,
          5.26916,
          12.98239
        ]
      },
      "lattice angles": {
        "value": [
          90.00000,
          90.00000,
          120.00000
        ]
      },
      "atomic positions": {
        "value": [
"Fe1(6h)",
0.50439,
0.00877,
0.25000,
"Fe2(12k)",
0.16652,
0.33305,
-0.08274,
"Pt1(2b)",
0.00000,
0.00000,
0.25000,
"Pt2(4f)",
0.33333,
0.66667,
0.08410
]
      },
      "crystal info": {
        "value": "software VASP (vasp.5.4.4), k-points mesh 13x13x5, Ecut-off=401.823 eV, PAW_PBE, Fe:PAW_PBE:06Sep2000, Pt:PAW_PBE:04Feb2005, Pressure=0.0 kbar, temperature=0K"
      }
    },
    "thermodynamics": {
      "unit cell energy": {
        "value": -186.40034397
      },
      "unit cell formation enthalpy": {
        "value": -1.547549
      },
      "energy info": {
        "value": "software VASP (vasp.5.4.4), k-points mesh 13x13x5, Ecut-off=401.823 eV, PAW_PBE, Fe:PAW_PBE:06Sep2000, Pt:PAW_PBE:04Feb2005, Pressure=0.0 kbar, temperature=0K"
      },
      "interatomic potentials info": {
        "value": null
      },
      "magnetic free energy": {
        "value": null
      },
      "magnetic free energy info": {
        "value": null
      }
    },
    "magnetics": {
      "unit cell spin polarization": {
        "value": 50.403
      },
      "atomic spin specie": {
        "value": [
"1 Fe",
2.719,
"2 Fe",
2.719,
"3 Fe",
2.719,
"4 Fe",
2.719,
"5 Fe",
2.719,
"6 Fe",
2.719,
"7 Fe",
2.690,
"8 Fe",
2.690,
"9 Fe",
2.690,
"10 Fe",
2.690,
"11 Fe",
2.690,
"12 Fe",
2.690,
"13 Fe",
2.690,
"14 Fe",
2.690,
"15 Fe",
2.690,
"16 Fe",
2.690,
"17 Fe",
2.690,
"18 Fe",
2.690,
"19 Pt",
0.301,
"20 Pt",
0.301,
"21 Pt",
0.302,
"22 Pt",
0.302,
"23 Pt",
0.302,
"24 Pt",
0.302
]
      },
      "saturation magnetization": {
        "value": 1.881
      },
      "magnetization temperature": {
        "value": 0
      },
      "magnetization info": {
        "value": "software VASP (vasp.5.4.4), k-points mesh 13x13x5, Ecut-off=401.823 eV, PAW_PBE, Fe:PAW_PBE:06Sep2000, Pt:PAW_PBE:04Feb2005, Pressure=0.0 kbar, temperature=0K"
      },
      "magnetocrystalline anisotropy energy": {
        "value": [
0.0000000000000000,0,1.0000000000000000,-188.77134996,0.2588190451025207,0,0.9659258262890683,-188.77104321,0.5000000000000000,0,0.8660254037844386,-188.77025842,0.7071067811865476,0,0.7071067811865476,-188.76930754,0.8660254037844386,0,0.5000000000000000,-188.76840745,1.0000000000000000,0,0.0000000000000000,-188.76767815]
      },
      "anisotropy energy type": {
        "value": "uniaxial"
      },
      "magnetocrystalline anisotropy constants": {
        "value": [
2.338,-0.441]
      },
      "kind of anisotropy": {
        "value": "easy axis"
      },
      "anisotropy info": {
        "value": "software VASP (vasp.5.4.4) with spin-orbit coupling, k-points mesh 13x13x5, Ecut-off=401.823 eV, PAW_PBE, Fe:PAW_PBE:06Sep2000, Pt:PAW_PBE:04Feb2005, Pressure=0.0 kbar, temperature=0K"
      },
      "exchange integrals": {
        "value": null
      },
      "exchange info": {
        "value": null
      },
      "magnetic order": {
        "value": null
      },
      "curie temperature": {
        "value": null
      },
      "curie temperature info": {
        "value": null
      },
      "anisotropy field": {
        "value": 1.945
      },
      "remanence": {
        "value": 1.881
      },
      "coercivity": {
        "value": 1.945
      },
      "energy product": {
        "value": 703.895
      },
      "hysteresis info": {
        "value": "Stoner-Wohlfarth model without shape anisotropy, perfectly rectangular hysteresis loop, temperature = 0 K. Remanence equals to saturation magnetization (Ms). Anisotropy field: mu_0*Hk=(2*K_1+4*K_2)/Ms, where mu_0 is the vacuum permeability. Coercivity: Hc=Hk. Maximum energy product (upper limit)=(1/4)*mu_0*Ms^2, note this value can only be reached if the demagnetization factor is D=0.5 and Hc>0.5*Ms."
      },
      "domain wall width": {
        "value": null
      },
      "domain wall info": {
        "value": null
      },
      "exchange stiffness": {
        "value": null
      },
      "exchange stiffness info": {
        "value": null
      }
    },
    "additional information": {
      "authors": {
        "value": ["ICCRAM"]
      },
      "reference": {
        "value": "S. Curtarolo et al. Computational Materials Science 58 (2012) 218-226"
      },
      "comments": {
        "value": "Hardness parameter=0.911"
      },
      "attached files": {
        "value": [
"Fe18Pt6_#194_1A.cif",
"CONTCAR_Fe18Pt6_#194_1A",
"Fe18Pt6_#194_1A.png"
]
      },
      "attached files info": {
        "value": null
      }
    }
  }
}
