{
  "confidential": {
  "value": false
  }, 
  "name": "NOVAMAG_theory_ICCRAM_Fe2Pt2_#123_1A",
  "properties": {
    "approach": {
      "value": "theory"
    },
    "summary": {
      "value": "crystal, energy, magnetization, MAE, coercivity, energy product"
    },
    "chemistry": {
      "chemical formula": {
        "value": "Fe2Pt2"
      },
      "production info": {
        "value": "initial POSCAR from AFLOW library http://aflow.org/material.php?id=Fe_pvPt/60"
      }
    },
    "crystal": {
      "compound space group": {
        "value": 123
      },
      "unit cell volume": {
        "value": 55.944653
      },
      "lattice parameters": {
        "value": [
          2.72585,
          2.72585,
          3.76466
        ]
      },
      "lattice angles": {
        "value": [
          90.00000,
          90.00000,
          90.00000
        ]
      },
      "atomic positions": {
        "value": [
"Fe1(1a)",
0.00000,
0.00000,
0.00000,
"Pt1(1d)",
0.50000,
0.50000,
0.50000
]
      },
      "crystal info": {
        "value": "software VASP (vasp.5.4.4), k-points mesh 16x16x16, Ecut-off=401.823 eV, PAW_PBE, Fe:PAW_PBE:06Sep2000, Pt:PAW_PBE:04Feb2005, Pressure=0.0 kbar, temperature=0K"
      }
    },
    "thermodynamics": {
      "unit cell energy": {
        "value": -29.61151115
      },
      "unit cell formation enthalpy": {
        "value": -0.942678
      },
      "energy info": {
        "value": "software VASP (vasp.5.4.4), k-points mesh 16x16x16, Ecut-off=401.823 eV, PAW_PBE, Fe:PAW_PBE:06Sep2000, Pt:PAW_PBE:04Feb2005, Pressure=0.0 kbar, temperature=0K"
      },
      "interatomic potentials info": {
        "value": null
      },
      "magnetic free energy": {
        "value": null
      },
      "magnetic free energy info": {
        "value": null
      }
    },
    "magnetics": {
      "unit cell spin polarization": {
        "value": 6.527
      },
      "atomic spin specie": {
        "value": [
"1 Fe",
2.943,
"2 Fe",
2.939,
"3 Pt",
0.323,
"4 Pt",
0.323
]
      },
      "saturation magnetization": {
        "value": 1.359
      },
      "magnetization temperature": {
        "value": 0
      },
      "magnetization info": {
        "value": "software VASP (vasp.5.4.4), k-points mesh 16x16x16, Ecut-off=401.823 eV, PAW_PBE, Fe:PAW_PBE:06Sep2000, Pt:PAW_PBE:04Feb2005, Pressure=0.0 kbar, temperature=0K"
      },
      "magnetocrystalline anisotropy energy": {
        "value": [
0.0000000000000000,0,1.0000000000000000,-30.34468941,0.2588190451025207,0,0.9659258262890683,-30.34433338,0.5000000000000000,0,0.8660254037844386,-30.34333968,0.7071067811865476,0,0.7071067811865476,-30.34195086,0.8660254037844386,0,0.5000000000000000,-30.34053719,1.0000000000000000,0,0.0000000000000000,-30.33908256]
      },
      "anisotropy energy type": {
        "value": "uniaxial"
      },
      "magnetocrystalline anisotropy constants": {
        "value": [
15.285,0.766]
      },
      "kind of anisotropy": {
        "value": "easy axis"
      },
      "anisotropy info": {
        "value": "software VASP (vasp.5.4.4) with spin-orbit coupling, k-points mesh 16x16x16, Ecut-off=401.823 eV, PAW_PBE, Fe:PAW_PBE:06Sep2000, Pt:PAW_PBE:04Feb2005, Pressure=0.0 kbar, temperature=0K"
      },
      "exchange integrals": {
        "value": null
      },
      "exchange info": {
        "value": null
      },
      "magnetic order": {
        "value": null
      },
      "curie temperature": {
        "value": null
      },
      "curie temperature info": {
        "value": null
      },
      "anisotropy field": {
        "value": 31.101
      },
      "remanence": {
        "value": 1.359
      },
      "coercivity": {
        "value": 31.101
      },
      "energy product": {
        "value": 367.425
      },
      "hysteresis info": {
        "value": "Stoner-Wohlfarth model without shape anisotropy, perfectly rectangular hysteresis loop, temperature = 0 K. Remanence equals to saturation magnetization (Ms). Anisotropy field: mu_0*Hk=(2*K_1+4*K_2)/Ms, where mu_0 is the vacuum permeability. Coercivity: Hc=Hk. Maximum energy product (upper limit)=(1/4)*mu_0*Ms^2, note this value can only be reached if the demagnetization factor is D=0.5 and Hc>0.5*Ms."
      },
      "domain wall width": {
        "value": null
      },
      "domain wall info": {
        "value": null
      },
      "exchange stiffness": {
        "value": null
      },
      "exchange stiffness info": {
        "value": null
      }
    },
    "additional information": {
      "authors": {
        "value": ["ICCRAM"]
      },
      "reference": {
        "value": "S. Curtarolo et al. Computational Materials Science 58 (2012) 218-226"
      },
      "comments": {
        "value": "Hardness parameter=3.225"
      },
      "attached files": {
        "value": [
"Fe2Pt2_#123_1A.cif",
"CONTCAR_Fe2Pt2_#123_1A",
"Fe2Pt2_#123_1A.png"
]
      },
      "attached files info": {
        "value": null
      }
    }
  }
}
