{
  "confidential": {
  "value": false
  }, 
  "name": "NOVAMAG_theory_ICCRAM_Fe2Pt2_#129_1A",
  "properties": {
    "approach": {
      "value": "theory"
    },
    "summary": {
      "value": "crystal, energy, magnetization, MAE, coercivity, energy product"
    },
    "chemistry": {
      "chemical formula": {
        "value": "Fe2Pt2"
      },
      "production info": {
        "value": "initial POSCAR from AFLOW library http://aflow.org/material.php?id=Fe_pvPt/77"
      }
    },
    "crystal": {
      "compound space group": {
        "value": 129
      },
      "unit cell volume": {
        "value": 55.928238
      },
      "lattice parameters": {
        "value": [
          2.73076,
          2.73076,
          7.50006
        ]
      },
      "lattice angles": {
        "value": [
          90.00000,
          90.00000,
          90.00000
        ]
      },
      "atomic positions": {
        "value": [
"Fe1(2c)",
0.25000,
0.25000,
0.88501,
"Pt1(2c)",
0.25000,
0.25000,
0.35639
]
      },
      "crystal info": {
        "value": "software VASP (vasp.5.4.4), k-points mesh 22x22x8, Ecut-off=401.823 eV, PAW_PBE, Fe:PAW_PBE:06Sep2000, Pt:PAW_PBE:04Feb2005, Pressure=0.0 kbar, temperature=0K"
      }
    },
    "thermodynamics": {
      "unit cell energy": {
        "value": -29.16169982
      },
      "unit cell formation enthalpy": {
        "value": -0.492867
      },
      "energy info": {
        "value": "software VASP (vasp.5.4.4), k-points mesh 22x22x8, Ecut-off=401.823 eV, PAW_PBE, Fe:PAW_PBE:06Sep2000, Pt:PAW_PBE:04Feb2005, Pressure=0.0 kbar, temperature=0K"
      },
      "interatomic potentials info": {
        "value": null
      },
      "magnetic free energy": {
        "value": null
      },
      "magnetic free energy info": {
        "value": null
      }
    },
    "magnetics": {
      "unit cell spin polarization": {
        "value": 6.235
      },
      "atomic spin specie": {
        "value": [
"1 Fe",
2.865,
"2 Fe",
2.862,
"3 Pt",
0.254,
"4 Pt",
0.254
]
      },
      "saturation magnetization": {
        "value": 1.299
      },
      "magnetization temperature": {
        "value": 0
      },
      "magnetization info": {
        "value": "software VASP (vasp.5.4.4), k-points mesh 22x22x8, Ecut-off=401.823 eV, PAW_PBE, Fe:PAW_PBE:06Sep2000, Pt:PAW_PBE:04Feb2005, Pressure=0.0 kbar, temperature=0K"
      },
      "magnetocrystalline anisotropy energy": {
        "value": [
0.0000000000000000,0,1.0000000000000000,-29.90308406,0.2588190451025207,0,0.9659258262890683,-29.90305622,0.5000000000000000,0,0.8660254037844386,-29.90299071,0.7071067811865476,0,0.7071067811865476,-29.90291048,0.8660254037844386,0,0.5000000000000000,-29.90282167,1.0000000000000000,0,0.0000000000000000,-29.90267799]
      },
      "anisotropy energy type": {
        "value": "uniaxial"
      },
      "magnetocrystalline anisotropy constants": {
        "value": [
0.843,0.297]
      },
      "kind of anisotropy": {
        "value": "easy axis"
      },
      "anisotropy info": {
        "value": "software VASP (vasp.5.4.4) with spin-orbit coupling, k-points mesh 22x22x8, Ecut-off=401.823 eV, PAW_PBE, Fe:PAW_PBE:06Sep2000, Pt:PAW_PBE:04Feb2005, Pressure=0.0 kbar, temperature=0K"
      },
      "exchange integrals": {
        "value": null
      },
      "exchange info": {
        "value": null
      },
      "magnetic order": {
        "value": null
      },
      "curie temperature": {
        "value": null
      },
      "curie temperature info": {
        "value": null
      },
      "anisotropy field": {
        "value": 2.780
      },
      "remanence": {
        "value": 1.299
      },
      "coercivity": {
        "value": 2.780
      },
      "energy product": {
        "value": 335.698
      },
      "hysteresis info": {
        "value": "Stoner-Wohlfarth model without shape anisotropy, perfectly rectangular hysteresis loop, temperature = 0 K. Remanence equals to saturation magnetization (Ms). Anisotropy field: mu_0*Hk=(2*K_1+4*K_2)/Ms, where mu_0 is the vacuum permeability. Coercivity: Hc=Hk. Maximum energy product (upper limit)=(1/4)*mu_0*Ms^2, note this value can only be reached if the demagnetization factor is D=0.5 and Hc>0.5*Ms."
      },
      "domain wall width": {
        "value": null
      },
      "domain wall info": {
        "value": null
      },
      "exchange stiffness": {
        "value": null
      },
      "exchange stiffness info": {
        "value": null
      }
    },
    "additional information": {
      "authors": {
        "value": ["ICCRAM"]
      },
      "reference": {
        "value": "S. Curtarolo et al. Computational Materials Science 58 (2012) 218-226"
      },
      "comments": {
        "value": "Hardness parameter=0.792"
      },
      "attached files": {
        "value": [
"Fe2Pt2_#129_1A.cif",
"CONTCAR_Fe2Pt2_#129_1A",
"Fe2Pt2_#129_1A.png"
]
      },
      "attached files info": {
        "value": null
      }
    }
  }
}
