{
  "confidential": {
  "value": false
  }, 
  "name": "NOVAMAG_theory_ICCRAM_Fe3Pt1_#123_1A",
  "properties": {
    "approach": {
      "value": "theory"
    },
    "summary": {
      "value": "crystal, energy, magnetization, MAE, coercivity, energy product"
    },
    "chemistry": {
      "chemical formula": {
        "value": "Fe3Pt1"
      },
      "production info": {
        "value": "initial POSCAR from AFLOW library http://aflow.org/material.php?id=Fe_pvPt/83"
      }
    },
    "crystal": {
      "compound space group": {
        "value": 123
      },
      "unit cell volume": {
        "value": 52.334831
      },
      "lattice parameters": {
        "value": [
          3.88938,
          3.88938,
          3.45962
        ]
      },
      "lattice angles": {
        "value": [
          90.00000,
          90.00000,
          90.00000
        ]
      },
      "atomic positions": {
        "value": [
"Fe1(2f)",
0.00000,
0.50000,
0.00000,
"Fe2(1b)",
0.00000,
0.00000,
0.50000,
"Pt1(1d)",
0.50000,
0.50000,
0.50000
]
      },
      "crystal info": {
        "value": "software VASP (vasp.5.4.4), k-points mesh 15x15x17, Ecut-off=401.823 eV, PAW_PBE, Fe:PAW_PBE:06Sep2000, Pt:PAW_PBE:04Feb2005, Pressure=0.0 kbar, temperature=0K"
      }
    },
    "thermodynamics": {
      "unit cell energy": {
        "value": -31.11248930
      },
      "unit cell formation enthalpy": {
        "value": -0.303690
      },
      "energy info": {
        "value": "software VASP (vasp.5.4.4), k-points mesh 15x15x17, Ecut-off=401.823 eV, PAW_PBE, Fe:PAW_PBE:06Sep2000, Pt:PAW_PBE:04Feb2005, Pressure=0.0 kbar, temperature=0K"
      },
      "interatomic potentials info": {
        "value": null
      },
      "magnetic free energy": {
        "value": null
      },
      "magnetic free energy info": {
        "value": null
      }
    },
    "magnetics": {
      "unit cell spin polarization": {
        "value": 8.615
      },
      "atomic spin specie": {
        "value": [
"1 Fe",
2.800,
"2 Fe",
2.800,
"3 Fe",
2.681,
"4 Pt",
0.333
]
      },
      "saturation magnetization": {
        "value": 1.917
      },
      "magnetization temperature": {
        "value": 0
      },
      "magnetization info": {
        "value": "software VASP (vasp.5.4.4), k-points mesh 15x15x17, Ecut-off=401.823 eV, PAW_PBE, Fe:PAW_PBE:06Sep2000, Pt:PAW_PBE:04Feb2005, Pressure=0.0 kbar, temperature=0K"
      },
      "magnetocrystalline anisotropy energy": {
        "value": [
0.0000000000000000,0,1.0000000000000000,-31.50743140,0.2588190451025207,0,0.9659258262890683,-31.50736916,0.5000000000000000,0,0.8660254037844386,-31.50720892,0.7071067811865476,0,0.7071067811865476,-31.50698380,0.8660254037844386,0,0.5000000000000000,-31.50676148,1.0000000000000000,0,0.0000000000000000,-31.50655627]
      },
      "anisotropy energy type": {
        "value": "uniaxial"
      },
      "magnetocrystalline anisotropy constants": {
        "value": [
2.798,-0.103]
      },
      "kind of anisotropy": {
        "value": "easy axis"
      },
      "anisotropy info": {
        "value": "software VASP (vasp.5.4.4) with spin-orbit coupling, k-points mesh 15x15x17, Ecut-off=401.823 eV, PAW_PBE, Fe:PAW_PBE:06Sep2000, Pt:PAW_PBE:04Feb2005, Pressure=0.0 kbar, temperature=0K"
      },
      "exchange integrals": {
        "value": null
      },
      "exchange info": {
        "value": null
      },
      "magnetic order": {
        "value": null
      },
      "curie temperature": {
        "value": null
      },
      "curie temperature info": {
        "value": null
      },
      "anisotropy field": {
        "value": 3.398
      },
      "remanence": {
        "value": 1.917
      },
      "coercivity": {
        "value": 3.398
      },
      "energy product": {
        "value": 731.096
      },
      "hysteresis info": {
        "value": "Stoner-Wohlfarth model without shape anisotropy, perfectly rectangular hysteresis loop, temperature = 0 K. Remanence equals to saturation magnetization (Ms). Anisotropy field: mu_0*Hk=(2*K_1+4*K_2)/Ms, where mu_0 is the vacuum permeability. Coercivity: Hc=Hk. Maximum energy product (upper limit)=(1/4)*mu_0*Ms^2, note this value can only be reached if the demagnetization factor is D=0.5 and Hc>0.5*Ms."
      },
      "domain wall width": {
        "value": null
      },
      "domain wall info": {
        "value": null
      },
      "exchange stiffness": {
        "value": null
      },
      "exchange stiffness info": {
        "value": null
      }
    },
    "additional information": {
      "authors": {
        "value": ["ICCRAM"]
      },
      "reference": {
        "value": "S. Curtarolo et al. Computational Materials Science 58 (2012) 218-226"
      },
      "comments": {
        "value": "Hardness parameter=0.978"
      },
      "attached files": {
        "value": [
"Fe3Pt1_#123_1A.cif",
"CONTCAR_Fe3Pt1_#123_1A",
"Fe3Pt1_#123_1A.png"
]
      },
      "attached files info": {
        "value": null
      }
    }
  }
}
