{
  "confidential": {
  "value": false
  }, 
  "name": "NOVAMAG_theory_ICCRAM_Fe6Pt8_#139_1A",
  "properties": {
    "approach": {
      "value": "theory"
    },
    "summary": {
      "value": "crystal, energy, magnetization, MAE"
    },
    "chemistry": {
      "chemical formula": {
        "value": "Fe6Pt8"
      },
      "production info": {
        "value": "initial POSCAR from AFLOW library http://aflow.org/material.php?id=Fe_pvPt/263"
      }
    },
    "crystal": {
      "compound space group": {
        "value": 139
      },
      "unit cell volume": {
        "value": 203.673597
      },
      "lattice parameters": {
        "value": [
          3.21726,
          3.21726,
          19.67710
        ]
      },
      "lattice angles": {
        "value": [
          90.00000,
          90.00000,
          90.00000
        ]
      },
      "atomic positions": {
        "value": [
"Fe1(2a)",
0.00000,
0.00000,
0.00000,
"Fe2(4e)",
0.00000,
0.00000,
0.28677,
"Pt1(4e)",
0.00000,
0.00000,
0.15234,
"Pt2(4e)",
0.00000,
0.00000,
0.43054
]
      },
      "crystal info": {
        "value": "software VASP (vasp.5.4.4), k-points mesh 19x19x3, Ecut-off=401.823 eV, PAW_PBE, Fe:PAW_PBE:06Sep2000, Pt:PAW_PBE:04Feb2005, Pressure=0.0 kbar, temperature=0K"
      }
    },
    "thermodynamics": {
      "unit cell energy": {
        "value": -99.39933161
      },
      "unit cell formation enthalpy": {
        "value": -1.198382
      },
      "energy info": {
        "value": "software VASP (vasp.5.4.4), k-points mesh 19x19x3, Ecut-off=401.823 eV, PAW_PBE, Fe:PAW_PBE:06Sep2000, Pt:PAW_PBE:04Feb2005, Pressure=0.0 kbar, temperature=0K"
      },
      "interatomic potentials info": {
        "value": null
      },
      "magnetic free energy": {
        "value": null
      },
      "magnetic free energy info": {
        "value": null
      }
    },
    "magnetics": {
      "unit cell spin polarization": {
        "value": 20.390
      },
      "atomic spin specie": {
        "value": [
"1 Fe",
3.140,
"2 Fe",
3.140,
"3 Fe",
2.944,
"4 Fe",
2.944,
"5 Fe",
2.944,
"6 Fe",
2.944,
"7 Pt",
0.341,
"8 Pt",
0.341,
"9 Pt",
0.341,
"10 Pt",
0.341,
"11 Pt",
0.242,
"12 Pt",
0.242,
"13 Pt",
0.242,
"14 Pt",
0.242
]
      },
      "saturation magnetization": {
        "value": 1.166
      },
      "magnetization temperature": {
        "value": 0
      },
      "magnetization info": {
        "value": "software VASP (vasp.5.4.4), k-points mesh 19x19x3, Ecut-off=401.823 eV, PAW_PBE, Fe:PAW_PBE:06Sep2000, Pt:PAW_PBE:04Feb2005, Pressure=0.0 kbar, temperature=0K"
      },
      "magnetocrystalline anisotropy energy": {
        "value": [
0.0000000000000000,0,1.0000000000000000,-102.42603131,0.2588190451025207,0,0.9659258262890683,-102.42615467,0.5000000000000000,0,0.8660254037844386,-102.42640916,0.7071067811865476,0,0.7071067811865476,-102.42683506,0.8660254037844386,0,0.5000000000000000,-102.42743864,1.0000000000000000,0,0.0000000000000000,-102.42850411]
      },
      "anisotropy energy type": {
        "value": "uniaxial"
      },
      "magnetocrystalline anisotropy constants": {
        "value": [
-0.615,-1.297]
      },
      "kind of anisotropy": {
        "value": "easy plane"
      },
      "anisotropy info": {
        "value": "software VASP (vasp.5.4.4) with spin-orbit coupling, k-points mesh 19x19x3, Ecut-off=401.823 eV, PAW_PBE, Fe:PAW_PBE:06Sep2000, Pt:PAW_PBE:04Feb2005, Pressure=0.0 kbar, temperature=0K"
      },
      "exchange integrals": {
        "value": null
      },
      "exchange info": {
        "value": null
      },
      "magnetic order": {
        "value": null
      },
      "curie temperature": {
        "value": null
      },
      "curie temperature info": {
        "value": null
      },
      "anisotropy field": {
        "value": null
      },
      "remanence": {
        "value": null
      },
      "coercivity": {
        "value": null
      },
      "energy product": {
        "value": null
      },
      "hysteresis info": {
        "value": null
      },
      "domain wall width": {
        "value": null
      },
      "domain wall info": {
        "value": null
      },
      "exchange stiffness": {
        "value": null
      },
      "exchange stiffness info": {
        "value": null
      }
    },
    "additional information": {
      "authors": {
        "value": ["ICCRAM"]
      },
      "reference": {
        "value": "S. Curtarolo et al. Computational Materials Science 58 (2012) 218-226"
      },
      "comments": {
        "value": null
      },
      "attached files": {
        "value": [
"Fe6Pt8_#139_1A.cif",
"CONTCAR_Fe6Pt8_#139_1A",
"Fe6Pt8_#139_1A.png"
]
      },
      "attached files info": {
        "value": null
      }
    }
  }
}
