{
  "confidential": {
  "value": false
  }, 
  "name": "NOVAMAG_theory_ICCRAM_Fe8Pt16_#141_1A",
  "properties": {
    "approach": {
      "value": "theory"
    },
    "summary": {
      "value": "crystal, energy, magnetization, MAE"
    },
    "chemistry": {
      "chemical formula": {
        "value": "Fe8Pt16"
      },
      "production info": {
        "value": "initial POSCAR from AFLOW library http://aflow.org/material.php?id=Fe_pvPt/382"
      }
    },
    "crystal": {
      "compound space group": {
        "value": 141
      },
      "unit cell volume": {
        "value": 350.326216
      },
      "lattice parameters": {
        "value": [
          3.87934,
          3.87934,
          23.27855
        ]
      },
      "lattice angles": {
        "value": [
          90.00000,
          90.00000,
          90.00000
        ]
      },
      "atomic positions": {
        "value": [
"Fe1(8e)",
0.00000,
0.25000,
0.79015,
"Pt1(8e)",
0.00000,
0.25000,
0.62375,
"Pt2(8e)",
0.00000,
0.25000,
0.45982
]
      },
      "crystal info": {
        "value": "software VASP (vasp.5.4.4), k-points mesh 15x15x3, Ecut-off=401.823 eV, PAW_PBE, Fe:PAW_PBE:06Sep2000, Pt:PAW_PBE:04Feb2005, Pressure=0.0 kbar, temperature=0K"
      }
    },
    "thermodynamics": {
      "unit cell energy": {
        "value": -168.59795209
      },
      "unit cell formation enthalpy": {
        "value": -5.144818
      },
      "energy info": {
        "value": "software VASP (vasp.5.4.4), k-points mesh 15x15x3, Ecut-off=401.823 eV, PAW_PBE, Fe:PAW_PBE:06Sep2000, Pt:PAW_PBE:04Feb2005, Pressure=0.0 kbar, temperature=0K"
      },
      "interatomic potentials info": {
        "value": null
      },
      "magnetic free energy": {
        "value": null
      },
      "magnetic free energy info": {
        "value": null
      }
    },
    "magnetics": {
      "unit cell spin polarization": {
        "value": 29.401
      },
      "atomic spin specie": {
        "value": [
"1 Fe",
3.072,
"2 Fe",
3.072,
"3 Fe",
3.072,
"4 Fe",
3.072,
"5 Fe",
3.072,
"6 Fe",
3.072,
"7 Fe",
3.072,
"8 Fe",
3.072,
"9 Pt",
0.285,
"10 Pt",
0.285,
"11 Pt",
0.285,
"12 Pt",
0.285,
"13 Pt",
0.285,
"14 Pt",
0.285,
"15 Pt",
0.285,
"16 Pt",
0.285,
"17 Pt",
0.318,
"18 Pt",
0.318,
"19 Pt",
0.318,
"20 Pt",
0.318,
"21 Pt",
0.318,
"22 Pt",
0.318,
"23 Pt",
0.317,
"24 Pt",
0.318
]
      },
      "saturation magnetization": {
        "value": 0.978
      },
      "magnetization temperature": {
        "value": 0
      },
      "magnetization info": {
        "value": "software VASP (vasp.5.4.4), k-points mesh 15x15x3, Ecut-off=401.823 eV, PAW_PBE, Fe:PAW_PBE:06Sep2000, Pt:PAW_PBE:04Feb2005, Pressure=0.0 kbar, temperature=0K"
      },
      "magnetocrystalline anisotropy energy": {
        "value": [
0.0000000000000000,0,1.0000000000000000,-174.44650542,0.2588190451025207,0,0.9659258262890683,-174.44653970,0.5000000000000000,0,0.8660254037844386,-174.44665254,0.7071067811865476,0,0.7071067811865476,-174.44679098,0.8660254037844386,0,0.5000000000000000,-174.44696671,1.0000000000000000,0,0.0000000000000000,-174.44722983]
      },
      "anisotropy energy type": {
        "value": "uniaxial"
      },
      "magnetocrystalline anisotropy constants": {
        "value": [
-0.199,-0.125]
      },
      "kind of anisotropy": {
        "value": "easy plane"
      },
      "anisotropy info": {
        "value": "software VASP (vasp.5.4.4) with spin-orbit coupling, k-points mesh 15x15x3, Ecut-off=401.823 eV, PAW_PBE, Fe:PAW_PBE:06Sep2000, Pt:PAW_PBE:04Feb2005, Pressure=0.0 kbar, temperature=0K"
      },
      "exchange integrals": {
        "value": null
      },
      "exchange info": {
        "value": null
      },
      "magnetic order": {
        "value": null
      },
      "curie temperature": {
        "value": null
      },
      "curie temperature info": {
        "value": null
      },
      "anisotropy field": {
        "value": null
      },
      "remanence": {
        "value": null
      },
      "coercivity": {
        "value": null
      },
      "energy product": {
        "value": null
      },
      "hysteresis info": {
        "value": null
      },
      "domain wall width": {
        "value": null
      },
      "domain wall info": {
        "value": null
      },
      "exchange stiffness": {
        "value": null
      },
      "exchange stiffness info": {
        "value": null
      }
    },
    "additional information": {
      "authors": {
        "value": ["ICCRAM"]
      },
      "reference": {
        "value": "S. Curtarolo et al. Computational Materials Science 58 (2012) 218-226"
      },
      "comments": {
        "value": null
      },
      "attached files": {
        "value": [
"Fe8Pt16_#141_1A.cif",
"CONTCAR_Fe8Pt16_#141_1A",
"Fe8Pt16_#141_1A.png"
]
      },
      "attached files info": {
        "value": null
      }
    }
  }
}
