{
  "confidential": {
  "value": false
  }, 
  "name": "NOVAMAG_theory_ICCRAM_Fe8Pt6_#139_1A",
  "properties": {
    "approach": {
      "value": "theory"
    },
    "summary": {
      "value": "crystal, energy, magnetization, MAE, coercivity, energy product"
    },
    "chemistry": {
      "chemical formula": {
        "value": "Fe8Pt6"
      },
      "production info": {
        "value": "initial POSCAR from AFLOW library http://aflow.org/material.php?id=Fe_pvPt/264"
      }
    },
    "crystal": {
      "compound space group": {
        "value": 139
      },
      "unit cell volume": {
        "value": 191.588844
      },
      "lattice parameters": {
        "value": [
          2.89219,
          2.89219,
          22.90432
        ]
      },
      "lattice angles": {
        "value": [
          90.00000,
          90.00000,
          90.00000
        ]
      },
      "atomic positions": {
        "value": [
"Fe1(4e)",
0.00000,
0.00000,
0.13489,
"Fe2(4e)",
0.00000,
0.00000,
0.42640,
"Pt1(2a)",
0.00000,
0.00000,
0.00000,
"Pt2(4e)",
0.00000,
0.00000,
0.29460
]
      },
      "crystal info": {
        "value": "software VASP (vasp.5.4.4), k-points mesh 21x21x3, Ecut-off=401.823 eV, PAW_PBE, Fe:PAW_PBE:06Sep2000, Pt:PAW_PBE:04Feb2005, Pressure=0.0 kbar, temperature=0K"
      }
    },
    "thermodynamics": {
      "unit cell energy": {
        "value": -103.95007868
      },
      "unit cell formation enthalpy": {
        "value": -1.469197
      },
      "energy info": {
        "value": "software VASP (vasp.5.4.4), k-points mesh 21x21x3, Ecut-off=401.823 eV, PAW_PBE, Fe:PAW_PBE:06Sep2000, Pt:PAW_PBE:04Feb2005, Pressure=0.0 kbar, temperature=0K"
      },
      "interatomic potentials info": {
        "value": null
      },
      "magnetic free energy": {
        "value": null
      },
      "magnetic free energy info": {
        "value": null
      }
    },
    "magnetics": {
      "unit cell spin polarization": {
        "value": 24.805
      },
      "atomic spin specie": {
        "value": [
"1 Fe",
2.820,
"2 Fe",
2.820,
"3 Fe",
2.820,
"4 Fe",
2.820,
"5 Fe",
2.805,
"6 Fe",
2.805,
"7 Fe",
2.805,
"8 Fe",
2.805,
"9 Pt",
0.453,
"10 Pt",
0.453,
"11 Pt",
0.350,
"12 Pt",
0.350,
"13 Pt",
0.350,
"14 Pt",
0.350
]
      },
      "saturation magnetization": {
        "value": 1.508
      },
      "magnetization temperature": {
        "value": 0
      },
      "magnetization info": {
        "value": "software VASP (vasp.5.4.4), k-points mesh 21x21x3, Ecut-off=401.823 eV, PAW_PBE, Fe:PAW_PBE:06Sep2000, Pt:PAW_PBE:04Feb2005, Pressure=0.0 kbar, temperature=0K"
      },
      "magnetocrystalline anisotropy energy": {
        "value": [
0.0000000000000000,0,1.0000000000000000,-106.21241110,0.2588190451025207,0,0.9659258262890683,-106.21230477,0.5000000000000000,0,0.8660254037844386,-106.21201601,0.7071067811865476,0,0.7071067811865476,-106.21169406,0.8660254037844386,0,0.5000000000000000,-106.21142765,1.0000000000000000,0,0.0000000000000000,-106.21141147]
      },
      "anisotropy energy type": {
        "value": "uniaxial"
      },
      "magnetocrystalline anisotropy constants": {
        "value": [
1.589,-0.728]
      },
      "kind of anisotropy": {
        "value": "easy axis"
      },
      "anisotropy info": {
        "value": "software VASP (vasp.5.4.4) with spin-orbit coupling, k-points mesh 21x21x3, Ecut-off=401.823 eV, PAW_PBE, Fe:PAW_PBE:06Sep2000, Pt:PAW_PBE:04Feb2005, Pressure=0.0 kbar, temperature=0K"
      },
      "exchange integrals": {
        "value": null
      },
      "exchange info": {
        "value": null
      },
      "magnetic order": {
        "value": null
      },
      "curie temperature": {
        "value": null
      },
      "curie temperature info": {
        "value": null
      },
      "anisotropy field": {
        "value": 0.222
      },
      "remanence": {
        "value": 1.508
      },
      "coercivity": {
        "value": 0.222
      },
      "energy product": {
        "value": 452.411
      },
      "hysteresis info": {
        "value": "Stoner-Wohlfarth model without shape anisotropy, perfectly rectangular hysteresis loop, temperature = 0 K. Remanence equals to saturation magnetization (Ms). Anisotropy field: mu_0*Hk=(2*K_1+4*K_2)/Ms, where mu_0 is the vacuum permeability. Coercivity: Hc=Hk. Maximum energy product (upper limit)=(1/4)*mu_0*Ms^2, note this value can only be reached if the demagnetization factor is D=0.5 and Hc>0.5*Ms."
      },
      "domain wall width": {
        "value": null
      },
      "domain wall info": {
        "value": null
      },
      "exchange stiffness": {
        "value": null
      },
      "exchange stiffness info": {
        "value": null
      }
    },
    "additional information": {
      "authors": {
        "value": ["ICCRAM"]
      },
      "reference": {
        "value": "S. Curtarolo et al. Computational Materials Science 58 (2012) 218-226"
      },
      "comments": {
        "value": "Hardness parameter=0.937"
      },
      "attached files": {
        "value": [
"Fe8Pt6_#139_1A.cif",
"CONTCAR_Fe8Pt6_#139_1A",
"Fe8Pt6_#139_1A.png"
]
      },
      "attached files info": {
        "value": null
      }
    }
  }
}
