{
  "confidential": {
  "value": false
  }, 
  "name": "NOVAMAG_theory_ICCRAM_Fe8Pt10_#193_1A",
  "properties": {
    "approach": {
      "value": "theory"
    },
    "summary": {
      "value": "crystal, energy, magnetization, MAE, coercivity, energy product"
    },
    "chemistry": {
      "chemical formula": {
        "value": "Fe8Pt10"
      },
      "production info": {
        "value": "initial POSCAR from AFLOW library http://aflow.org/material.php?id=Fe_pvPt/359"
      }
    },
    "crystal": {
      "compound space group": {
        "value": 193
      },
      "unit cell volume": {
        "value": 260.318481
      },
      "lattice parameters": {
        "value": [
          7.51683,
          7.51683,
          5.31992
        ]
      },
      "lattice angles": {
        "value": [
          90.00000,
          90.00000,
          120.00000
        ]
      },
      "atomic positions": {
        "value": [
"Fe1(2b)",
0.00000,
0.00000,
0.00000,
"Fe2(6g)",
0.66611,
0.00000,
0.25000,
"Pt1(6g)",
0.32458,
0.00000,
0.25000,
"Pt2(4d)",
0.33333,
0.66667,
0.00000
]
      },
      "crystal info": {
        "value": "software VASP (vasp.5.4.4), k-points mesh 9x9x11, Ecut-off=401.823 eV, PAW_PBE, Fe:PAW_PBE:06Sep2000, Pt:PAW_PBE:04Feb2005, Pressure=0.0 kbar, temperature=0K"
      }
    },
    "thermodynamics": {
      "unit cell energy": {
        "value": -129.01454595
      },
      "unit cell formation enthalpy": {
        "value": -2.144763
      },
      "energy info": {
        "value": "software VASP (vasp.5.4.4), k-points mesh 9x9x11, Ecut-off=401.823 eV, PAW_PBE, Fe:PAW_PBE:06Sep2000, Pt:PAW_PBE:04Feb2005, Pressure=0.0 kbar, temperature=0K"
      },
      "interatomic potentials info": {
        "value": null
      },
      "magnetic free energy": {
        "value": null
      },
      "magnetic free energy info": {
        "value": null
      }
    },
    "magnetics": {
      "unit cell spin polarization": {
        "value": 27.289
      },
      "atomic spin specie": {
        "value": [
"1 Fe",
2.951,
"2 Fe",
2.951,
"3 Fe",
3.014,
"4 Fe",
3.014,
"5 Fe",
3.014,
"6 Fe",
3.014,
"7 Fe",
3.014,
"8 Fe",
3.014,
"9 Pt",
0.343,
"10 Pt",
0.343,
"11 Pt",
0.343,
"12 Pt",
0.343,
"13 Pt",
0.343,
"14 Pt",
0.343,
"15 Pt",
0.312,
"16 Pt",
0.311,
"17 Pt",
0.311,
"18 Pt",
0.312
]
      },
      "saturation magnetization": {
        "value": 1.221
      },
      "magnetization temperature": {
        "value": 0
      },
      "magnetization info": {
        "value": "software VASP (vasp.5.4.4), k-points mesh 9x9x11, Ecut-off=401.823 eV, PAW_PBE, Fe:PAW_PBE:06Sep2000, Pt:PAW_PBE:04Feb2005, Pressure=0.0 kbar, temperature=0K"
      },
      "magnetocrystalline anisotropy energy": {
        "value": [
0.0000000000000000,0,1.0000000000000000,-132.68307742,0.2588190451025207,0,0.9659258262890683,-132.68305741,0.5000000000000000,0,0.8660254037844386,-132.68298858,0.7071067811865476,0,0.7071067811865476,-132.68279607,0.8660254037844386,0,0.5000000000000000,-132.68241748,1.0000000000000000,0,0.0000000000000000,-132.68192801]
      },
      "anisotropy energy type": {
        "value": "uniaxial"
      },
      "magnetocrystalline anisotropy constants": {
        "value": [
0.018,0.697]
      },
      "kind of anisotropy": {
        "value": "easy axis"
      },
      "anisotropy info": {
        "value": "software VASP (vasp.5.4.4) with spin-orbit coupling, k-points mesh 9x9x11, Ecut-off=401.823 eV, PAW_PBE, Fe:PAW_PBE:06Sep2000, Pt:PAW_PBE:04Feb2005, Pressure=0.0 kbar, temperature=0K"
      },
      "exchange integrals": {
        "value": null
      },
      "exchange info": {
        "value": null
      },
      "magnetic order": {
        "value": null
      },
      "curie temperature": {
        "value": null
      },
      "curie temperature info": {
        "value": null
      },
      "anisotropy field": {
        "value": 2.906
      },
      "remanence": {
        "value": 1.221
      },
      "coercivity": {
        "value": 2.906
      },
      "energy product": {
        "value": 296.593
      },
      "hysteresis info": {
        "value": "Stoner-Wohlfarth model without shape anisotropy, perfectly rectangular hysteresis loop, temperature = 0 K. Remanence equals to saturation magnetization (Ms). Anisotropy field: mu_0*Hk=(2*K_1+4*K_2)/Ms, where mu_0 is the vacuum permeability. Coercivity: Hc=Hk. Maximum energy product (upper limit)=(1/4)*mu_0*Ms^2, note this value can only be reached if the demagnetization factor is D=0.5 and Hc>0.5*Ms."
      },
      "domain wall width": {
        "value": null
      },
      "domain wall info": {
        "value": null
      },
      "exchange stiffness": {
        "value": null
      },
      "exchange stiffness info": {
        "value": null
      }
    },
    "additional information": {
      "authors": {
        "value": ["ICCRAM"]
      },
      "reference": {
        "value": "S. Curtarolo et al. Computational Materials Science 58 (2012) 218-226"
      },
      "comments": {
        "value": "Hardness parameter=0.123"
      },
      "attached files": {
        "value": [
"Fe8Pt10_#193_1A.cif",
"CONTCAR_Fe8Pt10_#193_1A",
"Fe8Pt10_#193_1A.png"
]
      },
      "attached files info": {
        "value": null
      }
    }
  }
}
