{
  "confidential": {
  "value": false
  }, 
  "name": "NOVAMAG_theory_ICCRAM_Fe10Pd8_#139_1A",
  "properties": {
    "approach": {
      "value": "theory"
    },
    "summary": {
      "value": "crystal, energy, magnetization, MAE, coercivity, energy product"
    },
    "chemistry": {
      "chemical formula": {
        "value": "Fe10Pd8"
      },
      "production info": {
        "value": "initial POSCAR from AFLOW library http://aflow.org/material.php?id=Fe_pvPd_pv/314"
      }
    },
    "crystal": {
      "compound space group": {
        "value": 139
      },
      "unit cell volume": {
        "value": 245.541254
      },
      "lattice parameters": {
        "value": [
          8.09737,
          8.09737,
          3.74487
        ]
      },
      "lattice angles": {
        "value": [
          90.00000,
          90.00000,
          90.00000
        ]
      },
      "atomic positions": {
        "value": [
"Fe1(2a)",
0.00000,
0.00000,
0.00000,
"Fe2(8h)",
0.33597,
0.33597,
0.00000,
"Pd1(8i)",
0.67710,
0.00000,
0.00000
]
      },
      "crystal info": {
        "value": "software VASP (vasp.5.4.4), k-points mesh 7x7x16, Ecut-off=401.823 eV, PAW_PBE, Fe:PAW_PBE:06Sep2000, Pd:PAW_PBE:04Jan2005, Pressure=0.0 kbar, temperature=0K"
      }
    },
    "thermodynamics": {
      "unit cell energy": {
        "value": -124.32617896
      },
      "unit cell formation enthalpy": {
        "value": -0.214871
      },
      "energy info": {
        "value": "software VASP (vasp.5.4.4), k-points mesh 7x7x16, Ecut-off=401.823 eV, PAW_PBE, Fe:PAW_PBE:06Sep2000, Pd:PAW_PBE:04Jan2005, Pressure=0.0 kbar, temperature=0K"
      },
      "interatomic potentials info": {
        "value": null
      },
      "magnetic free energy": {
        "value": null
      },
      "magnetic free energy info": {
        "value": null
      }
    },
    "magnetics": {
      "unit cell spin polarization": {
        "value": 30.951
      },
      "atomic spin specie": {
        "value": [
"1 Fe",
2.793,
"2 Fe",
2.794,
"3 Fe",
2.887,
"4 Fe",
2.886,
"5 Fe",
2.886,
"6 Fe",
2.887,
"7 Fe",
2.887,
"8 Fe",
2.887,
"9 Fe",
2.887,
"10 Fe",
2.887,
"11 Pd",
0.284,
"12 Pd",
0.284,
"13 Pd",
0.284,
"14 Pd",
0.284,
"15 Pd",
0.284,
"16 Pd",
0.284,
"17 Pd",
0.284,
"18 Pd",
0.284
]
      },
      "saturation magnetization": {
        "value": 1.468
      },
      "magnetization temperature": {
        "value": 0
      },
      "magnetization info": {
        "value": "software VASP (vasp.5.4.4), k-points mesh 7x7x16, Ecut-off=401.823 eV, PAW_PBE, Fe:PAW_PBE:06Sep2000, Pd:PAW_PBE:04Jan2005, Pressure=0.0 kbar, temperature=0K"
      },
      "magnetocrystalline anisotropy energy": {
        "value": [
0.0000000000000000,0,1.0000000000000000,-124.68347145,0.2588190451025207,0,0.9659258262890683,-124.68334205,0.5000000000000000,0,0.8660254037844386,-124.68299476,0.7071067811865476,0,0.7071067811865476,-124.68250417,0.8660254037844386,0,0.5000000000000000,-124.68201618,1.0000000000000000,0,0.0000000000000000,-124.68154206]
      },
      "anisotropy energy type": {
        "value": "uniaxial"
      },
      "magnetocrystalline anisotropy constants": {
        "value": [
1.261,0.001]
      },
      "kind of anisotropy": {
        "value": "easy axis"
      },
      "anisotropy info": {
        "value": "software VASP (vasp.5.4.4) with spin-orbit coupling, k-points mesh 7x7x16, Ecut-off=401.823 eV, PAW_PBE, Fe:PAW_PBE:06Sep2000, Pd:PAW_PBE:04Jan2005, Pressure=0.0 kbar, temperature=0K"
      },
      "exchange integrals": {
        "value": null
      },
      "exchange info": {
        "value": null
      },
      "magnetic order": {
        "value": null
      },
      "curie temperature": {
        "value": null
      },
      "curie temperature info": {
        "value": null
      },
      "anisotropy field": {
        "value": 2.162
      },
      "remanence": {
        "value": 1.468
      },
      "coercivity": {
        "value": 2.162
      },
      "energy product": {
        "value": 428.728
      },
      "hysteresis info": {
        "value": "Stoner-Wohlfarth model without shape anisotropy, perfectly rectangular hysteresis loop, temperature = 0 K. Remanence equals to saturation magnetization (Ms). Anisotropy field: mu_0*Hk=(2*K_1+4*K_2)/Ms, where mu_0 is the vacuum permeability. Coercivity: Hc=Hk. Maximum energy product (upper limit)=(1/4)*mu_0*Ms^2, note this value can only be reached if the demagnetization factor is D=0.5 and Hc>0.5*Ms."
      },
      "domain wall width": {
        "value": null
      },
      "domain wall info": {
        "value": null
      },
      "exchange stiffness": {
        "value": null
      },
      "exchange stiffness info": {
        "value": null
      }
    },
    "additional information": {
      "authors": {
        "value": ["ICCRAM"]
      },
      "reference": {
        "value": "S. Curtarolo et al. Computational Materials Science 58 (2012) 218-226"
      },
      "comments": {
        "value": "Hardness parameter=0.858"
      },
      "attached files": {
        "value": [
"Fe10Pd8_#139_1A.cif",
"CONTCAR_Fe10Pd8_#139_1A",
"Fe10Pd8_#139_1A.png"
]
      },
      "attached files info": {
        "value": null
      }
    }
  }
}
