{
  "confidential": {
  "value": false
  }, 
  "name": "NOVAMAG_theory_ICCRAM_Fe1Pd1_#123_1A",
  "properties": {
    "approach": {
      "value": "theory"
    },
    "summary": {
      "value": "crystal, energy, magnetization, MAE, coercivity, energy product"
    },
    "chemistry": {
      "chemical formula": {
        "value": "Fe1Pd1"
      },
      "production info": {
        "value": "initial POSCAR from AFLOW library http://aflow.org/material.php?id=Fe_pvPd_pv/ICSD_180896.AB"
      }
    },
    "crystal": {
      "compound space group": {
        "value": 123
      },
      "unit cell volume": {
        "value": 27.597321
      },
      "lattice parameters": {
        "value": [
          2.70617,
          2.70617,
          3.76841
        ]
      },
      "lattice angles": {
        "value": [
          90.00000,
          90.00000,
          90.00000
        ]
      },
      "atomic positions": {
        "value": [
"Fe1(1a)",
0.00000,
0.00000,
0.00000,
"Pd1(1d)",
0.50000,
0.50000,
0.50000
]
      },
      "crystal info": {
        "value": "software VASP (vasp.5.4.4), k-points mesh 22x22x16, Ecut-off=401.823 eV, PAW_PBE, Fe:PAW_PBE:06Sep2000, Pd:PAW_PBE:04Jan2005, Pressure=0.0 kbar, temperature=0K"
      }
    },
    "thermodynamics": {
      "unit cell energy": {
        "value": -13.57665821
      },
      "unit cell formation enthalpy": {
        "value": -0.122043
      },
      "energy info": {
        "value": "software VASP (vasp.5.4.4), k-points mesh 22x22x16, Ecut-off=401.823 eV, PAW_PBE, Fe:PAW_PBE:06Sep2000, Pd:PAW_PBE:04Jan2005, Pressure=0.0 kbar, temperature=0K"
      },
      "interatomic potentials info": {
        "value": null
      },
      "magnetic free energy": {
        "value": null
      },
      "magnetic free energy info": {
        "value": null
      }
    },
    "magnetics": {
      "unit cell spin polarization": {
        "value": 3.254
      },
      "atomic spin specie": {
        "value": [
"1 Fe",
2.953,
"2 Pd",
0.302
]
      },
      "saturation magnetization": {
        "value": 1.373
      },
      "magnetization temperature": {
        "value": 0
      },
      "magnetization info": {
        "value": "software VASP (vasp.5.4.4), k-points mesh 22x22x16, Ecut-off=401.823 eV, PAW_PBE, Fe:PAW_PBE:06Sep2000, Pd:PAW_PBE:04Jan2005, Pressure=0.0 kbar, temperature=0K"
      },
      "magnetocrystalline anisotropy energy": {
        "value": [
0.0000000000000000,0,1.0000000000000000,-13.61922905,0.2588190451025207,0,0.9659258262890683,-13.61921503,0.5000000000000000,0,0.8660254037844386,-13.61917682,0.7071067811865476,0,0.7071067811865476,-13.61912477,0.8660254037844386,0,0.5000000000000000,-13.61907305,1.0000000000000000,0,0.0000000000000000,-13.61902197]
      },
      "anisotropy energy type": {
        "value": "uniaxial"
      },
      "magnetocrystalline anisotropy constants": {
        "value": [
1.219,-0.016]
      },
      "kind of anisotropy": {
        "value": "easy axis"
      },
      "anisotropy info": {
        "value": "software VASP (vasp.5.4.4) with spin-orbit coupling, k-points mesh 22x22x16, Ecut-off=401.823 eV, PAW_PBE, Fe:PAW_PBE:06Sep2000, Pd:PAW_PBE:04Jan2005, Pressure=0.0 kbar, temperature=0K"
      },
      "exchange integrals": {
        "value": null
      },
      "exchange info": {
        "value": null
      },
      "magnetic order": {
        "value": null
      },
      "curie temperature": {
        "value": null
      },
      "curie temperature info": {
        "value": null
      },
      "anisotropy field": {
        "value": 2.173
      },
      "remanence": {
        "value": 1.373
      },
      "coercivity": {
        "value": 2.173
      },
      "energy product": {
        "value": 375.035
      },
      "hysteresis info": {
        "value": "Stoner-Wohlfarth model without shape anisotropy, perfectly rectangular hysteresis loop, temperature = 0 K. Remanence equals to saturation magnetization (Ms). Anisotropy field: mu_0*Hk=(2*K_1+4*K_2)/Ms, where mu_0 is the vacuum permeability. Coercivity: Hc=Hk. Maximum energy product (upper limit)=(1/4)*mu_0*Ms^2, note this value can only be reached if the demagnetization factor is D=0.5 and Hc>0.5*Ms."
      },
      "domain wall width": {
        "value": null
      },
      "domain wall info": {
        "value": null
      },
      "exchange stiffness": {
        "value": null
      },
      "exchange stiffness info": {
        "value": null
      }
    },
    "additional information": {
      "authors": {
        "value": ["ICCRAM"]
      },
      "reference": {
        "value": "S. Curtarolo et al. Computational Materials Science 58 (2012) 218-226"
      },
      "comments": {
        "value": "Hardness parameter=0.901"
      },
      "attached files": {
        "value": [
"Fe1Pd1_#123_1A.cif",
"CONTCAR_Fe1Pd1_#123_1A",
"Fe1Pd1_#123_1A.png"
]
      },
      "attached files info": {
        "value": null
      }
    }
  }
}
