{
  "confidential": {
  "value": false
  }, 
  "name": "NOVAMAG_theory_ICCRAM_Fe1Pd2_#164_1A",
  "properties": {
    "approach": {
      "value": "theory"
    },
    "summary": {
      "value": "crystal, energy, magnetization, MAE"
    },
    "chemistry": {
      "chemical formula": {
        "value": "Fe1Pd2"
      },
      "production info": {
        "value": "initial POSCAR from AFLOW library http://aflow.org/material.php?id=Fe_pvPd_pv/270"
      }
    },
    "crystal": {
      "compound space group": {
        "value": 164
      },
      "unit cell volume": {
        "value": 43.648796
      },
      "lattice parameters": {
        "value": [
          4.31938,
          4.31938,
          2.70146
        ]
      },
      "lattice angles": {
        "value": [
          90.00000,
          90.00000,
          120.00000
        ]
      },
      "atomic positions": {
        "value": [
"Fe1(1a)",
0.00000,
0.00000,
0.00000,
"Pd1(2d)",
0.33333,
0.66667,
0.27258
]
      },
      "crystal info": {
        "value": "software VASP (vasp.5.4.4), k-points mesh 16x16x22, Ecut-off=401.823 eV, PAW_PBE, Fe:PAW_PBE:06Sep2000, Pd:PAW_PBE:04Jan2005, Pressure=0.0 kbar, temperature=0K"
      }
    },
    "thermodynamics": {
      "unit cell energy": {
        "value": -18.79186524
      },
      "unit cell formation enthalpy": {
        "value": -0.119825
      },
      "energy info": {
        "value": "software VASP (vasp.5.4.4), k-points mesh 16x16x22, Ecut-off=401.823 eV, PAW_PBE, Fe:PAW_PBE:06Sep2000, Pd:PAW_PBE:04Jan2005, Pressure=0.0 kbar, temperature=0K"
      },
      "interatomic potentials info": {
        "value": null
      },
      "magnetic free energy": {
        "value": null
      },
      "magnetic free energy info": {
        "value": null
      }
    },
    "magnetics": {
      "unit cell spin polarization": {
        "value": 3.655
      },
      "atomic spin specie": {
        "value": [
"1 Fe",
3.152,
"2 Pd",
0.252,
"3 Pd",
0.252
]
      },
      "saturation magnetization": {
        "value": 0.975
      },
      "magnetization temperature": {
        "value": 0
      },
      "magnetization info": {
        "value": "software VASP (vasp.5.4.4), k-points mesh 16x16x22, Ecut-off=401.823 eV, PAW_PBE, Fe:PAW_PBE:06Sep2000, Pd:PAW_PBE:04Jan2005, Pressure=0.0 kbar, temperature=0K"
      },
      "magnetocrystalline anisotropy energy": {
        "value": [
0.0000000000000000,0,1.0000000000000000,-18.87236081,0.2588190451025207,0,0.9659258262890683,-18.87236650,0.5000000000000000,0,0.8660254037844386,-18.87238262,0.7071067811865476,0,0.7071067811865476,-18.87240730,0.8660254037844386,0,0.5000000000000000,-18.87243300,1.0000000000000000,0,0.0000000000000000,-18.87245990]
      },
      "anisotropy energy type": {
        "value": "uniaxial"
      },
      "magnetocrystalline anisotropy constants": {
        "value": [
-0.315,-0.050]
      },
      "kind of anisotropy": {
        "value": "easy plane"
      },
      "anisotropy info": {
        "value": "software VASP (vasp.5.4.4) with spin-orbit coupling, k-points mesh 16x16x22, Ecut-off=401.823 eV, PAW_PBE, Fe:PAW_PBE:06Sep2000, Pd:PAW_PBE:04Jan2005, Pressure=0.0 kbar, temperature=0K"
      },
      "exchange integrals": {
        "value": null
      },
      "exchange info": {
        "value": null
      },
      "magnetic order": {
        "value": null
      },
      "curie temperature": {
        "value": null
      },
      "curie temperature info": {
        "value": null
      },
      "anisotropy field": {
        "value": null
      },
      "remanence": {
        "value": null
      },
      "coercivity": {
        "value": null
      },
      "energy product": {
        "value": null
      },
      "hysteresis info": {
        "value": null
      },
      "domain wall width": {
        "value": null
      },
      "domain wall info": {
        "value": null
      },
      "exchange stiffness": {
        "value": null
      },
      "exchange stiffness info": {
        "value": null
      }
    },
    "additional information": {
      "authors": {
        "value": ["ICCRAM"]
      },
      "reference": {
        "value": "S. Curtarolo et al. Computational Materials Science 58 (2012) 218-226"
      },
      "comments": {
        "value": null
      },
      "attached files": {
        "value": [
"Fe1Pd2_#164_1A.cif",
"CONTCAR_Fe1Pd2_#164_1A",
"Fe1Pd2_#164_1A.png"
]
      },
      "attached files info": {
        "value": null
      }
    }
  }
}
