{
  "confidential": {
  "value": false
  }, 
  "name": "NOVAMAG_theory_ICCRAM_Fe3Pd4_#191_1A",
  "properties": {
    "approach": {
      "value": "theory"
    },
    "summary": {
      "value": "crystal, energy, magnetization, MAE, coercivity, energy product"
    },
    "chemistry": {
      "chemical formula": {
        "value": "Fe3Pd4"
      },
      "production info": {
        "value": "initial POSCAR from AFLOW library http://aflow.org/material.php?id=Fe_pvPd_pv/363"
      }
    },
    "crystal": {
      "compound space group": {
        "value": 191
      },
      "unit cell volume": {
        "value": 98.695040
      },
      "lattice parameters": {
        "value": [
          4.78370,
          4.78370,
          4.98008
        ]
      },
      "lattice angles": {
        "value": [
          90.00000,
          90.00000,
          120.00000
        ]
      },
      "atomic positions": {
        "value": [
"Fe1(3f)",
0.50000,
0.00000,
0.00000,
"Pd1(2e)",
0.00000,
0.00000,
0.25424,
"Pd2(2d)",
0.33333,
0.66667,
0.50000
]
      },
      "crystal info": {
        "value": "software VASP (vasp.5.4.4), k-points mesh 14x14x12, Ecut-off=401.823 eV, PAW_PBE, Fe:PAW_PBE:06Sep2000, Pd:PAW_PBE:04Jan2005, Pressure=0.0 kbar, temperature=0K"
      }
    },
    "thermodynamics": {
      "unit cell energy": {
        "value": -45.61047895
      },
      "unit cell formation enthalpy": {
        "value": -0.029208
      },
      "energy info": {
        "value": "software VASP (vasp.5.4.4), k-points mesh 14x14x12, Ecut-off=401.823 eV, PAW_PBE, Fe:PAW_PBE:06Sep2000, Pd:PAW_PBE:04Jan2005, Pressure=0.0 kbar, temperature=0K"
      },
      "interatomic potentials info": {
        "value": null
      },
      "magnetic free energy": {
        "value": null
      },
      "magnetic free energy info": {
        "value": null
      }
    },
    "magnetics": {
      "unit cell spin polarization": {
        "value": 9.512
      },
      "atomic spin specie": {
        "value": [
"1 Fe",
2.822,
"2 Fe",
2.822,
"3 Fe",
2.822,
"4 Pd",
0.272,
"5 Pd",
0.272,
"6 Pd",
0.250,
"7 Pd",
0.250
]
      },
      "saturation magnetization": {
        "value": 1.123
      },
      "magnetization temperature": {
        "value": 0
      },
      "magnetization info": {
        "value": "software VASP (vasp.5.4.4), k-points mesh 14x14x12, Ecut-off=401.823 eV, PAW_PBE, Fe:PAW_PBE:06Sep2000, Pd:PAW_PBE:04Jan2005, Pressure=0.0 kbar, temperature=0K"
      },
      "magnetocrystalline anisotropy energy": {
        "value": [
0.0000000000000000,0,1.0000000000000000,-45.78076492,0.2588190451025207,0,0.9659258262890683,-45.78067655,0.5000000000000000,0,0.8660254037844386,-45.78042945,0.7071067811865476,0,0.7071067811865476,-45.78008422,0.8660254037844386,0,0.5000000000000000,-45.77973067,1.0000000000000000,0,0.0000000000000000,-45.77936493]
      },
      "anisotropy energy type": {
        "value": "uniaxial"
      },
      "magnetocrystalline anisotropy constants": {
        "value": [
2.145,0.126]
      },
      "kind of anisotropy": {
        "value": "easy axis"
      },
      "anisotropy info": {
        "value": "software VASP (vasp.5.4.4) with spin-orbit coupling, k-points mesh 14x14x12, Ecut-off=401.823 eV, PAW_PBE, Fe:PAW_PBE:06Sep2000, Pd:PAW_PBE:04Jan2005, Pressure=0.0 kbar, temperature=0K"
      },
      "exchange integrals": {
        "value": null
      },
      "exchange info": {
        "value": null
      },
      "magnetic order": {
        "value": null
      },
      "curie temperature": {
        "value": null
      },
      "curie temperature info": {
        "value": null
      },
      "anisotropy field": {
        "value": 5.364
      },
      "remanence": {
        "value": 1.123
      },
      "coercivity": {
        "value": 5.364
      },
      "energy product": {
        "value": 250.894
      },
      "hysteresis info": {
        "value": "Stoner-Wohlfarth model without shape anisotropy, perfectly rectangular hysteresis loop, temperature = 0 K. Remanence equals to saturation magnetization (Ms). Anisotropy field: mu_0*Hk=(2*K_1+4*K_2)/Ms, where mu_0 is the vacuum permeability. Coercivity: Hc=Hk. Maximum energy product (upper limit)=(1/4)*mu_0*Ms^2, note this value can only be reached if the demagnetization factor is D=0.5 and Hc>0.5*Ms."
      },
      "domain wall width": {
        "value": null
      },
      "domain wall info": {
        "value": null
      },
      "exchange stiffness": {
        "value": null
      },
      "exchange stiffness info": {
        "value": null
      }
    },
    "additional information": {
      "authors": {
        "value": ["ICCRAM"]
      },
      "reference": {
        "value": "S. Curtarolo et al. Computational Materials Science 58 (2012) 218-226"
      },
      "comments": {
        "value": "Hardness parameter=1.462"
      },
      "attached files": {
        "value": [
"Fe3Pd4_#191_1A.cif",
"CONTCAR_Fe3Pd4_#191_1A",
"Fe3Pd4_#191_1A.png"
]
      },
      "attached files info": {
        "value": null
      }
    }
  }
}
