{
  "confidential": {
  "value": false
  }, 
  "name": "NOVAMAG_theory_ICCRAM_Fe4Pd4_#141_1A",
  "properties": {
    "approach": {
      "value": "theory"
    },
    "summary": {
      "value": "crystal, energy, magnetization, MAE"
    },
    "chemistry": {
      "chemical formula": {
        "value": "Fe4Pd4"
      },
      "production info": {
        "value": "initial POSCAR from AFLOW library http://aflow.org/material.php?id=Fe_pvPd_pv/23"
      }
    },
    "crystal": {
      "compound space group": {
        "value": 141
      },
      "unit cell volume": {
        "value": 110.849465
      },
      "lattice parameters": {
        "value": [
          3.78281,
          3.78281,
          7.74650
        ]
      },
      "lattice angles": {
        "value": [
          90.00000,
          90.00000,
          90.00000
        ]
      },
      "atomic positions": {
        "value": [
"Fe1(4b)",
0.00000,
0.25000,
0.37500,
"Pd1(4a)",
0.00000,
0.75000,
0.12500
]
      },
      "crystal info": {
        "value": "software VASP (vasp.5.4.4), k-points mesh 16x16x8, Ecut-off=401.823 eV, PAW_PBE, Fe:PAW_PBE:06Sep2000, Pd:PAW_PBE:04Jan2005, Pressure=0.0 kbar, temperature=0K"
      }
    },
    "thermodynamics": {
      "unit cell energy": {
        "value": -53.94402692
      },
      "unit cell formation enthalpy": {
        "value": -0.125564
      },
      "energy info": {
        "value": "software VASP (vasp.5.4.4), k-points mesh 16x16x8, Ecut-off=401.823 eV, PAW_PBE, Fe:PAW_PBE:06Sep2000, Pd:PAW_PBE:04Jan2005, Pressure=0.0 kbar, temperature=0K"
      },
      "interatomic potentials info": {
        "value": null
      },
      "magnetic free energy": {
        "value": null
      },
      "magnetic free energy info": {
        "value": null
      }
    },
    "magnetics": {
      "unit cell spin polarization": {
        "value": 13.081
      },
      "atomic spin specie": {
        "value": [
"1 Fe",
2.963,
"2 Fe",
2.962,
"3 Fe",
2.962,
"4 Fe",
2.962,
"5 Pd",
0.308,
"6 Pd",
0.308,
"7 Pd",
0.308,
"8 Pd",
0.308
]
      },
      "saturation magnetization": {
        "value": 1.375
      },
      "magnetization temperature": {
        "value": 0
      },
      "magnetization info": {
        "value": "software VASP (vasp.5.4.4), k-points mesh 16x16x8, Ecut-off=401.823 eV, PAW_PBE, Fe:PAW_PBE:06Sep2000, Pd:PAW_PBE:04Jan2005, Pressure=0.0 kbar, temperature=0K"
      },
      "magnetocrystalline anisotropy energy": {
        "value": [
0.0000000000000000,0,1.0000000000000000,-54.11626478,0.2588190451025207,0,0.9659258262890683,-54.11641219,0.5000000000000000,0,0.8660254037844386,-54.11680929,0.7071067811865476,0,0.7071067811865476,-54.11734224,0.8660254037844386,0,0.5000000000000000,-54.11786810,1.0000000000000000,0,0.0000000000000000,-54.11839759]
      },
      "anisotropy energy type": {
        "value": "uniaxial"
      },
      "magnetocrystalline anisotropy constants": {
        "value": [
-3.149,0.070]
      },
      "kind of anisotropy": {
        "value": "easy plane"
      },
      "anisotropy info": {
        "value": "software VASP (vasp.5.4.4) with spin-orbit coupling, k-points mesh 16x16x8, Ecut-off=401.823 eV, PAW_PBE, Fe:PAW_PBE:06Sep2000, Pd:PAW_PBE:04Jan2005, Pressure=0.0 kbar, temperature=0K"
      },
      "exchange integrals": {
        "value": null
      },
      "exchange info": {
        "value": null
      },
      "magnetic order": {
        "value": null
      },
      "curie temperature": {
        "value": null
      },
      "curie temperature info": {
        "value": null
      },
      "anisotropy field": {
        "value": null
      },
      "remanence": {
        "value": null
      },
      "coercivity": {
        "value": null
      },
      "energy product": {
        "value": null
      },
      "hysteresis info": {
        "value": null
      },
      "domain wall width": {
        "value": null
      },
      "domain wall info": {
        "value": null
      },
      "exchange stiffness": {
        "value": null
      },
      "exchange stiffness info": {
        "value": null
      }
    },
    "additional information": {
      "authors": {
        "value": ["ICCRAM"]
      },
      "reference": {
        "value": "S. Curtarolo et al. Computational Materials Science 58 (2012) 218-226"
      },
      "comments": {
        "value": null
      },
      "attached files": {
        "value": [
"Fe4Pd4_#141_1A.cif",
"CONTCAR_Fe4Pd4_#141_1A",
"Fe4Pd4_#141_1A.png"
]
      },
      "attached files info": {
        "value": null
      }
    }
  }
}
