{
  "confidential": {
  "value": false
  }, 
  "name": "NOVAMAG_theory_ICCRAM_Fe4Pd8_#140_1A",
  "properties": {
    "approach": {
      "value": "theory"
    },
    "summary": {
      "value": "crystal, energy, magnetization, MAE"
    },
    "chemistry": {
      "chemical formula": {
        "value": "Fe4Pd8"
      },
      "production info": {
        "value": "initial POSCAR from AFLOW library http://aflow.org/material.php?id=Fe_pvPd_pv/234"
      }
    },
    "crystal": {
      "compound space group": {
        "value": 140
      },
      "unit cell volume": {
        "value": 177.165505
      },
      "lattice parameters": {
        "value": [
          6.07636,
          6.07636,
          4.79836
        ]
      },
      "lattice angles": {
        "value": [
          90.00000,
          90.00000,
          90.00000
        ]
      },
      "atomic positions": {
        "value": [
"Fe1(4a)",
0.00000,
0.00000,
0.25000,
"Pd1(8h)",
0.65527,
0.15527,
0.00000
]
      },
      "crystal info": {
        "value": "software VASP (vasp.5.4.4), k-points mesh 10x10x13, Ecut-off=401.823 eV, PAW_PBE, Fe:PAW_PBE:06Sep2000, Pd:PAW_PBE:04Jan2005, Pressure=0.0 kbar, temperature=0K"
      }
    },
    "thermodynamics": {
      "unit cell energy": {
        "value": -74.65581336
      },
      "unit cell formation enthalpy": {
        "value": 0.032347
      },
      "energy info": {
        "value": "software VASP (vasp.5.4.4), k-points mesh 10x10x13, Ecut-off=401.823 eV, PAW_PBE, Fe:PAW_PBE:06Sep2000, Pd:PAW_PBE:04Jan2005, Pressure=0.0 kbar, temperature=0K"
      },
      "interatomic potentials info": {
        "value": null
      },
      "magnetic free energy": {
        "value": null
      },
      "magnetic free energy info": {
        "value": null
      }
    },
    "magnetics": {
      "unit cell spin polarization": {
        "value": 14.613
      },
      "atomic spin specie": {
        "value": [
"1 Fe",
3.015,
"2 Fe",
3.015,
"3 Fe",
3.015,
"4 Fe",
3.015,
"5 Pd",
0.319,
"6 Pd",
0.319,
"7 Pd",
0.319,
"8 Pd",
0.319,
"9 Pd",
0.318,
"10 Pd",
0.319,
"11 Pd",
0.319,
"12 Pd",
0.318
]
      },
      "saturation magnetization": {
        "value": 0.961
      },
      "magnetization temperature": {
        "value": 0
      },
      "magnetization info": {
        "value": "software VASP (vasp.5.4.4), k-points mesh 10x10x13, Ecut-off=401.823 eV, PAW_PBE, Fe:PAW_PBE:06Sep2000, Pd:PAW_PBE:04Jan2005, Pressure=0.0 kbar, temperature=0K"
      },
      "magnetocrystalline anisotropy energy": {
        "value": [
0.0000000000000000,0,1.0000000000000000,-74.96903284,0.2588190451025207,0,0.9659258262890683,-74.96916258,0.5000000000000000,0,0.8660254037844386,-74.96951600,0.7071067811865476,0,0.7071067811865476,-74.96999957,0.8660254037844386,0,0.5000000000000000,-74.97047751,1.0000000000000000,0,0.0000000000000000,-74.97092474]
      },
      "anisotropy energy type": {
        "value": "uniaxial"
      },
      "magnetocrystalline anisotropy constants": {
        "value": [
-1.785,0.068]
      },
      "kind of anisotropy": {
        "value": "easy plane"
      },
      "anisotropy info": {
        "value": "software VASP (vasp.5.4.4) with spin-orbit coupling, k-points mesh 10x10x13, Ecut-off=401.823 eV, PAW_PBE, Fe:PAW_PBE:06Sep2000, Pd:PAW_PBE:04Jan2005, Pressure=0.0 kbar, temperature=0K"
      },
      "exchange integrals": {
        "value": null
      },
      "exchange info": {
        "value": null
      },
      "magnetic order": {
        "value": null
      },
      "curie temperature": {
        "value": null
      },
      "curie temperature info": {
        "value": null
      },
      "anisotropy field": {
        "value": null
      },
      "remanence": {
        "value": null
      },
      "coercivity": {
        "value": null
      },
      "energy product": {
        "value": null
      },
      "hysteresis info": {
        "value": null
      },
      "domain wall width": {
        "value": null
      },
      "domain wall info": {
        "value": null
      },
      "exchange stiffness": {
        "value": null
      },
      "exchange stiffness info": {
        "value": null
      }
    },
    "additional information": {
      "authors": {
        "value": ["ICCRAM"]
      },
      "reference": {
        "value": "S. Curtarolo et al. Computational Materials Science 58 (2012) 218-226"
      },
      "comments": {
        "value": null
      },
      "attached files": {
        "value": [
"Fe4Pd8_#140_1A.cif",
"CONTCAR_Fe4Pd8_#140_1A",
"Fe4Pd8_#140_1A.png"
]
      },
      "attached files info": {
        "value": null
      }
    }
  }
}
