{
  "confidential": {
  "value": false
  }, 
  "name": "NOVAMAG_theory_ICCRAM_Fe6Pd9_#166_1A",
  "properties": {
    "approach": {
      "value": "theory"
    },
    "summary": {
      "value": "crystal, energy, magnetization, MAE, coercivity, energy product"
    },
    "chemistry": {
      "chemical formula": {
        "value": "Fe6Pd9"
      },
      "production info": {
        "value": "initial POSCAR from AFLOW library http://aflow.org/material.php?id=Fe_pvPd_pv/260"
      }
    },
    "crystal": {
      "compound space group": {
        "value": 166
      },
      "unit cell volume": {
        "value": 212.908220
      },
      "lattice parameters": {
        "value": [
          2.73768,
          2.73768,
          32.80173
        ]
      },
      "lattice angles": {
        "value": [
          90.00000,
          90.00000,
          120.00000
        ]
      },
      "atomic positions": {
        "value": [
"Fe1(6c)",
0.00000,
0.00000,
0.39947,
"Pd1(3a)",
0.00000,
0.00000,
0.00000,
"Pd2(6c)",
0.00000,
0.00000,
0.20315
]
      },
      "crystal info": {
        "value": "software VASP (vasp.5.4.4), k-points mesh 25x25x2, Ecut-off=401.823 eV, PAW_PBE, Fe:PAW_PBE:06Sep2000, Pd:PAW_PBE:04Jan2005, Pressure=0.0 kbar, temperature=0K"
      }
    },
    "thermodynamics": {
      "unit cell energy": {
        "value": -96.93074298
      },
      "unit cell formation enthalpy": {
        "value": -0.550776
      },
      "energy info": {
        "value": "software VASP (vasp.5.4.4), k-points mesh 25x25x2, Ecut-off=401.823 eV, PAW_PBE, Fe:PAW_PBE:06Sep2000, Pd:PAW_PBE:04Jan2005, Pressure=0.0 kbar, temperature=0K"
      },
      "interatomic potentials info": {
        "value": null
      },
      "magnetic free energy": {
        "value": null
      },
      "magnetic free energy info": {
        "value": null
      }
    },
    "magnetics": {
      "unit cell spin polarization": {
        "value": 20.438
      },
      "atomic spin specie": {
        "value": [
"1 Fe",
2.986,
"2 Fe",
2.986,
"3 Fe",
2.986,
"4 Fe",
2.986,
"5 Fe",
2.986,
"6 Fe",
2.986,
"7 Pd",
0.259,
"8 Pd",
0.258,
"9 Pd",
0.258,
"10 Pd",
0.292,
"11 Pd",
0.291,
"12 Pd",
0.291,
"13 Pd",
0.291,
"14 Pd",
0.291,
"15 Pd",
0.291
]
      },
      "saturation magnetization": {
        "value": 1.118
      },
      "magnetization temperature": {
        "value": 0
      },
      "magnetization info": {
        "value": "software VASP (vasp.5.4.4), k-points mesh 25x25x2, Ecut-off=401.823 eV, PAW_PBE, Fe:PAW_PBE:06Sep2000, Pd:PAW_PBE:04Jan2005, Pressure=0.0 kbar, temperature=0K"
      },
      "magnetocrystalline anisotropy energy": {
        "value": [
0.0000000000000000,0,1.0000000000000000,-97.30420564,0.2588190451025207,0,0.9659258262890683,-97.30409061,0.5000000000000000,0,0.8660254037844386,-97.30377986,0.7071067811865476,0,0.7071067811865476,-97.30336339,0.8660254037844386,0,0.5000000000000000,-97.30294228,1.0000000000000000,0,0.0000000000000000,-97.30251171]
      },
      "anisotropy energy type": {
        "value": "uniaxial"
      },
      "magnetocrystalline anisotropy constants": {
        "value": [
1.266,0.007]
      },
      "kind of anisotropy": {
        "value": "easy axis"
      },
      "anisotropy info": {
        "value": "software VASP (vasp.5.4.4) with spin-orbit coupling, k-points mesh 25x25x2, Ecut-off=401.823 eV, PAW_PBE, Fe:PAW_PBE:06Sep2000, Pd:PAW_PBE:04Jan2005, Pressure=0.0 kbar, temperature=0K"
      },
      "exchange integrals": {
        "value": null
      },
      "exchange info": {
        "value": null
      },
      "magnetic order": {
        "value": null
      },
      "curie temperature": {
        "value": null
      },
      "curie temperature info": {
        "value": null
      },
      "anisotropy field": {
        "value": 2.877
      },
      "remanence": {
        "value": 1.118
      },
      "coercivity": {
        "value": 2.877
      },
      "energy product": {
        "value": 248.665
      },
      "hysteresis info": {
        "value": "Stoner-Wohlfarth model without shape anisotropy, perfectly rectangular hysteresis loop, temperature = 0 K. Remanence equals to saturation magnetization (Ms). Anisotropy field: mu_0*Hk=(2*K_1+4*K_2)/Ms, where mu_0 is the vacuum permeability. Coercivity: Hc=Hk. Maximum energy product (upper limit)=(1/4)*mu_0*Ms^2, note this value can only be reached if the demagnetization factor is D=0.5 and Hc>0.5*Ms."
      },
      "domain wall width": {
        "value": null
      },
      "domain wall info": {
        "value": null
      },
      "exchange stiffness": {
        "value": null
      },
      "exchange stiffness info": {
        "value": null
      }
    },
    "additional information": {
      "authors": {
        "value": ["ICCRAM"]
      },
      "reference": {
        "value": "S. Curtarolo et al. Computational Materials Science 58 (2012) 218-226"
      },
      "comments": {
        "value": "Hardness parameter=1.128"
      },
      "attached files": {
        "value": [
"Fe6Pd9_#166_1A.cif",
"CONTCAR_Fe6Pd9_#166_1A",
"Fe6Pd9_#166_1A.png"
]
      },
      "attached files info": {
        "value": null
      }
    }
  }
}
