{
  "confidential": {
  "value": false
  }, 
  "name": "NOVAMAG_theory_ICCRAM_Fe8Pd6_#139_1A",
  "properties": {
    "approach": {
      "value": "theory"
    },
    "summary": {
      "value": "crystal, energy, magnetization, MAE, coercivity, energy product"
    },
    "chemistry": {
      "chemical formula": {
        "value": "Fe8Pd6"
      },
      "production info": {
        "value": "initial POSCAR from AFLOW library http://aflow.org/material.php?id=Fe_pvPd_pv/264"
      }
    },
    "crystal": {
      "compound space group": {
        "value": 139
      },
      "unit cell volume": {
        "value": 190.355228
      },
      "lattice parameters": {
        "value": [
          2.89056,
          2.89056,
          22.78252
        ]
      },
      "lattice angles": {
        "value": [
          90.00000,
          90.00000,
          90.00000
        ]
      },
      "atomic positions": {
        "value": [
"Fe1(4e)",
0.00000,
0.00000,
0.13553,
"Fe2(4e)",
0.00000,
0.00000,
0.42591,
"Pd1(2a)",
0.00000,
0.00000,
0.00000,
"Pd2(4e)",
0.00000,
0.00000,
0.29359
]
      },
      "crystal info": {
        "value": "software VASP (vasp.5.4.4), k-points mesh 21x21x3, Ecut-off=401.823 eV, PAW_PBE, Fe:PAW_PBE:06Sep2000, Pd:PAW_PBE:04Jan2005, Pressure=0.0 kbar, temperature=0K"
      }
    },
    "thermodynamics": {
      "unit cell energy": {
        "value": -97.41002424
      },
      "unit cell formation enthalpy": {
        "value": -0.207948
      },
      "energy info": {
        "value": "software VASP (vasp.5.4.4), k-points mesh 21x21x3, Ecut-off=401.823 eV, PAW_PBE, Fe:PAW_PBE:06Sep2000, Pd:PAW_PBE:04Jan2005, Pressure=0.0 kbar, temperature=0K"
      },
      "interatomic potentials info": {
        "value": null
      },
      "magnetic free energy": {
        "value": null
      },
      "magnetic free energy info": {
        "value": null
      }
    },
    "magnetics": {
      "unit cell spin polarization": {
        "value": 24.465
      },
      "atomic spin specie": {
        "value": [
"1 Fe",
2.843,
"2 Fe",
2.843,
"3 Fe",
2.843,
"4 Fe",
2.843,
"5 Fe",
2.824,
"6 Fe",
2.824,
"7 Fe",
2.824,
"8 Fe",
2.824,
"9 Pd",
0.357,
"10 Pd",
0.357,
"11 Pd",
0.271,
"12 Pd",
0.271,
"13 Pd",
0.271,
"14 Pd",
0.271
]
      },
      "saturation magnetization": {
        "value": 1.497
      },
      "magnetization temperature": {
        "value": 0
      },
      "magnetization info": {
        "value": "software VASP (vasp.5.4.4), k-points mesh 21x21x3, Ecut-off=401.823 eV, PAW_PBE, Fe:PAW_PBE:06Sep2000, Pd:PAW_PBE:04Jan2005, Pressure=0.0 kbar, temperature=0K"
      },
      "magnetocrystalline anisotropy energy": {
        "value": [
0.0000000000000000,0,1.0000000000000000,-97.68370841,0.2588190451025207,0,0.9659258262890683,-97.68361268,0.5000000000000000,0,0.8660254037844386,-97.68333635,0.7071067811865476,0,0.7071067811865476,-97.68294975,0.8660254037844386,0,0.5000000000000000,-97.68254755,1.0000000000000000,0,0.0000000000000000,-97.68212658]
      },
      "anisotropy energy type": {
        "value": "uniaxial"
      },
      "magnetocrystalline anisotropy constants": {
        "value": [
1.219,0.116]
      },
      "kind of anisotropy": {
        "value": "easy axis"
      },
      "anisotropy info": {
        "value": "software VASP (vasp.5.4.4) with spin-orbit coupling, k-points mesh 21x21x3, Ecut-off=401.823 eV, PAW_PBE, Fe:PAW_PBE:06Sep2000, Pd:PAW_PBE:04Jan2005, Pressure=0.0 kbar, temperature=0K"
      },
      "exchange integrals": {
        "value": null
      },
      "exchange info": {
        "value": null
      },
      "magnetic order": {
        "value": null
      },
      "curie temperature": {
        "value": null
      },
      "curie temperature info": {
        "value": null
      },
      "anisotropy field": {
        "value": 2.436
      },
      "remanence": {
        "value": 1.497
      },
      "coercivity": {
        "value": 2.436
      },
      "energy product": {
        "value": 445.835
      },
      "hysteresis info": {
        "value": "Stoner-Wohlfarth model without shape anisotropy, perfectly rectangular hysteresis loop, temperature = 0 K. Remanence equals to saturation magnetization (Ms). Anisotropy field: mu_0*Hk=(2*K_1+4*K_2)/Ms, where mu_0 is the vacuum permeability. Coercivity: Hc=Hk. Maximum energy product (upper limit)=(1/4)*mu_0*Ms^2, note this value can only be reached if the demagnetization factor is D=0.5 and Hc>0.5*Ms."
      },
      "domain wall width": {
        "value": null
      },
      "domain wall info": {
        "value": null
      },
      "exchange stiffness": {
        "value": null
      },
      "exchange stiffness info": {
        "value": null
      }
    },
    "additional information": {
      "authors": {
        "value": ["ICCRAM"]
      },
      "reference": {
        "value": "S. Curtarolo et al. Computational Materials Science 58 (2012) 218-226"
      },
      "comments": {
        "value": "Hardness parameter=0.827"
      },
      "attached files": {
        "value": [
"Fe8Pd6_#139_1A.cif",
"CONTCAR_Fe8Pd6_#139_1A",
"Fe8Pd6_#139_1A.png"
]
      },
      "attached files info": {
        "value": null
      }
    }
  }
}
