{
  "confidential": {
  "value": false
  }, 
  "name": "NOVAMAG_theory_ICCRAM_Fe8Pd16_#141_1A",
  "properties": {
    "approach": {
      "value": "theory"
    },
    "summary": {
      "value": "crystal, energy, magnetization, MAE"
    },
    "chemistry": {
      "chemical formula": {
        "value": "Fe8Pd16"
      },
      "production info": {
        "value": "initial POSCAR from AFLOW library http://aflow.org/material.php?id=Fe_pvPd_pv/382"
      }
    },
    "crystal": {
      "compound space group": {
        "value": 141
      },
      "unit cell volume": {
        "value": 344.946828
      },
      "lattice parameters": {
        "value": [
          3.85973,
          3.85973,
          23.15463
        ]
      },
      "lattice angles": {
        "value": [
          90.00000,
          90.00000,
          90.00000
        ]
      },
      "atomic positions": {
        "value": [
"Fe1(8e)",
0.00000,
0.25000,
0.79037,
"Pd1(8e)",
0.00000,
0.25000,
0.62470,
"Pd2(8e)",
0.00000,
0.25000,
0.45968
]
      },
      "crystal info": {
        "value": "software VASP (vasp.5.4.4), k-points mesh 16x16x3, Ecut-off=401.823 eV, PAW_PBE, Fe:PAW_PBE:06Sep2000, Pd:PAW_PBE:04Jan2005, Pressure=0.0 kbar, temperature=0K"
      }
    },
    "thermodynamics": {
      "unit cell energy": {
        "value": -151.48904690
      },
      "unit cell formation enthalpy": {
        "value": -2.112727
      },
      "energy info": {
        "value": "software VASP (vasp.5.4.4), k-points mesh 16x16x3, Ecut-off=401.823 eV, PAW_PBE, Fe:PAW_PBE:06Sep2000, Pd:PAW_PBE:04Jan2005, Pressure=0.0 kbar, temperature=0K"
      },
      "interatomic potentials info": {
        "value": null
      },
      "magnetic free energy": {
        "value": null
      },
      "magnetic free energy info": {
        "value": null
      }
    },
    "magnetics": {
      "unit cell spin polarization": {
        "value": 29.714
      },
      "atomic spin specie": {
        "value": [
"1 Fe",
3.111,
"2 Fe",
3.111,
"3 Fe",
3.111,
"4 Fe",
3.111,
"5 Fe",
3.111,
"6 Fe",
3.111,
"7 Fe",
3.111,
"8 Fe",
3.111,
"9 Pd",
0.295,
"10 Pd",
0.295,
"11 Pd",
0.295,
"12 Pd",
0.294,
"13 Pd",
0.295,
"14 Pd",
0.295,
"15 Pd",
0.295,
"16 Pd",
0.296,
"17 Pd",
0.308,
"18 Pd",
0.308,
"19 Pd",
0.308,
"20 Pd",
0.308,
"21 Pd",
0.308,
"22 Pd",
0.308,
"23 Pd",
0.308,
"24 Pd",
0.308
]
      },
      "saturation magnetization": {
        "value": 1.003
      },
      "magnetization temperature": {
        "value": 0
      },
      "magnetization info": {
        "value": "software VASP (vasp.5.4.4), k-points mesh 16x16x3, Ecut-off=401.823 eV, PAW_PBE, Fe:PAW_PBE:06Sep2000, Pd:PAW_PBE:04Jan2005, Pressure=0.0 kbar, temperature=0K"
      },
      "magnetocrystalline anisotropy energy": {
        "value": [
0.0000000000000000,0,1.0000000000000000,-152.13246747,0.2588190451025207,0,0.9659258262890683,-152.13251229,0.5000000000000000,0,0.8660254037844386,-152.13263428,0.7071067811865476,0,0.7071067811865476,-152.13280335,0.8660254037844386,0,0.5000000000000000,-152.13297197,1.0000000000000000,0,0.0000000000000000,-152.13314617]
      },
      "anisotropy energy type": {
        "value": "uniaxial"
      },
      "magnetocrystalline anisotropy constants": {
        "value": [
-0.308,-0.007]
      },
      "kind of anisotropy": {
        "value": "easy plane"
      },
      "anisotropy info": {
        "value": "software VASP (vasp.5.4.4) with spin-orbit coupling, k-points mesh 16x16x3, Ecut-off=401.823 eV, PAW_PBE, Fe:PAW_PBE:06Sep2000, Pd:PAW_PBE:04Jan2005, Pressure=0.0 kbar, temperature=0K"
      },
      "exchange integrals": {
        "value": null
      },
      "exchange info": {
        "value": null
      },
      "magnetic order": {
        "value": null
      },
      "curie temperature": {
        "value": null
      },
      "curie temperature info": {
        "value": null
      },
      "anisotropy field": {
        "value": null
      },
      "remanence": {
        "value": null
      },
      "coercivity": {
        "value": null
      },
      "energy product": {
        "value": null
      },
      "hysteresis info": {
        "value": null
      },
      "domain wall width": {
        "value": null
      },
      "domain wall info": {
        "value": null
      },
      "exchange stiffness": {
        "value": null
      },
      "exchange stiffness info": {
        "value": null
      }
    },
    "additional information": {
      "authors": {
        "value": ["ICCRAM"]
      },
      "reference": {
        "value": "S. Curtarolo et al. Computational Materials Science 58 (2012) 218-226"
      },
      "comments": {
        "value": null
      },
      "attached files": {
        "value": [
"Fe8Pd16_#141_1A.cif",
"CONTCAR_Fe8Pd16_#141_1A",
"Fe8Pd16_#141_1A.png"
]
      },
      "attached files info": {
        "value": null
      }
    }
  }
}
