{
  "confidential": {
  "value": false
  }, 
  "name": "NOVAMAG_theory_ICCRAM_Fe8Pd10_#139_1A",
  "properties": {
    "approach": {
      "value": "theory"
    },
    "summary": {
      "value": "crystal, energy, magnetization, MAE"
    },
    "chemistry": {
      "chemical formula": {
        "value": "Fe8Pd10"
      },
      "production info": {
        "value": "initial POSCAR from AFLOW library http://aflow.org/material.php?id=Fe_pvPd_pv/313"
      }
    },
    "crystal": {
      "compound space group": {
        "value": 139
      },
      "unit cell volume": {
        "value": 251.914385
      },
      "lattice parameters": {
        "value": [
          8.07207,
          8.07207,
          3.86619
        ]
      },
      "lattice angles": {
        "value": [
          90.00000,
          90.00000,
          90.00000
        ]
      },
      "atomic positions": {
        "value": [
"Fe1(8i)",
0.65828,
0.00000,
0.00000,
"Pd1(2a)",
0.00000,
0.00000,
0.00000,
"Pd2(8h)",
0.33044,
0.33044,
0.00000
]
      },
      "crystal info": {
        "value": "software VASP (vasp.5.4.4), k-points mesh 7x7x16, Ecut-off=401.823 eV, PAW_PBE, Fe:PAW_PBE:06Sep2000, Pd:PAW_PBE:04Jan2005, Pressure=0.0 kbar, temperature=0K"
      }
    },
    "thermodynamics": {
      "unit cell energy": {
        "value": -118.87700452
      },
      "unit cell formation enthalpy": {
        "value": -0.805230
      },
      "energy info": {
        "value": "software VASP (vasp.5.4.4), k-points mesh 7x7x16, Ecut-off=401.823 eV, PAW_PBE, Fe:PAW_PBE:06Sep2000, Pd:PAW_PBE:04Jan2005, Pressure=0.0 kbar, temperature=0K"
      },
      "interatomic potentials info": {
        "value": null
      },
      "magnetic free energy": {
        "value": null
      },
      "magnetic free energy info": {
        "value": null
      }
    },
    "magnetics": {
      "unit cell spin polarization": {
        "value": 26.218
      },
      "atomic spin specie": {
        "value": [
"1 Fe",
2.943,
"2 Fe",
2.943,
"3 Fe",
2.943,
"4 Fe",
2.943,
"5 Fe",
2.944,
"6 Fe",
2.944,
"7 Fe",
2.944,
"8 Fe",
2.944,
"9 Pd",
0.280,
"10 Pd",
0.279,
"11 Pd",
0.264,
"12 Pd",
0.264,
"13 Pd",
0.264,
"14 Pd",
0.264,
"15 Pd",
0.264,
"16 Pd",
0.264,
"17 Pd",
0.264,
"18 Pd",
0.264
]
      },
      "saturation magnetization": {
        "value": 1.212
      },
      "magnetization temperature": {
        "value": 0
      },
      "magnetization info": {
        "value": "software VASP (vasp.5.4.4), k-points mesh 7x7x16, Ecut-off=401.823 eV, PAW_PBE, Fe:PAW_PBE:06Sep2000, Pd:PAW_PBE:04Jan2005, Pressure=0.0 kbar, temperature=0K"
      },
      "magnetocrystalline anisotropy energy": {
        "value": [
0.0000000000000000,0,1.0000000000000000,-119.29941122,0.2588190451025207,0,0.9659258262890683,-119.29941033,0.5000000000000000,0,0.8660254037844386,-119.29943484,0.7071067811865476,0,0.7071067811865476,-119.29947271,0.8660254037844386,0,0.5000000000000000,-119.29951065,1.0000000000000000,0,0.0000000000000000,-119.29957324]
      },
      "anisotropy energy type": {
        "value": "uniaxial"
      },
      "magnetocrystalline anisotropy constants": {
        "value": [
-0.044,-0.059]
      },
      "kind of anisotropy": {
        "value": "easy plane"
      },
      "anisotropy info": {
        "value": "software VASP (vasp.5.4.4) with spin-orbit coupling, k-points mesh 7x7x16, Ecut-off=401.823 eV, PAW_PBE, Fe:PAW_PBE:06Sep2000, Pd:PAW_PBE:04Jan2005, Pressure=0.0 kbar, temperature=0K"
      },
      "exchange integrals": {
        "value": null
      },
      "exchange info": {
        "value": null
      },
      "magnetic order": {
        "value": null
      },
      "curie temperature": {
        "value": null
      },
      "curie temperature info": {
        "value": null
      },
      "anisotropy field": {
        "value": null
      },
      "remanence": {
        "value": null
      },
      "coercivity": {
        "value": null
      },
      "energy product": {
        "value": null
      },
      "hysteresis info": {
        "value": null
      },
      "domain wall width": {
        "value": null
      },
      "domain wall info": {
        "value": null
      },
      "exchange stiffness": {
        "value": null
      },
      "exchange stiffness info": {
        "value": null
      }
    },
    "additional information": {
      "authors": {
        "value": ["ICCRAM"]
      },
      "reference": {
        "value": "S. Curtarolo et al. Computational Materials Science 58 (2012) 218-226"
      },
      "comments": {
        "value": null
      },
      "attached files": {
        "value": [
"Fe8Pd10_#139_1A.cif",
"CONTCAR_Fe8Pd10_#139_1A",
"Fe8Pd10_#139_1A.png"
]
      },
      "attached files info": {
        "value": null
      }
    }
  }
}
