{
  "confidential": {
  "value": false
  }, 
  "name": "NOVAMAG_theory_ICCRAM_Fe8Pd10_#193_1A",
  "properties": {
    "approach": {
      "value": "theory"
    },
    "summary": {
      "value": "crystal, energy, magnetization, MAE"
    },
    "chemistry": {
      "chemical formula": {
        "value": "Fe8Pd10"
      },
      "production info": {
        "value": "initial POSCAR from AFLOW library http://aflow.org/material.php?id=Fe_pvPd_pv/359"
      }
    },
    "crystal": {
      "compound space group": {
        "value": 193
      },
      "unit cell volume": {
        "value": 256.658536
      },
      "lattice parameters": {
        "value": [
          7.50022,
          7.50022,
          5.26838
        ]
      },
      "lattice angles": {
        "value": [
          90.00000,
          90.00000,
          120.00000
        ]
      },
      "atomic positions": {
        "value": [
"Fe1(2b)",
0.00000,
0.00000,
0.00000,
"Fe2(6g)",
0.66968,
0.00000,
0.25000,
"Pd1(6g)",
0.32853,
0.00000,
0.25000,
"Pd2(4d)",
0.33333,
0.66667,
0.00000
]
      },
      "crystal info": {
        "value": "software VASP (vasp.5.4.4), k-points mesh 9x9x11, Ecut-off=401.823 eV, PAW_PBE, Fe:PAW_PBE:06Sep2000, Pd:PAW_PBE:04Jan2005, Pressure=0.0 kbar, temperature=0K"
      }
    },
    "thermodynamics": {
      "unit cell energy": {
        "value": -118.08207566
      },
      "unit cell formation enthalpy": {
        "value": -0.010302
      },
      "energy info": {
        "value": "software VASP (vasp.5.4.4), k-points mesh 9x9x11, Ecut-off=401.823 eV, PAW_PBE, Fe:PAW_PBE:06Sep2000, Pd:PAW_PBE:04Jan2005, Pressure=0.0 kbar, temperature=0K"
      },
      "interatomic potentials info": {
        "value": null
      },
      "magnetic free energy": {
        "value": null
      },
      "magnetic free energy info": {
        "value": null
      }
    },
    "magnetics": {
      "unit cell spin polarization": {
        "value": 27.171
      },
      "atomic spin specie": {
        "value": [
"1 Fe",
2.869,
"2 Fe",
2.869,
"3 Fe",
3.108,
"4 Fe",
3.108,
"5 Fe",
3.108,
"6 Fe",
3.108,
"7 Fe",
3.108,
"8 Fe",
3.108,
"9 Pd",
0.292,
"10 Pd",
0.292,
"11 Pd",
0.292,
"12 Pd",
0.292,
"13 Pd",
0.292,
"14 Pd",
0.292,
"15 Pd",
0.258,
"16 Pd",
0.258,
"17 Pd",
0.258,
"18 Pd",
0.258
]
      },
      "saturation magnetization": {
        "value": 1.233
      },
      "magnetization temperature": {
        "value": 0
      },
      "magnetization info": {
        "value": "software VASP (vasp.5.4.4), k-points mesh 9x9x11, Ecut-off=401.823 eV, PAW_PBE, Fe:PAW_PBE:06Sep2000, Pd:PAW_PBE:04Jan2005, Pressure=0.0 kbar, temperature=0K"
      },
      "magnetocrystalline anisotropy energy": {
        "value": [
0.0000000000000000,0,1.0000000000000000,-118.49366102,0.2588190451025207,0,0.9659258262890683,-118.49382973,0.5000000000000000,0,0.8660254037844386,-118.49429730,0.7071067811865476,0,0.7071067811865476,-118.49492885,0.8660254037844386,0,0.5000000000000000,-118.49555750,1.0000000000000000,0,0.0000000000000000,-118.49619504]
      },
      "anisotropy energy type": {
        "value": "uniaxial"
      },
      "magnetocrystalline anisotropy constants": {
        "value": [
-1.583,0.004]
      },
      "kind of anisotropy": {
        "value": "easy plane"
      },
      "anisotropy info": {
        "value": "software VASP (vasp.5.4.4) with spin-orbit coupling, k-points mesh 9x9x11, Ecut-off=401.823 eV, PAW_PBE, Fe:PAW_PBE:06Sep2000, Pd:PAW_PBE:04Jan2005, Pressure=0.0 kbar, temperature=0K"
      },
      "exchange integrals": {
        "value": null
      },
      "exchange info": {
        "value": null
      },
      "magnetic order": {
        "value": null
      },
      "curie temperature": {
        "value": null
      },
      "curie temperature info": {
        "value": null
      },
      "anisotropy field": {
        "value": null
      },
      "remanence": {
        "value": null
      },
      "coercivity": {
        "value": null
      },
      "energy product": {
        "value": null
      },
      "hysteresis info": {
        "value": null
      },
      "domain wall width": {
        "value": null
      },
      "domain wall info": {
        "value": null
      },
      "exchange stiffness": {
        "value": null
      },
      "exchange stiffness info": {
        "value": null
      }
    },
    "additional information": {
      "authors": {
        "value": ["ICCRAM"]
      },
      "reference": {
        "value": "S. Curtarolo et al. Computational Materials Science 58 (2012) 218-226"
      },
      "comments": {
        "value": null
      },
      "attached files": {
        "value": [
"Fe8Pd10_#193_1A.cif",
"CONTCAR_Fe8Pd10_#193_1A",
"Fe8Pd10_#193_1A.png"
]
      },
      "attached files info": {
        "value": null
      }
    }
  }
}
