{
  "confidential": {
  "value": false
  }, 
  "name": "NOVAMAG_theory_ICCRAM_Be1Co3_#187_1A",
  "properties": {
    "approach": {
      "value": "theory"
    },
    "summary": {
      "value": "crystal, energy, magnetization, MAE"
    },
    "chemistry": {
      "chemical formula": {
        "value": "Be1Co3"
      },
      "production info": {
        "value": "initial POSCAR from AFLOW library http://aflow.org/material.php?id=Be_svCo/125"
      }
    },
    "crystal": {
      "compound space group": {
        "value": 187
      },
      "unit cell volume": {
        "value": 39.841484
      },
      "lattice parameters": {
        "value": [
          2.46830,
          2.46830,
          7.55109
        ]
      },
      "lattice angles": {
        "value": [
          90.00000,
          90.00000,
          120.00000
        ]
      },
      "atomic positions": {
        "value": [
"Be1(1a)",
0.00000,
0.00000,
0.00000,
"Co1(1b)",
0.00000,
0.00000,
0.50000,
"Co2(2i)",
0.66667,
0.33333,
0.23726
]
      },
      "crystal info": {
        "value": "software VASP (vasp.5.4.4), k-points mesh 28x28x8, Ecut-off=401.952 eV, PAW_PBE, Be:PAW_PBE:06Sep2000, Co:PAW_PBE:02Aug2007, Pressure=0.0 kbar, temperature=0K"
      }
    },
    "thermodynamics": {
      "unit cell energy": {
        "value": -25.10409019
      },
      "unit cell formation enthalpy": {
        "value": -0.229912
      },
      "energy info": {
        "value": "software VASP (vasp.5.4.4), k-points mesh 28x28x8, Ecut-off=401.952 eV, PAW_PBE, Be:PAW_PBE:06Sep2000, Co:PAW_PBE:02Aug2007, Pressure=0.0 kbar, temperature=0K"
      },
      "interatomic potentials info": {
        "value": null
      },
      "magnetic free energy": {
        "value": null
      },
      "magnetic free energy info": {
        "value": null
      }
    },
    "magnetics": {
      "unit cell spin polarization": {
        "value": 3.776
      },
      "atomic spin specie": {
        "value": [
"1 Be",
-0.081,
"2 Co",
1.541,
"3 Co",
1.157,
"4 Co",
1.157
]
      },
      "saturation magnetization": {
        "value": 1.104
      },
      "magnetization temperature": {
        "value": 0
      },
      "magnetization info": {
        "value": "software VASP (vasp.5.4.4), k-points mesh 28x28x8, Ecut-off=401.952 eV, PAW_PBE, Be:PAW_PBE:06Sep2000, Co:PAW_PBE:02Aug2007, Pressure=0.0 kbar, temperature=0K"
      },
      "magnetocrystalline anisotropy energy": {
        "value": [
0.0000000000000000,0,1.0000000000000000,-25.12825977,0.2588190451025207,0,0.9659258262890683,-25.12826505,0.5000000000000000,0,0.8660254037844386,-25.12827834,0.7071067811865476,0,0.7071067811865476,-25.12829539,0.8660254037844386,0,0.5000000000000000,-25.12831140,1.0000000000000000,0,0.0000000000000000,-25.12832212]
      },
      "anisotropy energy type": {
        "value": "uniaxial"
      },
      "magnetocrystalline anisotropy constants": {
        "value": [
-0.325,0.072]
      },
      "kind of anisotropy": {
        "value": "easy plane"
      },
      "anisotropy info": {
        "value": "software VASP (vasp.5.4.4) with spin-orbit coupling, k-points mesh 28x28x8, Ecut-off=401.952 eV, PAW_PBE, Be:PAW_PBE:06Sep2000, Co:PAW_PBE:02Aug2007, Pressure=0.0 kbar, temperature=0K"
      },
      "exchange integrals": {
        "value": null
      },
      "exchange info": {
        "value": null
      },
      "magnetic order": {
        "value": null
      },
      "curie temperature": {
        "value": null
      },
      "curie temperature info": {
        "value": null
      },
      "anisotropy field": {
        "value": null
      },
      "remanence": {
        "value": null
      },
      "coercivity": {
        "value": null
      },
      "energy product": {
        "value": null
      },
      "hysteresis info": {
        "value": null
      },
      "domain wall width": {
        "value": null
      },
      "domain wall info": {
        "value": null
      },
      "exchange stiffness": {
        "value": null
      },
      "exchange stiffness info": {
        "value": null
      }
    },
    "additional information": {
      "authors": {
        "value": ["ICCRAM"]
      },
      "reference": {
        "value": "S. Curtarolo et al. Computational Materials Science 58 (2012) 218-226"
      },
      "comments": {
        "value": null
      },
      "attached files": {
        "value": [
"Be1Co3_#187_1A.cif",
"CONTCAR_Be1Co3_#187_1A",
"Be1Co3_#187_1A.png"
]
      },
      "attached files info": {
        "value": null
      }
    }
  }
}
