{
  "confidential": {
  "value": false
  }, 
  "name": "NOVAMAG_theory_ICCRAM_Be1Co5_#189_1A",
  "properties": {
    "approach": {
      "value": "theory"
    },
    "summary": {
      "value": "crystal, energy, magnetization, MAE"
    },
    "chemistry": {
      "chemical formula": {
        "value": "Be1Co5"
      },
      "production info": {
        "value": "initial POSCAR from AFLOW library http://aflow.org/material.php?id=Be_svCo/474"
      }
    },
    "crystal": {
      "compound space group": {
        "value": 189
      },
      "unit cell volume": {
        "value": 61.777975
      },
      "lattice parameters": {
        "value": [
          4.23280,
          4.23280,
          3.98151
        ]
      },
      "lattice angles": {
        "value": [
          90.00000,
          90.00000,
          120.00000
        ]
      },
      "atomic positions": {
        "value": [
"Be1(1b)",
0.00000,
0.00000,
0.50000,
"Co1(3f)",
0.67689,
0.00000,
0.00000,
"Co2(2d)",
0.33333,
0.66667,
0.50000
]
      },
      "crystal info": {
        "value": "software VASP (vasp.5.4.4), k-points mesh 16x16x15, Ecut-off=401.952 eV, PAW_PBE, Be:PAW_PBE:06Sep2000, Co:PAW_PBE:02Aug2007, Pressure=0.0 kbar, temperature=0K"
      }
    },
    "thermodynamics": {
      "unit cell energy": {
        "value": -39.25220300
      },
      "unit cell formation enthalpy": {
        "value": -0.306052
      },
      "energy info": {
        "value": "software VASP (vasp.5.4.4), k-points mesh 16x16x15, Ecut-off=401.952 eV, PAW_PBE, Be:PAW_PBE:06Sep2000, Co:PAW_PBE:02Aug2007, Pressure=0.0 kbar, temperature=0K"
      },
      "interatomic potentials info": {
        "value": null
      },
      "magnetic free energy": {
        "value": null
      },
      "magnetic free energy info": {
        "value": null
      }
    },
    "magnetics": {
      "unit cell spin polarization": {
        "value": 7.456
      },
      "atomic spin specie": {
        "value": [
"1 Be",
-0.090,
"2 Co",
1.484,
"3 Co",
1.484,
"4 Co",
1.484,
"5 Co",
1.547,
"6 Co",
1.547
]
      },
      "saturation magnetization": {
        "value": 1.406
      },
      "magnetization temperature": {
        "value": 0
      },
      "magnetization info": {
        "value": "software VASP (vasp.5.4.4), k-points mesh 16x16x15, Ecut-off=401.952 eV, PAW_PBE, Be:PAW_PBE:06Sep2000, Co:PAW_PBE:02Aug2007, Pressure=0.0 kbar, temperature=0K"
      },
      "magnetocrystalline anisotropy energy": {
        "value": [
0.0000000000000000,0,1.0000000000000000,-39.29202020,0.2588190451025207,0,0.9659258262890683,-39.29202563,0.5000000000000000,0,0.8660254037844386,-39.29203903,0.7071067811865476,0,0.7071067811865476,-39.29205341,0.8660254037844386,0,0.5000000000000000,-39.29206252,1.0000000000000000,0,0.0000000000000000,-39.29206396]
      },
      "anisotropy energy type": {
        "value": "uniaxial"
      },
      "magnetocrystalline anisotropy constants": {
        "value": [
-0.231,0.117]
      },
      "kind of anisotropy": {
        "value": "easy cone"
      },
      "anisotropy info": {
        "value": "software VASP (vasp.5.4.4) with spin-orbit coupling, k-points mesh 16x16x15, Ecut-off=401.952 eV, PAW_PBE, Be:PAW_PBE:06Sep2000, Co:PAW_PBE:02Aug2007, Pressure=0.0 kbar, temperature=0K"
      },
      "exchange integrals": {
        "value": null
      },
      "exchange info": {
        "value": null
      },
      "magnetic order": {
        "value": null
      },
      "curie temperature": {
        "value": null
      },
      "curie temperature info": {
        "value": null
      },
      "anisotropy field": {
        "value": null
      },
      "remanence": {
        "value": null
      },
      "coercivity": {
        "value": null
      },
      "energy product": {
        "value": null
      },
      "hysteresis info": {
        "value": null
      },
      "domain wall width": {
        "value": null
      },
      "domain wall info": {
        "value": null
      },
      "exchange stiffness": {
        "value": null
      },
      "exchange stiffness info": {
        "value": null
      }
    },
    "additional information": {
      "authors": {
        "value": ["ICCRAM"]
      },
      "reference": {
        "value": "S. Curtarolo et al. Computational Materials Science 58 (2012) 218-226"
      },
      "comments": {
        "value": null
      },
      "attached files": {
        "value": [
"Be1Co5_#189_1A.cif",
"CONTCAR_Be1Co5_#189_1A",
"Be1Co5_#189_1A.png"
]
      },
      "attached files info": {
        "value": null
      }
    }
  }
}
