{
  "confidential": {
  "value": false
  }, 
  "name": "NOVAMAG_theory_ICCRAM_Be2Co16_#139_1A",
  "properties": {
    "approach": {
      "value": "theory"
    },
    "summary": {
      "value": "crystal, energy, magnetization, MAE"
    },
    "chemistry": {
      "chemical formula": {
        "value": "Be2Co16"
      },
      "production info": {
        "value": "initial POSCAR from AFLOW library http://aflow.org/material.php?id=Be_svCo/312"
      }
    },
    "crystal": {
      "compound space group": {
        "value": 139
      },
      "unit cell volume": {
        "value": 188.950057
      },
      "lattice parameters": {
        "value": [
          7.37101,
          7.37101,
          3.47771
        ]
      },
      "lattice angles": {
        "value": [
          90.00000,
          90.00000,
          90.00000
        ]
      },
      "atomic positions": {
        "value": [
"Be1(2a)",
0.00000,
0.00000,
0.00000,
"Co1(8h)",
0.66555,
0.66555,
0.00000,
"Co2(8i)",
0.33331,
0.00000,
0.00000
]
      },
      "crystal info": {
        "value": "software VASP (vasp.5.4.4), k-points mesh 8x8x17, Ecut-off=401.952 eV, PAW_PBE, Be:PAW_PBE:06Sep2000, Co:PAW_PBE:02Aug2007, Pressure=0.0 kbar, temperature=0K"
      }
    },
    "thermodynamics": {
      "unit cell energy": {
        "value": -120.32178936
      },
      "unit cell formation enthalpy": {
        "value": -0.213569
      },
      "energy info": {
        "value": "software VASP (vasp.5.4.4), k-points mesh 8x8x17, Ecut-off=401.952 eV, PAW_PBE, Be:PAW_PBE:06Sep2000, Co:PAW_PBE:02Aug2007, Pressure=0.0 kbar, temperature=0K"
      },
      "interatomic potentials info": {
        "value": null
      },
      "magnetic free energy": {
        "value": null
      },
      "magnetic free energy info": {
        "value": null
      }
    },
    "magnetics": {
      "unit cell spin polarization": {
        "value": 24.469
      },
      "atomic spin specie": {
        "value": [
"1 Be",
-0.102,
"2 Be",
-0.102,
"3 Co",
1.545,
"4 Co",
1.544,
"5 Co",
1.544,
"6 Co",
1.545,
"7 Co",
1.545,
"8 Co",
1.544,
"9 Co",
1.544,
"10 Co",
1.545,
"11 Co",
1.540,
"12 Co",
1.539,
"13 Co",
1.539,
"14 Co",
1.539,
"15 Co",
1.539,
"16 Co",
1.539,
"17 Co",
1.540,
"18 Co",
1.539
]
      },
      "saturation magnetization": {
        "value": 1.508
      },
      "magnetization temperature": {
        "value": 0
      },
      "magnetization info": {
        "value": "software VASP (vasp.5.4.4), k-points mesh 8x8x17, Ecut-off=401.952 eV, PAW_PBE, Be:PAW_PBE:06Sep2000, Co:PAW_PBE:02Aug2007, Pressure=0.0 kbar, temperature=0K"
      },
      "magnetocrystalline anisotropy energy": {
        "value": [
0.0000000000000000,0,1.0000000000000000,-120.45604183,0.2588190451025207,0,0.9659258262890683,-120.45604022,0.5000000000000000,0,0.8660254037844386,-120.45604013,0.7071067811865476,0,0.7071067811865476,-120.45604011,0.8660254037844386,0,0.5000000000000000,-120.45603607,1.0000000000000000,0,0.0000000000000000,-120.45603016]
      },
      "anisotropy energy type": {
        "value": "uniaxial"
      },
      "magnetocrystalline anisotropy constants": {
        "value": [
-0.000,0.010]
      },
      "kind of anisotropy": {
        "value": null
      },
      "anisotropy info": {
        "value": "software VASP (vasp.5.4.4) with spin-orbit coupling, k-points mesh 8x8x17, Ecut-off=401.952 eV, PAW_PBE, Be:PAW_PBE:06Sep2000, Co:PAW_PBE:02Aug2007, Pressure=0.0 kbar, temperature=0K"
      },
      "exchange integrals": {
        "value": null
      },
      "exchange info": {
        "value": null
      },
      "magnetic order": {
        "value": null
      },
      "curie temperature": {
        "value": null
      },
      "curie temperature info": {
        "value": null
      },
      "anisotropy field": {
        "value": null
      },
      "remanence": {
        "value": null
      },
      "coercivity": {
        "value": null
      },
      "energy product": {
        "value": null
      },
      "hysteresis info": {
        "value": null
      },
      "domain wall width": {
        "value": null
      },
      "domain wall info": {
        "value": null
      },
      "exchange stiffness": {
        "value": null
      },
      "exchange stiffness info": {
        "value": null
      }
    },
    "additional information": {
      "authors": {
        "value": ["ICCRAM"]
      },
      "reference": {
        "value": "S. Curtarolo et al. Computational Materials Science 58 (2012) 218-226"
      },
      "comments": {
        "value": hard_param
      },
      "attached files": {
        "value": [
"Be2Co16_#139_1A.cif",
"CONTCAR_Be2Co16_#139_1A",
"Be2Co16_#139_1A.png"
]
      },
      "attached files info": {
        "value": null
      }
    }
  }
}
