{
  "confidential": {
  "value": false
  }, 
  "name": "NOVAMAG_theory_ICCRAM_Be3Co9_#166_1A",
  "properties": {
    "approach": {
      "value": "theory"
    },
    "summary": {
      "value": "crystal, energy, magnetization, MAE"
    },
    "chemistry": {
      "chemical formula": {
        "value": "Be3Co9"
      },
      "production info": {
        "value": "initial POSCAR from AFLOW library http://aflow.org/material.php?id=Be_svCo/68"
      }
    },
    "crystal": {
      "compound space group": {
        "value": 166
      },
      "unit cell volume": {
        "value": 122.238207
      },
      "lattice parameters": {
        "value": [
          7.63904,
          7.63904,
          2.41879
        ]
      },
      "lattice angles": {
        "value": [
          90.00000,
          90.00000,
          120.00000
        ]
      },
      "atomic positions": {
        "value": [
"Be1(3a)",
0.00000,
0.00000,
0.00000,
"Co1(9e)",
0.50000,
0.00000,
0.00000
]
      },
      "crystal info": {
        "value": "software VASP (vasp.5.4.4), k-points mesh 9x9x25, Ecut-off=401.952 eV, PAW_PBE, Be:PAW_PBE:06Sep2000, Co:PAW_PBE:02Aug2007, Pressure=0.0 kbar, temperature=0K"
      }
    },
    "thermodynamics": {
      "unit cell energy": {
        "value": -74.66465980
      },
      "unit cell formation enthalpy": {
        "value": -0.042124
      },
      "energy info": {
        "value": "software VASP (vasp.5.4.4), k-points mesh 9x9x25, Ecut-off=401.952 eV, PAW_PBE, Be:PAW_PBE:06Sep2000, Co:PAW_PBE:02Aug2007, Pressure=0.0 kbar, temperature=0K"
      },
      "interatomic potentials info": {
        "value": null
      },
      "magnetic free energy": {
        "value": null
      },
      "magnetic free energy info": {
        "value": null
      }
    },
    "magnetics": {
      "unit cell spin polarization": {
        "value": 13.195
      },
      "atomic spin specie": {
        "value": [
"1 Be",
-0.068,
"2 Be",
-0.068,
"3 Be",
-0.068,
"4 Co",
1.488,
"5 Co",
1.489,
"6 Co",
1.489,
"7 Co",
1.489,
"8 Co",
1.489,
"9 Co",
1.489,
"10 Co",
1.489,
"11 Co",
1.489,
"12 Co",
1.489
]
      },
      "saturation magnetization": {
        "value": 1.257
      },
      "magnetization temperature": {
        "value": 0
      },
      "magnetization info": {
        "value": "software VASP (vasp.5.4.4), k-points mesh 9x9x25, Ecut-off=401.952 eV, PAW_PBE, Be:PAW_PBE:06Sep2000, Co:PAW_PBE:02Aug2007, Pressure=0.0 kbar, temperature=0K"
      },
      "magnetocrystalline anisotropy energy": {
        "value": [
0.0000000000000000,0,1.0000000000000000,-74.73861250,0.2588190451025207,0,0.9659258262890683,-74.73860283,0.5000000000000000,0,0.8660254037844386,-74.73859562,0.7071067811865476,0,0.7071067811865476,-74.73859564,0.8660254037844386,0,0.5000000000000000,-74.73860523,1.0000000000000000,0,0.0000000000000000,-74.73862296]
      },
      "anisotropy energy type": {
        "value": "uniaxial"
      },
      "magnetocrystalline anisotropy constants": {
        "value": [
0.110,-0.125]
      },
      "kind of anisotropy": {
        "value": null
      },
      "anisotropy info": {
        "value": "software VASP (vasp.5.4.4) with spin-orbit coupling, k-points mesh 9x9x25, Ecut-off=401.952 eV, PAW_PBE, Be:PAW_PBE:06Sep2000, Co:PAW_PBE:02Aug2007, Pressure=0.0 kbar, temperature=0K"
      },
      "exchange integrals": {
        "value": null
      },
      "exchange info": {
        "value": null
      },
      "magnetic order": {
        "value": null
      },
      "curie temperature": {
        "value": null
      },
      "curie temperature info": {
        "value": null
      },
      "anisotropy field": {
        "value": null
      },
      "remanence": {
        "value": null
      },
      "coercivity": {
        "value": null
      },
      "energy product": {
        "value": null
      },
      "hysteresis info": {
        "value": null
      },
      "domain wall width": {
        "value": null
      },
      "domain wall info": {
        "value": null
      },
      "exchange stiffness": {
        "value": null
      },
      "exchange stiffness info": {
        "value": null
      }
    },
    "additional information": {
      "authors": {
        "value": ["ICCRAM"]
      },
      "reference": {
        "value": "S. Curtarolo et al. Computational Materials Science 58 (2012) 218-226"
      },
      "comments": {
        "value": hard_param
      },
      "attached files": {
        "value": [
"Be3Co9_#166_1A.cif",
"CONTCAR_Be3Co9_#166_1A",
"Be3Co9_#166_1A.png"
]
      },
      "attached files info": {
        "value": null
      }
    }
  }
}
