{
  "confidential": {
  "value": false
  }, 
  "name": "NOVAMAG_theory_ICCRAM_Be4Co12_#194_1A",
  "properties": {
    "approach": {
      "value": "theory"
    },
    "summary": {
      "value": "crystal, energy, magnetization, MAE, coercivity, energy product"
    },
    "chemistry": {
      "chemical formula": {
        "value": "Be4Co12"
      },
      "production info": {
        "value": "initial POSCAR from AFLOW library http://aflow.org/material.php?id=Be_svCo/245"
      }
    },
    "crystal": {
      "compound space group": {
        "value": 194
      },
      "unit cell volume": {
        "value": 161.717184
      },
      "lattice parameters": {
        "value": [
          4.86852,
          4.86852,
          7.87829
        ]
      },
      "lattice angles": {
        "value": [
          90.00000,
          90.00000,
          120.00000
        ]
      },
      "atomic positions": {
        "value": [
"Be1(2a)",
0.00000,
0.00000,
0.00000,
"Be2(2c)",
0.33333,
0.66667,
0.25000,
"Co1(6g)",
0.50000,
0.00000,
0.00000,
"Co2(6h)",
0.83749,
0.67499,
0.25000
]
      },
      "crystal info": {
        "value": "software VASP (vasp.5.4.4), k-points mesh 14x14x8, Ecut-off=401.952 eV, PAW_PBE, Be:PAW_PBE:06Sep2000, Co:PAW_PBE:02Aug2007, Pressure=0.0 kbar, temperature=0K"
      }
    },
    "thermodynamics": {
      "unit cell energy": {
        "value": -100.02498198
      },
      "unit cell formation enthalpy": {
        "value": -0.528268
      },
      "energy info": {
        "value": "software VASP (vasp.5.4.4), k-points mesh 14x14x8, Ecut-off=401.952 eV, PAW_PBE, Be:PAW_PBE:06Sep2000, Co:PAW_PBE:02Aug2007, Pressure=0.0 kbar, temperature=0K"
      },
      "interatomic potentials info": {
        "value": null
      },
      "magnetic free energy": {
        "value": null
      },
      "magnetic free energy info": {
        "value": null
      }
    },
    "magnetics": {
      "unit cell spin polarization": {
        "value": 17.657
      },
      "atomic spin specie": {
        "value": [
"1 Be",
-0.089,
"2 Be",
-0.089,
"3 Be",
-0.098,
"4 Be",
-0.098,
"5 Co",
1.535,
"6 Co",
1.537,
"7 Co",
1.535,
"8 Co",
1.537,
"9 Co",
1.535,
"10 Co",
1.537,
"11 Co",
1.469,
"12 Co",
1.469,
"13 Co",
1.469,
"14 Co",
1.469,
"15 Co",
1.469,
"16 Co",
1.469
]
      },
      "saturation magnetization": {
        "value": 1.272
      },
      "magnetization temperature": {
        "value": 0
      },
      "magnetization info": {
        "value": "software VASP (vasp.5.4.4), k-points mesh 14x14x8, Ecut-off=401.952 eV, PAW_PBE, Be:PAW_PBE:06Sep2000, Co:PAW_PBE:02Aug2007, Pressure=0.0 kbar, temperature=0K"
      },
      "magnetocrystalline anisotropy energy": {
        "value": [
0.0000000000000000,0,1.0000000000000000,-100.13104321,0.2588190451025207,0,0.9659258262890683,-100.13098234,0.5000000000000000,0,0.8660254037844386,-100.13082138,0.7071067811865476,0,0.7071067811865476,-100.13060475,0.8660254037844386,0,0.5000000000000000,-100.13038327,1.0000000000000000,0,0.0000000000000000,-100.13013878]
      },
      "anisotropy energy type": {
        "value": "uniaxial"
      },
      "magnetocrystalline anisotropy constants": {
        "value": [
0.847,0.043]
      },
      "kind of anisotropy": {
        "value": "easy axis"
      },
      "anisotropy info": {
        "value": "software VASP (vasp.5.4.4) with spin-orbit coupling, k-points mesh 14x14x8, Ecut-off=401.952 eV, PAW_PBE, Be:PAW_PBE:06Sep2000, Co:PAW_PBE:02Aug2007, Pressure=0.0 kbar, temperature=0K"
      },
      "exchange integrals": {
        "value": null
      },
      "exchange info": {
        "value": null
      },
      "magnetic order": {
        "value": null
      },
      "curie temperature": {
        "value": null
      },
      "curie temperature info": {
        "value": null
      },
      "anisotropy field": {
        "value": 1.843
      },
      "remanence": {
        "value": 1.272
      },
      "coercivity": {
        "value": 1.843
      },
      "energy product": {
        "value": 321.888
      },
      "hysteresis info": {
        "value": "Stoner-Wohlfarth model without shape anisotropy, perfectly rectangular hysteresis loop, temperature = 0 K. Remanence equals to saturation magnetization (Ms). Anisotropy field: mu_0*Hk=(2*K_1+4*K_2)/Ms, where mu_0 is the vacuum permeability. Coercivity: Hc=Hk. Maximum energy product (upper limit)=(1/4)*mu_0*Ms^2, note this value can only be reached if the demagnetization factor is D=0.5 and Hc>0.5*Ms."
      },
      "domain wall width": {
        "value": null
      },
      "domain wall info": {
        "value": null
      },
      "exchange stiffness": {
        "value": null
      },
      "exchange stiffness info": {
        "value": null
      }
    },
    "additional information": {
      "authors": {
        "value": ["ICCRAM"]
      },
      "reference": {
        "value": "S. Curtarolo et al. Computational Materials Science 58 (2012) 218-226"
      },
      "comments": {
        "value": "Hardness parameter=0.811"
      },
      "attached files": {
        "value": [
"Be4Co12_#194_1A.cif",
"CONTCAR_Be4Co12_#194_1A",
"Be4Co12_#194_1A.png"
]
      },
      "attached files info": {
        "value": null
      }
    }
  }
}
