{
  "confidential": {
  "value": false
  }, 
  "name": "NOVAMAG_theory_ICCRAM_Be6Co18_#194_1A",
  "properties": {
    "approach": {
      "value": "theory"
    },
    "summary": {
      "value": "crystal, energy, magnetization, MAE, coercivity, energy product"
    },
    "chemistry": {
      "chemical formula": {
        "value": "Be6Co18"
      },
      "production info": {
        "value": "initial POSCAR from AFLOW library http://aflow.org/material.php?id=Be_svCo/238"
      }
    },
    "crystal": {
      "compound space group": {
        "value": 194
      },
      "unit cell volume": {
        "value": 242.884772
      },
      "lattice parameters": {
        "value": [
          4.86357,
          4.86357,
          11.85657
        ]
      },
      "lattice angles": {
        "value": [
          90.00000,
          90.00000,
          120.00000
        ]
      },
      "atomic positions": {
        "value": [
"Be1(2b)",
0.00000,
0.00000,
0.25000,
"Be2(4f)",
0.33333,
0.66667,
-0.07900,
"Co1(6h)",
0.50495,
0.00989,
0.25000,
"Co2(12k)",
0.83412,
0.66825,
-0.08501
]
      },
      "crystal info": {
        "value": "software VASP (vasp.5.4.4), k-points mesh 14x14x5, Ecut-off=401.952 eV, PAW_PBE, Be:PAW_PBE:06Sep2000, Co:PAW_PBE:02Aug2007, Pressure=0.0 kbar, temperature=0K"
      }
    },
    "thermodynamics": {
      "unit cell energy": {
        "value": -149.95539041
      },
      "unit cell formation enthalpy": {
        "value": -0.710320
      },
      "energy info": {
        "value": "software VASP (vasp.5.4.4), k-points mesh 14x14x5, Ecut-off=401.952 eV, PAW_PBE, Be:PAW_PBE:06Sep2000, Co:PAW_PBE:02Aug2007, Pressure=0.0 kbar, temperature=0K"
      },
      "interatomic potentials info": {
        "value": null
      },
      "magnetic free energy": {
        "value": null
      },
      "magnetic free energy info": {
        "value": null
      }
    },
    "magnetics": {
      "unit cell spin polarization": {
        "value": 26.706
      },
      "atomic spin specie": {
        "value": [
"1 Be",
-0.096,
"2 Be",
-0.096,
"3 Be",
-0.093,
"4 Be",
-0.093,
"5 Be",
-0.093,
"6 Be",
-0.093,
"7 Co",
1.509,
"8 Co",
1.509,
"9 Co",
1.509,
"10 Co",
1.509,
"11 Co",
1.509,
"12 Co",
1.509,
"13 Co",
1.518,
"14 Co",
1.518,
"15 Co",
1.518,
"16 Co",
1.518,
"17 Co",
1.518,
"18 Co",
1.518,
"19 Co",
1.518,
"20 Co",
1.518,
"21 Co",
1.518,
"22 Co",
1.518,
"23 Co",
1.518,
"24 Co",
1.518
]
      },
      "saturation magnetization": {
        "value": 1.281
      },
      "magnetization temperature": {
        "value": 0
      },
      "magnetization info": {
        "value": "software VASP (vasp.5.4.4), k-points mesh 14x14x5, Ecut-off=401.952 eV, PAW_PBE, Be:PAW_PBE:06Sep2000, Co:PAW_PBE:02Aug2007, Pressure=0.0 kbar, temperature=0K"
      },
      "magnetocrystalline anisotropy energy": {
        "value": [
0.0000000000000000,0,1.0000000000000000,-150.11190241,0.2588190451025207,0,0.9659258262890683,-150.11178031,0.5000000000000000,0,0.8660254037844386,-150.11146289,0.7071067811865476,0,0.7071067811865476,-150.11102705,0.8660254037844386,0,0.5000000000000000,-150.11057582,1.0000000000000000,0,0.0000000000000000,-150.11008957]
      },
      "anisotropy energy type": {
        "value": "uniaxial"
      },
      "magnetocrystalline anisotropy constants": {
        "value": [
1.122,0.069]
      },
      "kind of anisotropy": {
        "value": "easy axis"
      },
      "anisotropy info": {
        "value": "software VASP (vasp.5.4.4) with spin-orbit coupling, k-points mesh 14x14x5, Ecut-off=401.952 eV, PAW_PBE, Be:PAW_PBE:06Sep2000, Co:PAW_PBE:02Aug2007, Pressure=0.0 kbar, temperature=0K"
      },
      "exchange integrals": {
        "value": null
      },
      "exchange info": {
        "value": null
      },
      "magnetic order": {
        "value": null
      },
      "curie temperature": {
        "value": null
      },
      "curie temperature info": {
        "value": null
      },
      "anisotropy field": {
        "value": 2.472
      },
      "remanence": {
        "value": 1.281
      },
      "coercivity": {
        "value": 2.472
      },
      "energy product": {
        "value": 326.459
      },
      "hysteresis info": {
        "value": "Stoner-Wohlfarth model without shape anisotropy, perfectly rectangular hysteresis loop, temperature = 0 K. Remanence equals to saturation magnetization (Ms). Anisotropy field: mu_0*Hk=(2*K_1+4*K_2)/Ms, where mu_0 is the vacuum permeability. Coercivity: Hc=Hk. Maximum energy product (upper limit)=(1/4)*mu_0*Ms^2, note this value can only be reached if the demagnetization factor is D=0.5 and Hc>0.5*Ms."
      },
      "domain wall width": {
        "value": null
      },
      "domain wall info": {
        "value": null
      },
      "exchange stiffness": {
        "value": null
      },
      "exchange stiffness info": {
        "value": null
      }
    },
    "additional information": {
      "authors": {
        "value": ["ICCRAM"]
      },
      "reference": {
        "value": "S. Curtarolo et al. Computational Materials Science 58 (2012) 218-226"
      },
      "comments": {
        "value": "Hardness parameter=0.927"
      },
      "attached files": {
        "value": [
"Be6Co18_#194_1A.cif",
"CONTCAR_Be6Co18_#194_1A",
"Be6Co18_#194_1A.png"
]
      },
      "attached files info": {
        "value": null
      }
    }
  }
}
