{
  "confidential": {
  "value": false
  }, 
  "name": "NOVAMAG_theory_ICCRAM_Al1Co5_#123_1A",
  "properties": {
    "approach": {
      "value": "theory"
    },
    "summary": {
      "value": "crystal, energy, magnetization, MAE"
    },
    "chemistry": {
      "chemical formula": {
        "value": "Al1Co5"
      },
      "production info": {
        "value": "initial POSCAR from AFLOW library http://aflow.org/material.php?id=AlCo/478"
      }
    },
    "crystal": {
      "compound space group": {
        "value": 123
      },
      "unit cell volume": {
        "value": 67.178876
      },
      "lattice parameters": {
        "value": [
          2.61719,
          2.61719,
          9.80760
        ]
      },
      "lattice angles": {
        "value": [
          90.00000,
          90.00000,
          90.00000
        ]
      },
      "atomic positions": {
        "value": [
"Al1(1c)",
0.50000,
0.50000,
0.00000,
"Co1(2g)",
0.00000,
0.00000,
0.82918,
"Co2(2h)",
0.50000,
0.50000,
0.66772,
"Co3(1b)",
0.00000,
0.00000,
0.50000
]
      },
      "crystal info": {
        "value": "software VASP (vasp.5.4.4), k-points mesh 23x23x6, Ecut-off=401.952 eV, PAW_PBE, Al:PAW_PBE:04Jan2001, Co:PAW_PBE:02Aug2007, Pressure=0.0 kbar, temperature=0K"
      }
    },
    "thermodynamics": {
      "unit cell energy": {
        "value": -39.52979199
      },
      "unit cell formation enthalpy": {
        "value": -0.603724
      },
      "energy info": {
        "value": "software VASP (vasp.5.4.4), k-points mesh 23x23x6, Ecut-off=401.952 eV, PAW_PBE, Al:PAW_PBE:04Jan2001, Co:PAW_PBE:02Aug2007, Pressure=0.0 kbar, temperature=0K"
      },
      "interatomic potentials info": {
        "value": null
      },
      "magnetic free energy": {
        "value": null
      },
      "magnetic free energy info": {
        "value": null
      }
    },
    "magnetics": {
      "unit cell spin polarization": {
        "value": 7.179
      },
      "atomic spin specie": {
        "value": [
"1 Al",
-0.028,
"2 Co",
1.050,
"3 Co",
1.050,
"4 Co",
1.724,
"5 Co",
1.724,
"6 Co",
1.659
]
      },
      "saturation magnetization": {
        "value": 1.245
      },
      "magnetization temperature": {
        "value": 0
      },
      "magnetization info": {
        "value": "software VASP (vasp.5.4.4), k-points mesh 23x23x6, Ecut-off=401.952 eV, PAW_PBE, Al:PAW_PBE:04Jan2001, Co:PAW_PBE:02Aug2007, Pressure=0.0 kbar, temperature=0K"
      },
      "magnetocrystalline anisotropy energy": {
        "value": [
0.0000000000000000,0,1.0000000000000000,-39.57146452,0.2588190451025207,0,0.9659258262890683,-39.57148615,0.5000000000000000,0,0.8660254037844386,-39.57154664,0.7071067811865476,0,0.7071067811865476,-39.57163214,0.8660254037844386,0,0.5000000000000000,-39.57171965,1.0000000000000000,0,0.0000000000000000,-39.57180995]
      },
      "anisotropy energy type": {
        "value": "uniaxial"
      },
      "magnetocrystalline anisotropy constants": {
        "value": [
-0.773,-0.050]
      },
      "kind of anisotropy": {
        "value": "easy plane"
      },
      "anisotropy info": {
        "value": "software VASP (vasp.5.4.4) with spin-orbit coupling, k-points mesh 23x23x6, Ecut-off=401.952 eV, PAW_PBE, Al:PAW_PBE:04Jan2001, Co:PAW_PBE:02Aug2007, Pressure=0.0 kbar, temperature=0K"
      },
      "exchange integrals": {
        "value": null
      },
      "exchange info": {
        "value": null
      },
      "magnetic order": {
        "value": null
      },
      "curie temperature": {
        "value": null
      },
      "curie temperature info": {
        "value": null
      },
      "anisotropy field": {
        "value": null
      },
      "remanence": {
        "value": null
      },
      "coercivity": {
        "value": null
      },
      "energy product": {
        "value": null
      },
      "hysteresis info": {
        "value": null
      },
      "domain wall width": {
        "value": null
      },
      "domain wall info": {
        "value": null
      },
      "exchange stiffness": {
        "value": null
      },
      "exchange stiffness info": {
        "value": null
      }
    },
    "additional information": {
      "authors": {
        "value": ["ICCRAM"]
      },
      "reference": {
        "value": "S. Curtarolo et al. Computational Materials Science 58 (2012) 218-226"
      },
      "comments": {
        "value": null
      },
      "attached files": {
        "value": [
"Al1Co5_#123_1A.cif",
"CONTCAR_Al1Co5_#123_1A",
"Al1Co5_#123_1A.png"
]
      },
      "attached files info": {
        "value": null
      }
    }
  }
}
