{
  "confidential": {
  "value": false
  }, 
  "name": "NOVAMAG_theory_ICCRAM_Al1Co5_#189_1A",
  "properties": {
    "approach": {
      "value": "theory"
    },
    "summary": {
      "value": "crystal, energy, magnetization, MAE, coercivity, energy product"
    },
    "chemistry": {
      "chemical formula": {
        "value": "Al1Co5"
      },
      "production info": {
        "value": "initial POSCAR from AFLOW library http://aflow.org/material.php?id=AlCo/474"
      }
    },
    "crystal": {
      "compound space group": {
        "value": 189
      },
      "unit cell volume": {
        "value": 66.985427
      },
      "lattice parameters": {
        "value": [
          4.35169,
          4.35169,
          4.08445
        ]
      },
      "lattice angles": {
        "value": [
          90.00000,
          90.00000,
          120.00000
        ]
      },
      "atomic positions": {
        "value": [
"Al1(1b)",
0.00000,
0.00000,
0.50000,
"Co1(3f)",
0.66216,
0.00000,
0.00000,
"Co2(2d)",
0.33333,
0.66667,
0.50000
]
      },
      "crystal info": {
        "value": "software VASP (vasp.5.4.4), k-points mesh 16x16x15, Ecut-off=401.952 eV, PAW_PBE, Al:PAW_PBE:04Jan2001, Co:PAW_PBE:02Aug2007, Pressure=0.0 kbar, temperature=0K"
      }
    },
    "thermodynamics": {
      "unit cell energy": {
        "value": -39.66214120
      },
      "unit cell formation enthalpy": {
        "value": -0.736073
      },
      "energy info": {
        "value": "software VASP (vasp.5.4.4), k-points mesh 16x16x15, Ecut-off=401.952 eV, PAW_PBE, Al:PAW_PBE:04Jan2001, Co:PAW_PBE:02Aug2007, Pressure=0.0 kbar, temperature=0K"
      },
      "interatomic potentials info": {
        "value": null
      },
      "magnetic free energy": {
        "value": null
      },
      "magnetic free energy info": {
        "value": null
      }
    },
    "magnetics": {
      "unit cell spin polarization": {
        "value": 7.207
      },
      "atomic spin specie": {
        "value": [
"1 Al",
-0.045,
"2 Co",
1.448,
"3 Co",
1.448,
"4 Co",
1.448,
"5 Co",
1.454,
"6 Co",
1.454
]
      },
      "saturation magnetization": {
        "value": 1.253
      },
      "magnetization temperature": {
        "value": 0
      },
      "magnetization info": {
        "value": "software VASP (vasp.5.4.4), k-points mesh 16x16x15, Ecut-off=401.952 eV, PAW_PBE, Al:PAW_PBE:04Jan2001, Co:PAW_PBE:02Aug2007, Pressure=0.0 kbar, temperature=0K"
      },
      "magnetocrystalline anisotropy energy": {
        "value": [
0.0000000000000000,0,1.0000000000000000,-39.70484205,0.2588190451025207,0,0.9659258262890683,-39.70484102,0.5000000000000000,0,0.8660254037844386,-39.70483422,0.7071067811865476,0,0.7071067811865476,-39.70482190,0.8660254037844386,0,0.5000000000000000,-39.70480669,1.0000000000000000,0,0.0000000000000000,-39.70477976]
      },
      "anisotropy energy type": {
        "value": "uniaxial"
      },
      "magnetocrystalline anisotropy constants": {
        "value": [
0.040,0.104]
      },
      "kind of anisotropy": {
        "value": "easy axis"
      },
      "anisotropy info": {
        "value": "software VASP (vasp.5.4.4) with spin-orbit coupling, k-points mesh 16x16x15, Ecut-off=401.952 eV, PAW_PBE, Al:PAW_PBE:04Jan2001, Co:PAW_PBE:02Aug2007, Pressure=0.0 kbar, temperature=0K"
      },
      "exchange integrals": {
        "value": null
      },
      "exchange info": {
        "value": null
      },
      "magnetic order": {
        "value": null
      },
      "curie temperature": {
        "value": null
      },
      "curie temperature info": {
        "value": null
      },
      "anisotropy field": {
        "value": 0.497
      },
      "remanence": {
        "value": 1.253
      },
      "coercivity": {
        "value": 0.497
      },
      "energy product": {
        "value": 312.343
      },
      "hysteresis info": {
        "value": "Stoner-Wohlfarth model without shape anisotropy, perfectly rectangular hysteresis loop, temperature = 0 K. Remanence equals to saturation magnetization (Ms). Anisotropy field: mu_0*Hk=(2*K_1+4*K_2)/Ms, where mu_0 is the vacuum permeability. Coercivity: Hc=Hk. Maximum energy product (upper limit)=(1/4)*mu_0*Ms^2, note this value can only be reached if the demagnetization factor is D=0.5 and Hc>0.5*Ms."
      },
      "domain wall width": {
        "value": null
      },
      "domain wall info": {
        "value": null
      },
      "exchange stiffness": {
        "value": null
      },
      "exchange stiffness info": {
        "value": null
      }
    },
    "additional information": {
      "authors": {
        "value": ["ICCRAM"]
      },
      "reference": {
        "value": "S. Curtarolo et al. Computational Materials Science 58 (2012) 218-226"
      },
      "comments": {
        "value": "Hardness parameter=0.179"
      },
      "attached files": {
        "value": [
"Al1Co5_#189_1A.cif",
"CONTCAR_Al1Co5_#189_1A",
"Al1Co5_#189_1A.png"
]
      },
      "attached files info": {
        "value": null
      }
    }
  }
}
