{
  "confidential": {
  "value": false
  }, 
  "name": "NOVAMAG_theory_ICCRAM_Al2Co8_#87_1A",
  "properties": {
    "approach": {
      "value": "theory"
    },
    "summary": {
      "value": "crystal, energy, magnetization, MAE, coercivity, energy product"
    },
    "chemistry": {
      "chemical formula": {
        "value": "Al2Co8"
      },
      "production info": {
        "value": "initial POSCAR from AFLOW library http://aflow.org/material.php?id=AlCo/285"
      }
    },
    "crystal": {
      "compound space group": {
        "value": 87
      },
      "unit cell volume": {
        "value": 112.380025
      },
      "lattice parameters": {
        "value": [
          5.61060,
          5.61060,
          3.57002
        ]
      },
      "lattice angles": {
        "value": [
          90.00000,
          90.00000,
          90.00000
        ]
      },
      "atomic positions": {
        "value": [
"Al1(2a)",
0.00000,
0.00000,
0.00000,
"Co1(8h)",
0.80356,
0.59496,
0.00000
]
      },
      "crystal info": {
        "value": "software VASP (vasp.5.4.4), k-points mesh 11x11x17, Ecut-off=401.952 eV, PAW_PBE, Al:PAW_PBE:04Jan2001, Co:PAW_PBE:02Aug2007, Pressure=0.0 kbar, temperature=0K"
      }
    },
    "thermodynamics": {
      "unit cell energy": {
        "value": -65.30609653
      },
      "unit cell formation enthalpy": {
        "value": -1.525933
      },
      "energy info": {
        "value": "software VASP (vasp.5.4.4), k-points mesh 11x11x17, Ecut-off=401.952 eV, PAW_PBE, Al:PAW_PBE:04Jan2001, Co:PAW_PBE:02Aug2007, Pressure=0.0 kbar, temperature=0K"
      },
      "interatomic potentials info": {
        "value": null
      },
      "magnetic free energy": {
        "value": null
      },
      "magnetic free energy info": {
        "value": null
      }
    },
    "magnetics": {
      "unit cell spin polarization": {
        "value": 10.803
      },
      "atomic spin specie": {
        "value": [
"1 Al",
-0.043,
"2 Al",
-0.043,
"3 Co",
1.361,
"4 Co",
1.361,
"5 Co",
1.362,
"6 Co",
1.362,
"7 Co",
1.361,
"8 Co",
1.361,
"9 Co",
1.362,
"10 Co",
1.362
]
      },
      "saturation magnetization": {
        "value": 1.120
      },
      "magnetization temperature": {
        "value": 0
      },
      "magnetization info": {
        "value": "software VASP (vasp.5.4.4), k-points mesh 11x11x17, Ecut-off=401.952 eV, PAW_PBE, Al:PAW_PBE:04Jan2001, Co:PAW_PBE:02Aug2007, Pressure=0.0 kbar, temperature=0K"
      },
      "magnetocrystalline anisotropy energy": {
        "value": [
0.0000000000000000,0,1.0000000000000000,-65.37535941,0.2588190451025207,0,0.9659258262890683,-65.37527320,0.5000000000000000,0,0.8660254037844386,-65.37504063,0.7071067811865476,0,0.7071067811865476,-65.37472451,0.8660254037844386,0,0.5000000000000000,-65.37441132,1.0000000000000000,0,0.0000000000000000,-65.37410220]
      },
      "anisotropy energy type": {
        "value": "uniaxial"
      },
      "magnetocrystalline anisotropy constants": {
        "value": [
1.829,-0.036]
      },
      "kind of anisotropy": {
        "value": "easy axis"
      },
      "anisotropy info": {
        "value": "software VASP (vasp.5.4.4) with spin-orbit coupling, k-points mesh 11x11x17, Ecut-off=401.952 eV, PAW_PBE, Al:PAW_PBE:04Jan2001, Co:PAW_PBE:02Aug2007, Pressure=0.0 kbar, temperature=0K"
      },
      "exchange integrals": {
        "value": null
      },
      "exchange info": {
        "value": null
      },
      "magnetic order": {
        "value": null
      },
      "curie temperature": {
        "value": null
      },
      "curie temperature info": {
        "value": null
      },
      "anisotropy field": {
        "value": 3.943
      },
      "remanence": {
        "value": 1.120
      },
      "coercivity": {
        "value": 3.943
      },
      "energy product": {
        "value": 249.555
      },
      "hysteresis info": {
        "value": "Stoner-Wohlfarth model without shape anisotropy, perfectly rectangular hysteresis loop, temperature = 0 K. Remanence equals to saturation magnetization (Ms). Anisotropy field: mu_0*Hk=(2*K_1+4*K_2)/Ms, where mu_0 is the vacuum permeability. Coercivity: Hc=Hk. Maximum energy product (upper limit)=(1/4)*mu_0*Ms^2, note this value can only be reached if the demagnetization factor is D=0.5 and Hc>0.5*Ms."
      },
      "domain wall width": {
        "value": null
      },
      "domain wall info": {
        "value": null
      },
      "exchange stiffness": {
        "value": null
      },
      "exchange stiffness info": {
        "value": null
      }
    },
    "additional information": {
      "authors": {
        "value": ["ICCRAM"]
      },
      "reference": {
        "value": "S. Curtarolo et al. Computational Materials Science 58 (2012) 218-226"
      },
      "comments": {
        "value": "Hardness parameter=1.354"
      },
      "attached files": {
        "value": [
"Al2Co8_#87_1A.cif",
"CONTCAR_Al2Co8_#87_1A",
"Al2Co8_#87_1A.png"
]
      },
      "attached files info": {
        "value": null
      }
    }
  }
}
