{
  "confidential": {
  "value": false
  }, 
  "name": "NOVAMAG_theory_ICCRAM_Al2Co6_#194_1A",
  "properties": {
    "approach": {
      "value": "theory"
    },
    "summary": {
      "value": "crystal, energy, magnetization, MAE"
    },
    "chemistry": {
      "chemical formula": {
        "value": "Al2Co6"
      },
      "production info": {
        "value": "initial POSCAR from AFLOW library http://aflow.org/material.php?id=AlCo/186"
      }
    },
    "crystal": {
      "compound space group": {
        "value": 194
      },
      "unit cell volume": {
        "value": 90.708463
      },
      "lattice parameters": {
        "value": [
          5.05794,
          5.05794,
          4.09421
        ]
      },
      "lattice angles": {
        "value": [
          90.00000,
          90.00000,
          120.00000
        ]
      },
      "atomic positions": {
        "value": [
"Al1(2c)",
0.33333,
0.66667,
0.25000,
"Co1(6h)",
0.83447,
0.66893,
0.25000
]
      },
      "crystal info": {
        "value": "software VASP (vasp.5.4.4), k-points mesh 14x14x15, Ecut-off=401.952 eV, PAW_PBE, Al:PAW_PBE:04Jan2001, Co:PAW_PBE:02Aug2007, Pressure=0.0 kbar, temperature=0K"
      }
    },
    "thermodynamics": {
      "unit cell energy": {
        "value": -51.31891166
      },
      "unit cell formation enthalpy": {
        "value": -1.610721
      },
      "energy info": {
        "value": "software VASP (vasp.5.4.4), k-points mesh 14x14x15, Ecut-off=401.952 eV, PAW_PBE, Al:PAW_PBE:04Jan2001, Co:PAW_PBE:02Aug2007, Pressure=0.0 kbar, temperature=0K"
      },
      "interatomic potentials info": {
        "value": null
      },
      "magnetic free energy": {
        "value": null
      },
      "magnetic free energy info": {
        "value": null
      }
    },
    "magnetics": {
      "unit cell spin polarization": {
        "value": 7.688
      },
      "atomic spin specie": {
        "value": [
"1 Al",
-0.046,
"2 Al",
-0.046,
"3 Co",
1.297,
"4 Co",
1.297,
"5 Co",
1.297,
"6 Co",
1.297,
"7 Co",
1.297,
"8 Co",
1.297
]
      },
      "saturation magnetization": {
        "value": 0.987
      },
      "magnetization temperature": {
        "value": 0
      },
      "magnetization info": {
        "value": "software VASP (vasp.5.4.4), k-points mesh 14x14x15, Ecut-off=401.952 eV, PAW_PBE, Al:PAW_PBE:04Jan2001, Co:PAW_PBE:02Aug2007, Pressure=0.0 kbar, temperature=0K"
      },
      "magnetocrystalline anisotropy energy": {
        "value": [
0.0000000000000000,0,1.0000000000000000,-51.37144543,0.2588190451025207,0,0.9659258262890683,-51.37146612,0.5000000000000000,0,0.8660254037844386,-51.37153508,0.7071067811865476,0,0.7071067811865476,-51.37163212,0.8660254037844386,0,0.5000000000000000,-51.37172771,1.0000000000000000,0,0.0000000000000000,-51.37182700]
      },
      "anisotropy energy type": {
        "value": "uniaxial"
      },
      "magnetocrystalline anisotropy constants": {
        "value": [
-0.633,-0.041]
      },
      "kind of anisotropy": {
        "value": "easy plane"
      },
      "anisotropy info": {
        "value": "software VASP (vasp.5.4.4) with spin-orbit coupling, k-points mesh 14x14x15, Ecut-off=401.952 eV, PAW_PBE, Al:PAW_PBE:04Jan2001, Co:PAW_PBE:02Aug2007, Pressure=0.0 kbar, temperature=0K"
      },
      "exchange integrals": {
        "value": null
      },
      "exchange info": {
        "value": null
      },
      "magnetic order": {
        "value": null
      },
      "curie temperature": {
        "value": null
      },
      "curie temperature info": {
        "value": null
      },
      "anisotropy field": {
        "value": null
      },
      "remanence": {
        "value": null
      },
      "coercivity": {
        "value": null
      },
      "energy product": {
        "value": null
      },
      "hysteresis info": {
        "value": null
      },
      "domain wall width": {
        "value": null
      },
      "domain wall info": {
        "value": null
      },
      "exchange stiffness": {
        "value": null
      },
      "exchange stiffness info": {
        "value": null
      }
    },
    "additional information": {
      "authors": {
        "value": ["ICCRAM"]
      },
      "reference": {
        "value": "S. Curtarolo et al. Computational Materials Science 58 (2012) 218-226"
      },
      "comments": {
        "value": null
      },
      "attached files": {
        "value": [
"Al2Co6_#194_1A.cif",
"CONTCAR_Al2Co6_#194_1A",
"Al2Co6_#194_1A.png"
]
      },
      "attached files info": {
        "value": null
      }
    }
  }
}
