{
  "confidential": {
  "value": false
  }, 
  "name": "NOVAMAG_theory_ICCRAM_Al4Co12_#194_1A",
  "properties": {
    "approach": {
      "value": "theory"
    },
    "summary": {
      "value": "crystal, energy, magnetization, MAE, coercivity, energy product"
    },
    "chemistry": {
      "chemical formula": {
        "value": "Al4Co12"
      },
      "production info": {
        "value": "initial POSCAR from AFLOW library http://aflow.org/material.php?id=AlCo/245"
      }
    },
    "crystal": {
      "compound space group": {
        "value": 194
      },
      "unit cell volume": {
        "value": 182.025357
      },
      "lattice parameters": {
        "value": [
          5.05079,
          5.05079,
          8.23916
        ]
      },
      "lattice angles": {
        "value": [
          90.00000,
          90.00000,
          120.00000
        ]
      },
      "atomic positions": {
        "value": [
"Al1(2a)",
0.00000,
0.00000,
0.00000,
"Al2(2c)",
0.33333,
0.66667,
0.25000,
"Co1(6g)",
0.50000,
0.00000,
0.00000,
"Co2(6h)",
0.83231,
0.66462,
0.25000
]
      },
      "crystal info": {
        "value": "software VASP (vasp.5.4.4), k-points mesh 14x14x7, Ecut-off=401.952 eV, PAW_PBE, Al:PAW_PBE:04Jan2001, Co:PAW_PBE:02Aug2007, Pressure=0.0 kbar, temperature=0K"
      }
    },
    "thermodynamics": {
      "unit cell energy": {
        "value": -102.42519934
      },
      "unit cell formation enthalpy": {
        "value": -3.008818
      },
      "energy info": {
        "value": "software VASP (vasp.5.4.4), k-points mesh 14x14x7, Ecut-off=401.952 eV, PAW_PBE, Al:PAW_PBE:04Jan2001, Co:PAW_PBE:02Aug2007, Pressure=0.0 kbar, temperature=0K"
      },
      "interatomic potentials info": {
        "value": null
      },
      "magnetic free energy": {
        "value": null
      },
      "magnetic free energy info": {
        "value": null
      }
    },
    "magnetics": {
      "unit cell spin polarization": {
        "value": 16.008
      },
      "atomic spin specie": {
        "value": [
"1 Al",
-0.041,
"2 Al",
-0.041,
"3 Al",
-0.043,
"4 Al",
-0.043,
"5 Co",
1.368,
"6 Co",
1.368,
"7 Co",
1.368,
"8 Co",
1.367,
"9 Co",
1.367,
"10 Co",
1.367,
"11 Co",
1.328,
"12 Co",
1.328,
"13 Co",
1.328,
"14 Co",
1.328,
"15 Co",
1.328,
"16 Co",
1.328
]
      },
      "saturation magnetization": {
        "value": 1.024
      },
      "magnetization temperature": {
        "value": 0
      },
      "magnetization info": {
        "value": "software VASP (vasp.5.4.4), k-points mesh 14x14x7, Ecut-off=401.952 eV, PAW_PBE, Al:PAW_PBE:04Jan2001, Co:PAW_PBE:02Aug2007, Pressure=0.0 kbar, temperature=0K"
      },
      "magnetocrystalline anisotropy energy": {
        "value": [
0.0000000000000000,0,1.0000000000000000,-102.53053109,0.2588190451025207,0,0.9659258262890683,-102.53049134,0.5000000000000000,0,0.8660254037844386,-102.53037360,0.7071067811865476,0,0.7071067811865476,-102.53020815,0.8660254037844386,0,0.5000000000000000,-102.53003922,1.0000000000000000,0,0.0000000000000000,-102.52986232]
      },
      "anisotropy energy type": {
        "value": "uniaxial"
      },
      "magnetocrystalline anisotropy constants": {
        "value": [
0.545,0.043]
      },
      "kind of anisotropy": {
        "value": "easy axis"
      },
      "anisotropy info": {
        "value": "software VASP (vasp.5.4.4) with spin-orbit coupling, k-points mesh 14x14x7, Ecut-off=401.952 eV, PAW_PBE, Al:PAW_PBE:04Jan2001, Co:PAW_PBE:02Aug2007, Pressure=0.0 kbar, temperature=0K"
      },
      "exchange integrals": {
        "value": null
      },
      "exchange info": {
        "value": null
      },
      "magnetic order": {
        "value": null
      },
      "curie temperature": {
        "value": null
      },
      "curie temperature info": {
        "value": null
      },
      "anisotropy field": {
        "value": 1.549
      },
      "remanence": {
        "value": 1.024
      },
      "coercivity": {
        "value": 1.549
      },
      "energy product": {
        "value": 208.608
      },
      "hysteresis info": {
        "value": "Stoner-Wohlfarth model without shape anisotropy, perfectly rectangular hysteresis loop, temperature = 0 K. Remanence equals to saturation magnetization (Ms). Anisotropy field: mu_0*Hk=(2*K_1+4*K_2)/Ms, where mu_0 is the vacuum permeability. Coercivity: Hc=Hk. Maximum energy product (upper limit)=(1/4)*mu_0*Ms^2, note this value can only be reached if the demagnetization factor is D=0.5 and Hc>0.5*Ms."
      },
      "domain wall width": {
        "value": null
      },
      "domain wall info": {
        "value": null
      },
      "exchange stiffness": {
        "value": null
      },
      "exchange stiffness info": {
        "value": null
      }
    },
    "additional information": {
      "authors": {
        "value": ["ICCRAM"]
      },
      "reference": {
        "value": "S. Curtarolo et al. Computational Materials Science 58 (2012) 218-226"
      },
      "comments": {
        "value": "Hardness parameter=0.808"
      },
      "attached files": {
        "value": [
"Al4Co12_#194_1A.cif",
"CONTCAR_Al4Co12_#194_1A",
"Al4Co12_#194_1A.png"
]
      },
      "attached files info": {
        "value": null
      }
    }
  }
}
