{
  "confidential": {
  "value": false
  }, 
  "name": "NOVAMAG_theory_ICCRAM_Al6Co18_#194_1A",
  "properties": {
    "approach": {
      "value": "theory"
    },
    "summary": {
      "value": "crystal, energy, magnetization, MAE, coercivity, energy product"
    },
    "chemistry": {
      "chemical formula": {
        "value": "Al6Co18"
      },
      "production info": {
        "value": "initial POSCAR from AFLOW library http://aflow.org/material.php?id=AlCo/238"
      }
    },
    "crystal": {
      "compound space group": {
        "value": 194
      },
      "unit cell volume": {
        "value": 272.384702
      },
      "lattice parameters": {
        "value": [
          5.05390,
          5.05390,
          12.31391
        ]
      },
      "lattice angles": {
        "value": [
          90.00000,
          90.00000,
          120.00000
        ]
      },
      "atomic positions": {
        "value": [
"Al1(2b)",
0.00000,
0.00000,
0.25000,
"Al2(4f)",
0.33333,
0.66667,
-0.08048,
"Co1(6h)",
0.49994,
-0.00012,
0.25000,
"Co2(12k)",
0.83409,
0.66819,
-0.08493
]
      },
      "crystal info": {
        "value": "software VASP (vasp.5.4.4), k-points mesh 14x14x5, Ecut-off=401.952 eV, PAW_PBE, Al:PAW_PBE:04Jan2001, Co:PAW_PBE:02Aug2007, Pressure=0.0 kbar, temperature=0K"
      }
    },
    "thermodynamics": {
      "unit cell energy": {
        "value": -153.57373996
      },
      "unit cell formation enthalpy": {
        "value": -4.449168
      },
      "energy info": {
        "value": "software VASP (vasp.5.4.4), k-points mesh 14x14x5, Ecut-off=401.952 eV, PAW_PBE, Al:PAW_PBE:04Jan2001, Co:PAW_PBE:02Aug2007, Pressure=0.0 kbar, temperature=0K"
      },
      "interatomic potentials info": {
        "value": null
      },
      "magnetic free energy": {
        "value": null
      },
      "magnetic free energy info": {
        "value": null
      }
    },
    "magnetics": {
      "unit cell spin polarization": {
        "value": 22.887
      },
      "atomic spin specie": {
        "value": [
"1 Al",
-0.044,
"2 Al",
-0.044,
"3 Al",
-0.043,
"4 Al",
-0.043,
"5 Al",
-0.043,
"6 Al",
-0.043,
"7 Co",
1.304,
"8 Co",
1.304,
"9 Co",
1.304,
"10 Co",
1.304,
"11 Co",
1.304,
"12 Co",
1.304,
"13 Co",
1.277,
"14 Co",
1.277,
"15 Co",
1.277,
"16 Co",
1.277,
"17 Co",
1.277,
"18 Co",
1.277,
"19 Co",
1.277,
"20 Co",
1.277,
"21 Co",
1.277,
"22 Co",
1.277,
"23 Co",
1.277,
"24 Co",
1.277
]
      },
      "saturation magnetization": {
        "value": 0.979
      },
      "magnetization temperature": {
        "value": 0
      },
      "magnetization info": {
        "value": "software VASP (vasp.5.4.4), k-points mesh 14x14x5, Ecut-off=401.952 eV, PAW_PBE, Al:PAW_PBE:04Jan2001, Co:PAW_PBE:02Aug2007, Pressure=0.0 kbar, temperature=0K"
      },
      "magnetocrystalline anisotropy energy": {
        "value": [
0.0000000000000000,0,1.0000000000000000,-153.73514926,0.2588190451025207,0,0.9659258262890683,-153.73509485,0.5000000000000000,0,0.8660254037844386,-153.73493581,0.7071067811865476,0,0.7071067811865476,-153.73471802,0.8660254037844386,0,0.5000000000000000,-153.73449134,1.0000000000000000,0,0.0000000000000000,-153.73426908]
      },
      "anisotropy energy type": {
        "value": "uniaxial"
      },
      "magnetocrystalline anisotropy constants": {
        "value": [
0.498,0.021]
      },
      "kind of anisotropy": {
        "value": "easy axis"
      },
      "anisotropy info": {
        "value": "software VASP (vasp.5.4.4) with spin-orbit coupling, k-points mesh 14x14x5, Ecut-off=401.952 eV, PAW_PBE, Al:PAW_PBE:04Jan2001, Co:PAW_PBE:02Aug2007, Pressure=0.0 kbar, temperature=0K"
      },
      "exchange integrals": {
        "value": null
      },
      "exchange info": {
        "value": null
      },
      "magnetic order": {
        "value": null
      },
      "curie temperature": {
        "value": null
      },
      "curie temperature info": {
        "value": null
      },
      "anisotropy field": {
        "value": 1.386
      },
      "remanence": {
        "value": 0.979
      },
      "coercivity": {
        "value": 1.386
      },
      "energy product": {
        "value": 190.676
      },
      "hysteresis info": {
        "value": "Stoner-Wohlfarth model without shape anisotropy, perfectly rectangular hysteresis loop, temperature = 0 K. Remanence equals to saturation magnetization (Ms). Anisotropy field: mu_0*Hk=(2*K_1+4*K_2)/Ms, where mu_0 is the vacuum permeability. Coercivity: Hc=Hk. Maximum energy product (upper limit)=(1/4)*mu_0*Ms^2, note this value can only be reached if the demagnetization factor is D=0.5 and Hc>0.5*Ms."
      },
      "domain wall width": {
        "value": null
      },
      "domain wall info": {
        "value": null
      },
      "exchange stiffness": {
        "value": null
      },
      "exchange stiffness info": {
        "value": null
      }
    },
    "additional information": {
      "authors": {
        "value": ["ICCRAM"]
      },
      "reference": {
        "value": "S. Curtarolo et al. Computational Materials Science 58 (2012) 218-226"
      },
      "comments": {
        "value": "Hardness parameter=0.808"
      },
      "attached files": {
        "value": [
"Al6Co18_#194_1A.cif",
"CONTCAR_Al6Co18_#194_1A",
"Al6Co18_#194_1A.png"
]
      },
      "attached files info": {
        "value": null
      }
    }
  }
}
