{
  "confidential": {
  "value": false
  }, 
  "name": "NOVAMAG_theory_ICCRAM_Co2Ge1_#164_1A",
  "properties": {
    "approach": {
      "value": "theory"
    },
    "summary": {
      "value": "crystal, energy, magnetization, MAE"
    },
    "chemistry": {
      "chemical formula": {
        "value": "Co2Ge1"
      },
      "production info": {
        "value": "initial POSCAR from AFLOW library http://aflow.org/material.php?id=CoGe_h/269"
      }
    },
    "crystal": {
      "compound space group": {
        "value": 164
      },
      "unit cell volume": {
        "value": 36.128072
      },
      "lattice parameters": {
        "value": [
          3.94442,
          3.94442,
          2.68132
        ]
      },
      "lattice angles": {
        "value": [
          90.00000,
          90.00000,
          120.00000
        ]
      },
      "atomic positions": {
        "value": [
"Co1(2d)",
0.33333,
0.66667,
0.27281,
"Ge1(1a)",
0.00000,
0.00000,
0.00000
]
      },
      "crystal info": {
        "value": "software VASP (vasp.5.4.4), k-points mesh 18x18x22, Ecut-off=401.952 eV, PAW_PBE, Co:PAW_PBE:02Aug2007, Ge:PAW_PBE:05Jan2001, Pressure=0.0 kbar, temperature=0K"
      }
    },
    "thermodynamics": {
      "unit cell energy": {
        "value": -18.58230772
      },
      "unit cell formation enthalpy": {
        "value": -0.017725
      },
      "energy info": {
        "value": "software VASP (vasp.5.4.4), k-points mesh 18x18x22, Ecut-off=401.952 eV, PAW_PBE, Co:PAW_PBE:02Aug2007, Ge:PAW_PBE:05Jan2001, Pressure=0.0 kbar, temperature=0K"
      },
      "interatomic potentials info": {
        "value": null
      },
      "magnetic free energy": {
        "value": null
      },
      "magnetic free energy info": {
        "value": null
      }
    },
    "magnetics": {
      "unit cell spin polarization": {
        "value": 2.209
      },
      "atomic spin specie": {
        "value": [
"1 Co",
1.129,
"2 Co",
1.129,
"3 Ge",
-0.049
]
      },
      "saturation magnetization": {
        "value": 0.712
      },
      "magnetization temperature": {
        "value": 0
      },
      "magnetization info": {
        "value": "software VASP (vasp.5.4.4), k-points mesh 18x18x22, Ecut-off=401.952 eV, PAW_PBE, Co:PAW_PBE:02Aug2007, Ge:PAW_PBE:05Jan2001, Pressure=0.0 kbar, temperature=0K"
      },
      "magnetocrystalline anisotropy energy": {
        "value": [
0.0000000000000000,0,1.0000000000000000,-18.60436370,0.2588190451025207,0,0.9659258262890683,-18.60438193,0.5000000000000000,0,0.8660254037844386,-18.60443078,0.7071067811865476,0,0.7071067811865476,-18.60449718,0.8660254037844386,0,0.5000000000000000,-18.60456325,1.0000000000000000,0,0.0000000000000000,-18.60462906]
      },
      "anisotropy energy type": {
        "value": "uniaxial"
      },
      "magnetocrystalline anisotropy constants": {
        "value": [
-1.192,0.016]
      },
      "kind of anisotropy": {
        "value": "easy plane"
      },
      "anisotropy info": {
        "value": "software VASP (vasp.5.4.4) with spin-orbit coupling, k-points mesh 18x18x22, Ecut-off=401.952 eV, PAW_PBE, Co:PAW_PBE:02Aug2007, Ge:PAW_PBE:05Jan2001, Pressure=0.0 kbar, temperature=0K"
      },
      "exchange integrals": {
        "value": null
      },
      "exchange info": {
        "value": null
      },
      "magnetic order": {
        "value": null
      },
      "curie temperature": {
        "value": null
      },
      "curie temperature info": {
        "value": null
      },
      "anisotropy field": {
        "value": null
      },
      "remanence": {
        "value": null
      },
      "coercivity": {
        "value": null
      },
      "energy product": {
        "value": null
      },
      "hysteresis info": {
        "value": null
      },
      "domain wall width": {
        "value": null
      },
      "domain wall info": {
        "value": null
      },
      "exchange stiffness": {
        "value": null
      },
      "exchange stiffness info": {
        "value": null
      }
    },
    "additional information": {
      "authors": {
        "value": ["ICCRAM"]
      },
      "reference": {
        "value": "S. Curtarolo et al. Computational Materials Science 58 (2012) 218-226"
      },
      "comments": {
        "value": null
      },
      "attached files": {
        "value": [
"Co2Ge1_#164_1A.cif",
"CONTCAR_Co2Ge1_#164_1A",
"Co2Ge1_#164_1A.png"
]
      },
      "attached files info": {
        "value": null
      }
    }
  }
}
