{
  "confidential": {
  "value": false
  }, 
  "name": "NOVAMAG_theory_ICCRAM_Co3Ge1_#123_1A",
  "properties": {
    "approach": {
      "value": "theory"
    },
    "summary": {
      "value": "crystal, energy, magnetization, MAE, coercivity, energy product"
    },
    "chemistry": {
      "chemical formula": {
        "value": "Co3Ge1"
      },
      "production info": {
        "value": "initial POSCAR from AFLOW library http://aflow.org/material.php?id=CoGe_h/83"
      }
    },
    "crystal": {
      "compound space group": {
        "value": 123
      },
      "unit cell volume": {
        "value": 46.298629
      },
      "lattice parameters": {
        "value": [
          3.95016,
          3.95016,
          2.96714
        ]
      },
      "lattice angles": {
        "value": [
          90.00000,
          90.00000,
          90.00000
        ]
      },
      "atomic positions": {
        "value": [
"Co1(2f)",
0.00000,
0.50000,
0.00000,
"Co2(1b)",
0.00000,
0.00000,
0.50000,
"Ge1(1d)",
0.50000,
0.50000,
0.50000
]
      },
      "crystal info": {
        "value": "software VASP (vasp.5.4.4), k-points mesh 15x15x20, Ecut-off=401.952 eV, PAW_PBE, Co:PAW_PBE:02Aug2007, Ge:PAW_PBE:05Jan2001, Pressure=0.0 kbar, temperature=0K"
      }
    },
    "thermodynamics": {
      "unit cell energy": {
        "value": -25.63391934
      },
      "unit cell formation enthalpy": {
        "value": -0.033350
      },
      "energy info": {
        "value": "software VASP (vasp.5.4.4), k-points mesh 15x15x20, Ecut-off=401.952 eV, PAW_PBE, Co:PAW_PBE:02Aug2007, Ge:PAW_PBE:05Jan2001, Pressure=0.0 kbar, temperature=0K"
      },
      "interatomic potentials info": {
        "value": null
      },
      "magnetic free energy": {
        "value": null
      },
      "magnetic free energy info": {
        "value": null
      }
    },
    "magnetics": {
      "unit cell spin polarization": {
        "value": 4.041
      },
      "atomic spin specie": {
        "value": [
"1 Co",
1.246,
"2 Co",
1.246,
"3 Co",
1.585,
"4 Ge",
-0.036
]
      },
      "saturation magnetization": {
        "value": 1.017
      },
      "magnetization temperature": {
        "value": 0
      },
      "magnetization info": {
        "value": "software VASP (vasp.5.4.4), k-points mesh 15x15x20, Ecut-off=401.952 eV, PAW_PBE, Co:PAW_PBE:02Aug2007, Ge:PAW_PBE:05Jan2001, Pressure=0.0 kbar, temperature=0K"
      },
      "magnetocrystalline anisotropy energy": {
        "value": [
0.0000000000000000,0,1.0000000000000000,-25.66515874,0.2588190451025207,0,0.9659258262890683,-25.66514398,0.5000000000000000,0,0.8660254037844386,-25.66510616,0.7071067811865476,0,0.7071067811865476,-25.66504517,0.8660254037844386,0,0.5000000000000000,-25.66498374,1.0000000000000000,0,0.0000000000000000,-25.66492576]
      },
      "anisotropy energy type": {
        "value": "uniaxial"
      },
      "magnetocrystalline anisotropy constants": {
        "value": [
0.754,0.059]
      },
      "kind of anisotropy": {
        "value": "easy axis"
      },
      "anisotropy info": {
        "value": "software VASP (vasp.5.4.4) with spin-orbit coupling, k-points mesh 15x15x20, Ecut-off=401.952 eV, PAW_PBE, Co:PAW_PBE:02Aug2007, Ge:PAW_PBE:05Jan2001, Pressure=0.0 kbar, temperature=0K"
      },
      "exchange integrals": {
        "value": null
      },
      "exchange info": {
        "value": null
      },
      "magnetic order": {
        "value": null
      },
      "curie temperature": {
        "value": null
      },
      "curie temperature info": {
        "value": null
      },
      "anisotropy field": {
        "value": 2.155
      },
      "remanence": {
        "value": 1.017
      },
      "coercivity": {
        "value": 2.155
      },
      "energy product": {
        "value": 205.765
      },
      "hysteresis info": {
        "value": "Stoner-Wohlfarth model without shape anisotropy, perfectly rectangular hysteresis loop, temperature = 0 K. Remanence equals to saturation magnetization (Ms). Anisotropy field: mu_0*Hk=(2*K_1+4*K_2)/Ms, where mu_0 is the vacuum permeability. Coercivity: Hc=Hk. Maximum energy product (upper limit)=(1/4)*mu_0*Ms^2, note this value can only be reached if the demagnetization factor is D=0.5 and Hc>0.5*Ms."
      },
      "domain wall width": {
        "value": null
      },
      "domain wall info": {
        "value": null
      },
      "exchange stiffness": {
        "value": null
      },
      "exchange stiffness info": {
        "value": null
      }
    },
    "additional information": {
      "authors": {
        "value": ["ICCRAM"]
      },
      "reference": {
        "value": "S. Curtarolo et al. Computational Materials Science 58 (2012) 218-226"
      },
      "comments": {
        "value": "Hardness parameter=0.957"
      },
      "attached files": {
        "value": [
"Co3Ge1_#123_1A.cif",
"CONTCAR_Co3Ge1_#123_1A",
"Co3Ge1_#123_1A.png"
]
      },
      "attached files info": {
        "value": null
      }
    }
  }
}
