{
  "confidential": {
  "value": false
  }, 
  "name": "NOVAMAG_theory_ICCRAM_Co6Ge2_#139_1A",
  "properties": {
    "approach": {
      "value": "theory"
    },
    "summary": {
      "value": "crystal, energy, magnetization, MAE"
    },
    "chemistry": {
      "chemical formula": {
        "value": "Co6Ge2"
      },
      "production info": {
        "value": "initial POSCAR from AFLOW library http://aflow.org/material.php?id=CoGe_h/24"
      }
    },
    "crystal": {
      "compound space group": {
        "value": 139
      },
      "unit cell volume": {
        "value": 90.440565
      },
      "lattice parameters": {
        "value": [
          3.64150,
          3.64150,
          6.82029
        ]
      },
      "lattice angles": {
        "value": [
          90.00000,
          90.00000,
          90.00000
        ]
      },
      "atomic positions": {
        "value": [
"Co1(4d)",
0.00000,
0.50000,
0.25000,
"Co2(2b)",
0.00000,
0.00000,
0.50000,
"Ge1(2a)",
0.00000,
0.00000,
0.00000
]
      },
      "crystal info": {
        "value": "software VASP (vasp.5.4.4), k-points mesh 16x16x9, Ecut-off=401.952 eV, PAW_PBE, Co:PAW_PBE:02Aug2007, Ge:PAW_PBE:05Jan2001, Pressure=0.0 kbar, temperature=0K"
      }
    },
    "thermodynamics": {
      "unit cell energy": {
        "value": -51.83333368
      },
      "unit cell formation enthalpy": {
        "value": -0.632195
      },
      "energy info": {
        "value": "software VASP (vasp.5.4.4), k-points mesh 16x16x9, Ecut-off=401.952 eV, PAW_PBE, Co:PAW_PBE:02Aug2007, Ge:PAW_PBE:05Jan2001, Pressure=0.0 kbar, temperature=0K"
      },
      "interatomic potentials info": {
        "value": null
      },
      "magnetic free energy": {
        "value": null
      },
      "magnetic free energy info": {
        "value": null
      }
    },
    "magnetics": {
      "unit cell spin polarization": {
        "value": 6.191
      },
      "atomic spin specie": {
        "value": [
"1 Co",
0.875,
"2 Co",
0.875,
"3 Co",
0.875,
"4 Co",
0.875,
"5 Co",
1.401,
"6 Co",
1.406,
"7 Ge",
-0.058,
"8 Ge",
-0.058
]
      },
      "saturation magnetization": {
        "value": 0.797
      },
      "magnetization temperature": {
        "value": 0
      },
      "magnetization info": {
        "value": "software VASP (vasp.5.4.4), k-points mesh 16x16x9, Ecut-off=401.952 eV, PAW_PBE, Co:PAW_PBE:02Aug2007, Ge:PAW_PBE:05Jan2001, Pressure=0.0 kbar, temperature=0K"
      },
      "magnetocrystalline anisotropy energy": {
        "value": [
0.0000000000000000,0,1.0000000000000000,-51.89492786,0.2588190451025207,0,0.9659258262890683,-51.89500430,0.5000000000000000,0,0.8660254037844386,-51.89522236,0.7071067811865476,0,0.7071067811865476,-51.89553129,0.8660254037844386,0,0.5000000000000000,-51.89584516,1.0000000000000000,0,0.0000000000000000,-51.89616101]
      },
      "anisotropy energy type": {
        "value": "uniaxial"
      },
      "magnetocrystalline anisotropy constants": {
        "value": [
-2.082,-0.105]
      },
      "kind of anisotropy": {
        "value": "easy plane"
      },
      "anisotropy info": {
        "value": "software VASP (vasp.5.4.4) with spin-orbit coupling, k-points mesh 16x16x9, Ecut-off=401.952 eV, PAW_PBE, Co:PAW_PBE:02Aug2007, Ge:PAW_PBE:05Jan2001, Pressure=0.0 kbar, temperature=0K"
      },
      "exchange integrals": {
        "value": null
      },
      "exchange info": {
        "value": null
      },
      "magnetic order": {
        "value": null
      },
      "curie temperature": {
        "value": null
      },
      "curie temperature info": {
        "value": null
      },
      "anisotropy field": {
        "value": null
      },
      "remanence": {
        "value": null
      },
      "coercivity": {
        "value": null
      },
      "energy product": {
        "value": null
      },
      "hysteresis info": {
        "value": null
      },
      "domain wall width": {
        "value": null
      },
      "domain wall info": {
        "value": null
      },
      "exchange stiffness": {
        "value": null
      },
      "exchange stiffness info": {
        "value": null
      }
    },
    "additional information": {
      "authors": {
        "value": ["ICCRAM"]
      },
      "reference": {
        "value": "S. Curtarolo et al. Computational Materials Science 58 (2012) 218-226"
      },
      "comments": {
        "value": null
      },
      "attached files": {
        "value": [
"Co6Ge2_#139_1A.cif",
"CONTCAR_Co6Ge2_#139_1A",
"Co6Ge2_#139_1A.png"
]
      },
      "attached files info": {
        "value": null
      }
    }
  }
}
