{
  "confidential": {
  "value": false
  }, 
  "name": "NOVAMAG_theory_ICCRAM_Co2Zn2_#129_1A",
  "properties": {
    "approach": {
      "value": "theory"
    },
    "summary": {
      "value": "crystal, energy, magnetization, MAE"
    },
    "chemistry": {
      "chemical formula": {
        "value": "Co2Zn2"
      },
      "production info": {
        "value": "initial POSCAR from AFLOW library http://aflow.org/material.php?id=CoZn/77"
      }
    },
    "crystal": {
      "compound space group": {
        "value": 129
      },
      "unit cell volume": {
        "value": 49.651263
      },
      "lattice parameters": {
        "value": [
          2.66427,
          2.66427,
          6.99479
        ]
      },
      "lattice angles": {
        "value": [
          90.00000,
          90.00000,
          90.00000
        ]
      },
      "atomic positions": {
        "value": [
"Co1(2c)",
0.25000,
0.25000,
0.10529,
"Zn1(2c)",
0.25000,
0.25000,
0.64643
]
      },
      "crystal info": {
        "value": "software VASP (vasp.5.4.4), k-points mesh 23x23x9, Ecut-off=415.084 eV, PAW_PBE, Co:PAW_PBE:02Aug2007, Zn:PAW_PBE:06Sep2000, Pressure=0.0 kbar, temperature=0K"
      }
    },
    "thermodynamics": {
      "unit cell energy": {
        "value": -16.36389363
      },
      "unit cell formation enthalpy": {
        "value": -0.080089
      },
      "energy info": {
        "value": "software VASP (vasp.5.4.4), k-points mesh 23x23x9, Ecut-off=415.084 eV, PAW_PBE, Co:PAW_PBE:02Aug2007, Zn:PAW_PBE:06Sep2000, Pressure=0.0 kbar, temperature=0K"
      },
      "interatomic potentials info": {
        "value": null
      },
      "magnetic free energy": {
        "value": null
      },
      "magnetic free energy info": {
        "value": null
      }
    },
    "magnetics": {
      "unit cell spin polarization": {
        "value": 2.715
      },
      "atomic spin specie": {
        "value": [
"1 Co",
1.389,
"2 Co",
1.389,
"3 Zn",
-0.031,
"4 Zn",
-0.031
]
      },
      "saturation magnetization": {
        "value": 0.637
      },
      "magnetization temperature": {
        "value": 0
      },
      "magnetization info": {
        "value": "software VASP (vasp.5.4.4), k-points mesh 23x23x9, Ecut-off=415.084 eV, PAW_PBE, Co:PAW_PBE:02Aug2007, Zn:PAW_PBE:06Sep2000, Pressure=0.0 kbar, temperature=0K"
      },
      "magnetocrystalline anisotropy energy": {
        "value": [
0.0000000000000000,0,1.0000000000000000,-16.39001183,0.2588190451025207,0,0.9659258262890683,-16.39001519,0.5000000000000000,0,0.8660254037844386,-16.39002454,0.7071067811865476,0,0.7071067811865476,-16.39003753,0.8660254037844386,0,0.5000000000000000,-16.39005089,1.0000000000000000,0,0.0000000000000000,-16.39006499]
      },
      "anisotropy energy type": {
        "value": "uniaxial"
      },
      "magnetocrystalline anisotropy constants": {
        "value": [
-0.160,-0.011]
      },
      "kind of anisotropy": {
        "value": "easy plane"
      },
      "anisotropy info": {
        "value": "software VASP (vasp.5.4.4) with spin-orbit coupling, k-points mesh 23x23x9, Ecut-off=415.084 eV, PAW_PBE, Co:PAW_PBE:02Aug2007, Zn:PAW_PBE:06Sep2000, Pressure=0.0 kbar, temperature=0K"
      },
      "exchange integrals": {
        "value": null
      },
      "exchange info": {
        "value": null
      },
      "magnetic order": {
        "value": null
      },
      "curie temperature": {
        "value": null
      },
      "curie temperature info": {
        "value": null
      },
      "anisotropy field": {
        "value": null
      },
      "remanence": {
        "value": null
      },
      "coercivity": {
        "value": null
      },
      "energy product": {
        "value": null
      },
      "hysteresis info": {
        "value": null
      },
      "domain wall width": {
        "value": null
      },
      "domain wall info": {
        "value": null
      },
      "exchange stiffness": {
        "value": null
      },
      "exchange stiffness info": {
        "value": null
      }
    },
    "additional information": {
      "authors": {
        "value": ["ICCRAM"]
      },
      "reference": {
        "value": "S. Curtarolo et al. Computational Materials Science 58 (2012) 218-226"
      },
      "comments": {
        "value": null
      },
      "attached files": {
        "value": [
"Co2Zn2_#129_1A.cif",
"CONTCAR_Co2Zn2_#129_1A",
"Co2Zn2_#129_1A.png"
]
      },
      "attached files info": {
        "value": null
      }
    }
  }
}
