{
  "confidential": {
  "value": false
  }, 
  "name": "NOVAMAG_theory_ICCRAM_Co4Zn2_#139_1A",
  "properties": {
    "approach": {
      "value": "theory"
    },
    "summary": {
      "value": "crystal, energy, magnetization, MAE"
    },
    "chemistry": {
      "chemical formula": {
        "value": "Co4Zn2"
      },
      "production info": {
        "value": "initial POSCAR from AFLOW library http://aflow.org/material.php?id=CoZn/67"
      }
    },
    "crystal": {
      "compound space group": {
        "value": 139
      },
      "unit cell volume": {
        "value": 70.028512
      },
      "lattice parameters": {
        "value": [
          2.61760,
          2.61760,
          10.22044
        ]
      },
      "lattice angles": {
        "value": [
          90.00000,
          90.00000,
          90.00000
        ]
      },
      "atomic positions": {
        "value": [
"Co1(4e)",
0.00000,
0.00000,
0.32411,
"Zn1(2a)",
0.00000,
0.00000,
0.00000
]
      },
      "crystal info": {
        "value": "software VASP (vasp.5.4.4), k-points mesh 23x23x6, Ecut-off=415.084 eV, PAW_PBE, Co:PAW_PBE:02Aug2007, Zn:PAW_PBE:06Sep2000, Pressure=0.0 kbar, temperature=0K"
      }
    },
    "thermodynamics": {
      "unit cell energy": {
        "value": -30.43667076
      },
      "unit cell formation enthalpy": {
        "value": -0.081653
      },
      "energy info": {
        "value": "software VASP (vasp.5.4.4), k-points mesh 23x23x6, Ecut-off=415.084 eV, PAW_PBE, Co:PAW_PBE:02Aug2007, Zn:PAW_PBE:06Sep2000, Pressure=0.0 kbar, temperature=0K"
      },
      "interatomic potentials info": {
        "value": null
      },
      "magnetic free energy": {
        "value": null
      },
      "magnetic free energy info": {
        "value": null
      }
    },
    "magnetics": {
      "unit cell spin polarization": {
        "value": 5.475
      },
      "atomic spin specie": {
        "value": [
"1 Co",
1.397,
"2 Co",
1.398,
"3 Co",
1.398,
"4 Co",
1.397,
"5 Zn",
-0.057,
"6 Zn",
-0.057
]
      },
      "saturation magnetization": {
        "value": 0.911
      },
      "magnetization temperature": {
        "value": 0
      },
      "magnetization info": {
        "value": "software VASP (vasp.5.4.4), k-points mesh 23x23x6, Ecut-off=415.084 eV, PAW_PBE, Co:PAW_PBE:02Aug2007, Zn:PAW_PBE:06Sep2000, Pressure=0.0 kbar, temperature=0K"
      },
      "magnetocrystalline anisotropy energy": {
        "value": [
0.0000000000000000,0,1.0000000000000000,-30.47926011,0.2588190451025207,0,0.9659258262890683,-30.47928542,0.5000000000000000,0,0.8660254037844386,-30.47935635,0.7071067811865476,0,0.7071067811865476,-30.47945411,0.8660254037844386,0,0.5000000000000000,-30.47955199,1.0000000000000000,0,0.0000000000000000,-30.47965146]
      },
      "anisotropy energy type": {
        "value": "uniaxial"
      },
      "magnetocrystalline anisotropy constants": {
        "value": [
-0.878,-0.017]
      },
      "kind of anisotropy": {
        "value": "easy plane"
      },
      "anisotropy info": {
        "value": "software VASP (vasp.5.4.4) with spin-orbit coupling, k-points mesh 23x23x6, Ecut-off=415.084 eV, PAW_PBE, Co:PAW_PBE:02Aug2007, Zn:PAW_PBE:06Sep2000, Pressure=0.0 kbar, temperature=0K"
      },
      "exchange integrals": {
        "value": null
      },
      "exchange info": {
        "value": null
      },
      "magnetic order": {
        "value": null
      },
      "curie temperature": {
        "value": null
      },
      "curie temperature info": {
        "value": null
      },
      "anisotropy field": {
        "value": null
      },
      "remanence": {
        "value": null
      },
      "coercivity": {
        "value": null
      },
      "energy product": {
        "value": null
      },
      "hysteresis info": {
        "value": null
      },
      "domain wall width": {
        "value": null
      },
      "domain wall info": {
        "value": null
      },
      "exchange stiffness": {
        "value": null
      },
      "exchange stiffness info": {
        "value": null
      }
    },
    "additional information": {
      "authors": {
        "value": ["ICCRAM"]
      },
      "reference": {
        "value": "S. Curtarolo et al. Computational Materials Science 58 (2012) 218-226"
      },
      "comments": {
        "value": null
      },
      "attached files": {
        "value": [
"Co4Zn2_#139_1A.cif",
"CONTCAR_Co4Zn2_#139_1A",
"Co4Zn2_#139_1A.png"
]
      },
      "attached files info": {
        "value": null
      }
    }
  }
}
